{"type":"FeatureCollection","features":[{"type":"Feature","geometry":{"type":"Point","coordinates":[131.256,-7.995]},"properties":{"PipelineName":"Abadi LNG Terminal","SegmentName":"","Status":"proposed","Wiki":"https://www.gem.wiki/Abadi_LNG_Terminal","ProjectID":"T100000130274","UnitID":"G100002027401","CountriesOrAreas":"Indonesia","StartState/Province":"","StartLocation":"Indonesia","Owner":"INPEX Masela Ltd [100%]","Operator":"INPEX Masela","StartYear1":"","FuelType":"LNG","FacilityType":"export","LocationAccuracy":"approximate","Capacity":"9.5","CapacityUnits":"mtpa","CapacityMapScale":221350.0,"Tracker":"GGIT-LNG"}},{"type":"Feature","geometry":{"type":"Point","coordinates":[-89.848026,13.58263]},"properties":{"PipelineName":"Acajutla FSRU","SegmentName":"","Status":"operating","Wiki":"https://www.gem.wiki/Acajutla_FSRU","ProjectID":"T100000130680","UnitID":"G100002068000","CountriesOrAreas":"El Salvador","StartState/Province":"Sonsonate","StartLocation":"Sonsonate, El Salvador","Owner":"Energía del Pacífico Ltda [100%]","Operator":"BW LNG; Energía del Pacífico; Invenergy","StartYear1":"2022","FuelType":"LNG","FacilityType":"import","LocationAccuracy":"exact","Capacity":"280","CapacityUnits":"MMcf/d","CapacityMapScale":50039.1,"Tracker":"GGIT-LNG"}},{"type":"Feature","geometry":{"type":"Point","coordinates":[5.083679,5.550936]},"properties":{"PipelineName":"Ace Gas Nigeria FLNG Terminal","SegmentName":"","Status":"proposed","Wiki":"https://www.gem.wiki/Ace_Gas_Nigeria_FLNG_Terminal","ProjectID":"T100000131168","UnitID":"G100002116801","CountriesOrAreas":"Nigeria","StartState/Province":"","StartLocation":"Nigeria","Owner":"Ace Gas & FLNG Company Ltd [100%]","Operator":"","StartYear1":"","FuelType":"LNG","FacilityType":"export","LocationAccuracy":"approximate","Capacity":"3","CapacityUnits":"mtpa","CapacityMapScale":69900.0,"Tracker":"GGIT-LNG"}},{"type":"Feature","geometry":{"type":"Point","coordinates":[91.869445,21.520521]},"properties":{"PipelineName":"ACWA LNG Terminal","SegmentName":"","Status":"cancelled","Wiki":"https://www.gem.wiki/ACWA_LNG_Terminal","ProjectID":"T100000131142","UnitID":"G100002114200","CountriesOrAreas":"Bangladesh","StartState/Province":"Chittagong","StartLocation":"Chittagong, Bangladesh","Owner":"ACWA Power Co [100%]","Operator":"","StartYear1":"","FuelType":"LNG","FacilityType":"import","LocationAccuracy":"approximate","Capacity":"","CapacityUnits":"","CapacityMapScale":"","Tracker":"GGIT-LNG"}},{"type":"Feature","geometry":{"type":"Point","coordinates":[14.554167,45.211944]},"properties":{"PipelineName":"Adria LNG Terminal","SegmentName":"","Status":"cancelled","Wiki":"https://www.gem.wiki/Adria_LNG_Terminal","ProjectID":"T100000130428","UnitID":"G100002042800","CountriesOrAreas":"Croatia","StartState/Province":"Primorje-Gorski Kotar","StartLocation":"Primorje-Gorski Kotar, Croatia","Owner":"E.ON SE; Geoplin [TO BE DELETED]; OMV AG; RWE AG; TotalEnergies SE","Operator":"","StartYear1":"","FuelType":"LNG","FacilityType":"import","LocationAccuracy":"approximate","Capacity":"7","CapacityUnits":"mtpa","CapacityMapScale":163100.0,"Tracker":"GGIT-LNG"}},{"type":"Feature","geometry":{"type":"Point","coordinates":[12.586111,45.091667]},"properties":{"PipelineName":"Adriatic LNG Terminal","SegmentName":"Unit Capacity Expansion","Status":"operating","Wiki":"https://www.gem.wiki/Adriatic_LNG_Terminal","ProjectID":"T100000130466","UnitID":"G100001055461","CountriesOrAreas":"Italy","StartState/Province":"Veneto","StartLocation":"Veneto, Italy","Owner":"Adriatic LNG SRL [100%]","Operator":"Adriatic LNG","StartYear1":"2026","FuelType":"LNG","FacilityType":"import","LocationAccuracy":"exact","Capacity":"0.5","CapacityUnits":"bcm/y","CapacityMapScale":8562.8,"Tracker":"GGIT-LNG"}},{"type":"Feature","geometry":{"type":"Point","coordinates":[12.586111,45.091667]},"properties":{"PipelineName":"Adriatic LNG Terminal","SegmentName":"","Status":"operating","Wiki":"https://www.gem.wiki/Adriatic_LNG_Terminal","ProjectID":"T100000130466","UnitID":"G100002046600","CountriesOrAreas":"Italy","StartState/Province":"Veneto","StartLocation":"Veneto, Italy","Owner":"Adriatic LNG SRL [100%]","Operator":"Adriatic LNG","StartYear1":"2009","FuelType":"LNG","FacilityType":"import","LocationAccuracy":"exact","Capacity":"9","CapacityUnits":"bcm/y","CapacityMapScale":154129.5,"Tracker":"GGIT-LNG"}},{"type":"Feature","geometry":{"type":"Point","coordinates":[-66.23061,17.904111]},"properties":{"PipelineName":"Aguirre GasPort FSRU","SegmentName":"","Status":"proposed","Wiki":"https://www.gem.wiki/Aguirre_GasPort_FSRU","ProjectID":"T100000130577","UnitID":"G100002057700","CountriesOrAreas":"Puerto Rico","StartState/Province":"","StartLocation":"Puerto Rico","Owner":"Excelerate Energy LP [100%]","Operator":"","StartYear1":"","FuelType":"LNG","FacilityType":"import","LocationAccuracy":"exact","Capacity":"3.8","CapacityUnits":"mtpa","CapacityMapScale":88540.0,"Tracker":"GGIT-LNG"}},{"type":"Feature","geometry":{"type":"Point","coordinates":[96.120054,16.789024]},"properties":{"PipelineName":"Ahlone LNG Terminal","SegmentName":"","Status":"cancelled","Wiki":"https://www.gem.wiki/Ahlone_LNG_Terminal","ProjectID":"T100000130878","UnitID":"G100002087800","CountriesOrAreas":"Myanmar","StartState/Province":"Yangon","StartLocation":"Yangon, Myanmar","Owner":"TTCL Power Myanmar Co Ltd [100%]","Operator":"TTCL Power Myanmar","StartYear1":"","FuelType":"LNG","FacilityType":"import","LocationAccuracy":"approximate","Capacity":"","CapacityUnits":"","CapacityMapScale":"","Tracker":"GGIT-LNG"}},{"type":"Feature","geometry":{"type":"Point","coordinates":[32.3584733,29.6425848]},"properties":{"PipelineName":"Ain Sokhna FSRU","SegmentName":"Unit Energos Power","Status":"operating","Wiki":"https://www.gem.wiki/Ain_Sokhna_FSRU","ProjectID":"T100000130685","UnitID":"G100001054589","CountriesOrAreas":"Egypt","StartState/Province":"","StartLocation":"Egypt","Owner":"Egyptian Natural Gas Holding [TO BE DELETED] Co [100%]","Operator":"","StartYear1":"2025","FuelType":"LNG","FacilityType":"import","LocationAccuracy":"exact","Capacity":"7.5","CapacityUnits":"bcm/y","CapacityMapScale":128441.2,"Tracker":"GGIT-LNG"}},{"type":"Feature","geometry":{"type":"Point","coordinates":[32.3584733,29.6425848]},"properties":{"PipelineName":"Ain Sokhna FSRU","SegmentName":"Unit BW Singapore","Status":"retired","Wiki":"https://www.gem.wiki/Ain_Sokhna_FSRU","ProjectID":"T100000130685","UnitID":"G100001093673","CountriesOrAreas":"Egypt","StartState/Province":"","StartLocation":"Egypt","Owner":"Egyptian Natural Gas Holding [TO BE DELETED] Co [100%]","Operator":"","StartYear1":"2015","FuelType":"LNG","FacilityType":"import","LocationAccuracy":"exact","Capacity":"5.7","CapacityUnits":"mtpa","CapacityMapScale":132810.0,"Tracker":"GGIT-LNG"}},{"type":"Feature","geometry":{"type":"Point","coordinates":[32.3584733,29.6425848]},"properties":{"PipelineName":"Ain Sokhna FSRU","SegmentName":"Unit Höegh Gallant","Status":"retired","Wiki":"https://www.gem.wiki/Ain_Sokhna_FSRU","ProjectID":"T100000130685","UnitID":"G100001093676","CountriesOrAreas":"Egypt","StartState/Province":"","StartLocation":"Egypt","Owner":"Egyptian Natural Gas Holding [TO BE DELETED] Co [100%]","Operator":"","StartYear1":"2015","FuelType":"LNG","FacilityType":"import","LocationAccuracy":"exact","Capacity":"5.2","CapacityUnits":"bcm/y","CapacityMapScale":89052.6,"Tracker":"GGIT-LNG"}},{"type":"Feature","geometry":{"type":"Point","coordinates":[9.639333,1.056451]},"properties":{"PipelineName":"Akonikien LNG Terminal","SegmentName":"","Status":"cancelled","Wiki":"https://www.gem.wiki/Akonikien_LNG_Terminal","ProjectID":"T100000130787","UnitID":"G100002078700","CountriesOrAreas":"Equatorial Guinea","StartState/Province":"","StartLocation":"Equatorial Guinea","Owner":"Government of Equatorial Guinea","Operator":"","StartYear1":"","FuelType":"LNG","FacilityType":"import","LocationAccuracy":"approximate","Capacity":"","CapacityUnits":"","CapacityMapScale":"","Tracker":"GGIT-LNG"}},{"type":"Feature","geometry":{"type":"Point","coordinates":[-149.91703,61.268424]},"properties":{"PipelineName":"Alaska Japan LNG Terminal","SegmentName":"","Status":"cancelled","Wiki":"https://www.gem.wiki/Alaska_Japan_LNG_Terminal","ProjectID":"T100000130689","UnitID":"G100002068901","CountriesOrAreas":"United States","StartState/Province":"","StartLocation":"United States","Owner":"Resources Energy Inc [100%]","Operator":"","StartYear1":"","FuelType":"LNG","FacilityType":"export","LocationAccuracy":"approximate","Capacity":"1","CapacityUnits":"mtpa","CapacityMapScale":23300.0,"Tracker":"GGIT-LNG"}},{"type":"Feature","geometry":{"type":"Point","coordinates":[-151.36505,60.65996]},"properties":{"PipelineName":"Alaska LNG Terminal","SegmentName":"Unit T1","Status":"proposed","Wiki":"https://www.gem.wiki/Alaska_LNG_Terminal","ProjectID":"T100000130206","UnitID":"G100002020601","CountriesOrAreas":"United States","StartState/Province":"Alaska","StartLocation":"Alaska, United States","Owner":"Glenfarne Alaska LNG LLC [75%]; Alaska Gasline Development Corp [25%]","Operator":"","StartYear1":"","FuelType":"LNG","FacilityType":"export","LocationAccuracy":"exact","Capacity":"6.67","CapacityUnits":"mtpa","CapacityMapScale":155411.0,"Tracker":"GGIT-LNG"}},{"type":"Feature","geometry":{"type":"Point","coordinates":[-151.36505,60.65996]},"properties":{"PipelineName":"Alaska LNG Terminal","SegmentName":"Unit T2","Status":"proposed","Wiki":"https://www.gem.wiki/Alaska_LNG_Terminal","ProjectID":"T100000130206","UnitID":"G100002020602","CountriesOrAreas":"United States","StartState/Province":"Alaska","StartLocation":"Alaska, United States","Owner":"Glenfarne Alaska LNG LLC [75%]; Alaska Gasline Development Corp [25%]","Operator":"","StartYear1":"","FuelType":"LNG","FacilityType":"export","LocationAccuracy":"exact","Capacity":"6.67","CapacityUnits":"mtpa","CapacityMapScale":155411.0,"Tracker":"GGIT-LNG"}},{"type":"Feature","geometry":{"type":"Point","coordinates":[-151.36505,60.65996]},"properties":{"PipelineName":"Alaska LNG Terminal","SegmentName":"Unit T3","Status":"proposed","Wiki":"https://www.gem.wiki/Alaska_LNG_Terminal","ProjectID":"T100000130206","UnitID":"G100002020603","CountriesOrAreas":"United States","StartState/Province":"Alaska","StartLocation":"Alaska, United States","Owner":"Glenfarne Alaska LNG LLC [75%]; Alaska Gasline Development Corp [25%]","Operator":"","StartYear1":"","FuelType":"LNG","FacilityType":"export","LocationAccuracy":"exact","Capacity":"6.67","CapacityUnits":"mtpa","CapacityMapScale":155411.0,"Tracker":"GGIT-LNG"}},{"type":"Feature","geometry":{"type":"Point","coordinates":[25.7162476,40.7597406]},"properties":{"PipelineName":"Alexandroupolis FSRU","SegmentName":"","Status":"operating","Wiki":"https://www.gem.wiki/Alexandroupolis_FSRU","ProjectID":"T100000130681","UnitID":"G100002068100","CountriesOrAreas":"Greece","StartState/Province":"","StartLocation":"Greece","Owner":"Gastrade AE [100%]","Operator":"Gastrade","StartYear1":"2024","FuelType":"LNG","FacilityType":"import","LocationAccuracy":"exact","Capacity":"5.5","CapacityUnits":"bcm/y","CapacityMapScale":94190.2,"Tracker":"GGIT-LNG"}},{"type":"Feature","geometry":{"type":"Point","coordinates":[48.4358751,29.8955]},"properties":{"PipelineName":"Al-Faw FSRU Terminal","SegmentName":"","Status":"proposed","Wiki":"https://www.gem.wiki/Al-Faw_FSRU_Terminal","ProjectID":"T100000131158","UnitID":"G100002115800","CountriesOrAreas":"Iraq","StartState/Province":"Basrah Governorate","StartLocation":"Basrah Governorate, Iraq","Owner":"South Gas Co","Operator":"","StartYear1":"","FuelType":"LNG","FacilityType":"import","LocationAccuracy":"approximate","Capacity":"1","CapacityUnits":"bcf/d","CapacityMapScale":178711.0,"Tracker":"GGIT-LNG"}},{"type":"Feature","geometry":{"type":"Point","coordinates":[-97.8947,22.4944]},"properties":{"PipelineName":"Altamira LNG Terminal","SegmentName":"","Status":"operating","Wiki":"https://www.gem.wiki/Altamira_LNG_Terminal","ProjectID":"T100000130570","UnitID":"G100002057000","CountriesOrAreas":"Mexico","StartState/Province":"Tamaulipas","StartLocation":"Tamaulipas, Mexico","Owner":"Royal Vopak NV [60%]; Enagás SA [40%]","Operator":"","StartYear1":"2006","FuelType":"LNG","FacilityType":"import","LocationAccuracy":"exact","Capacity":"5.7","CapacityUnits":"mtpa","CapacityMapScale":132810.0,"Tracker":"GGIT-LNG"}},{"type":"Feature","geometry":{"type":"Point","coordinates":[-93.94,29.885]},"properties":{"PipelineName":"Alturas LNG Terminal","SegmentName":"","Status":"cancelled","Wiki":"https://www.gem.wiki/Alturas_LNG_Terminal","ProjectID":"T100000130207","UnitID":"G100002020701","CountriesOrAreas":"United States","StartState/Province":"Texas","StartLocation":"Texas, United States","Owner":"Alturas LLC [100%]","Operator":"","StartYear1":"","FuelType":"LNG","FacilityType":"export","LocationAccuracy":"approximate","Capacity":"1.5","CapacityUnits":"mtpa","CapacityMapScale":34950.0,"Tracker":"GGIT-LNG"}},{"type":"Feature","geometry":{"type":"Point","coordinates":[-74.7530689,10.9714754]},"properties":{"PipelineName":"Amazónica LNG Terminal","SegmentName":"","Status":"proposed","Wiki":"https://www.gem.wiki/Amazónica_LNG_Terminal","ProjectID":"T100001083292","UnitID":"G100001094047","CountriesOrAreas":"Colombia","StartState/Province":"Magdalena","StartLocation":"Magdalena, Colombia","Owner":"Amazónica LNG SASESP [100%]","Operator":"","StartYear1":"","FuelType":"LNG","FacilityType":"import","LocationAccuracy":"approximate","Capacity":"150","CapacityUnits":"MMcf/d","CapacityMapScale":26806.6,"Tracker":"GGIT-LNG"}},{"type":"Feature","geometry":{"type":"Point","coordinates":[-93.665566,29.259765]},"properties":{"PipelineName":"American Coast LNG Terminal","SegmentName":"Unit Phase 2","Status":"cancelled","Wiki":"https://www.gem.wiki/American_Coast_LNG_Terminal","ProjectID":"T100000130678","UnitID":"G100001055825","CountriesOrAreas":"United States","StartState/Province":"","StartLocation":"United States","Owner":"General American LNG LLC [100%]","Operator":"","StartYear1":"","FuelType":"LNG","FacilityType":"export","LocationAccuracy":"approximate","Capacity":"","CapacityUnits":"","CapacityMapScale":"","Tracker":"GGIT-LNG"}},{"type":"Feature","geometry":{"type":"Point","coordinates":[-93.665566,29.259765]},"properties":{"PipelineName":"American Coast LNG Terminal","SegmentName":"Unit Phase 1","Status":"cancelled","Wiki":"https://www.gem.wiki/American_Coast_LNG_Terminal","ProjectID":"T100000130678","UnitID":"G100002067801","CountriesOrAreas":"United States","StartState/Province":"","StartLocation":"United States","Owner":"General American LNG LLC [100%]","Operator":"","StartYear1":"","FuelType":"LNG","FacilityType":"export","LocationAccuracy":"approximate","Capacity":"8","CapacityUnits":"mtpa","CapacityMapScale":186400.0,"Tracker":"GGIT-LNG"}},{"type":"Feature","geometry":{"type":"Point","coordinates":[-80.82,28.591111]},"properties":{"PipelineName":"American LNG Titusville Terminal","SegmentName":"","Status":"cancelled","Wiki":"https://www.gem.wiki/American_LNG_Titusville_Terminal","ProjectID":"T100000130209","UnitID":"G100002020901","CountriesOrAreas":"United States","StartState/Province":"Florida","StartLocation":"Florida, United States","Owner":"American LNG Marketing LLC [100%]","Operator":"","StartYear1":"","FuelType":"LNG","FacilityType":"export","LocationAccuracy":"approximate","Capacity":"0.08","CapacityUnits":"bcf/d","CapacityMapScale":14296.9,"Tracker":"GGIT-LNG"}},{"type":"Feature","geometry":{"type":"Point","coordinates":[-110.868082,27.922867]},"properties":{"PipelineName":"AMIGO FLNG Terminal","SegmentName":"Unit T1","Status":"proposed","Wiki":"https://www.gem.wiki/AMIGO_FLNG_Terminal","ProjectID":"T100000130917","UnitID":"G100002091701","CountriesOrAreas":"Mexico","StartState/Province":"Sonora","StartLocation":"Sonora, Mexico","Owner":"Epcilon LNG LLC; LNG Alliance Pte Ltd","Operator":"","StartYear1":"","FuelType":"LNG","FacilityType":"export","LocationAccuracy":"approximate","Capacity":"4.2","CapacityUnits":"mtpa","CapacityMapScale":97860.0,"Tracker":"GGIT-LNG"}},{"type":"Feature","geometry":{"type":"Point","coordinates":[-110.868082,27.922867]},"properties":{"PipelineName":"AMIGO FLNG Terminal","SegmentName":"Unit T2","Status":"proposed","Wiki":"https://www.gem.wiki/AMIGO_FLNG_Terminal","ProjectID":"T100000130917","UnitID":"G100002091702","CountriesOrAreas":"Mexico","StartState/Province":"Sonora","StartLocation":"Sonora, Mexico","Owner":"Epcilon LNG LLC; LNG Alliance Pte Ltd","Operator":"","StartYear1":"","FuelType":"LNG","FacilityType":"export","LocationAccuracy":"approximate","Capacity":"3.6","CapacityUnits":"mtpa","CapacityMapScale":83880.0,"Tracker":"GGIT-LNG"}},{"type":"Feature","geometry":{"type":"Point","coordinates":[72.6601073,21.1280486]},"properties":{"PipelineName":"AMNS Suvali LNG Terminal","SegmentName":"","Status":"proposed","Wiki":"https://www.gem.wiki/AMNS_Suvali_LNG_Terminal","ProjectID":"T100001050400","UnitID":"G100001058140","CountriesOrAreas":"India","StartState/Province":"","StartLocation":"India","Owner":"ArcelorMittal Nippon Steel India Ltd [100%]","Operator":"","StartYear1":"","FuelType":"LNG","FacilityType":"import","LocationAccuracy":"approximate","Capacity":"5","CapacityUnits":"mtpa","CapacityMapScale":116500.0,"Tracker":"GGIT-LNG"}},{"type":"Feature","geometry":{"type":"Point","coordinates":[124.4785,1.1877]},"properties":{"PipelineName":"Amurang FSRU","SegmentName":"","Status":"retired","Wiki":"https://www.gem.wiki/Amurang_FSRU","ProjectID":"T100000130869","UnitID":"G100002086900","CountriesOrAreas":"Indonesia","StartState/Province":"","StartLocation":"Indonesia","Owner":"Zhejiang Huaxiang","Operator":"PT Sulawesi Satu","StartYear1":"2020","FuelType":"LNG","FacilityType":"import","LocationAccuracy":"exact","Capacity":"0.1","CapacityUnits":"mtpa","CapacityMapScale":2330.0,"Tracker":"GGIT-LNG"}},{"type":"Feature","geometry":{"type":"Point","coordinates":[-77.084809,3.9040345]},"properties":{"PipelineName":"Andes Energy LNG Terminal","SegmentName":"","Status":"proposed","Wiki":"https://www.gem.wiki/Andes_Energy_Terminal","ProjectID":"T100000130960","UnitID":"G100002096000","CountriesOrAreas":"Colombia","StartState/Province":"Valle del Cauca","StartLocation":"Valle del Cauca, Colombia","Owner":"Andes Energy Terminal SAS [100%]","Operator":"","StartYear1":"","FuelType":"LNG","FacilityType":"import","LocationAccuracy":"approximate","Capacity":"","CapacityUnits":"","CapacityMapScale":"","Tracker":"GGIT-LNG"}},{"type":"Feature","geometry":{"type":"Point","coordinates":[-69.628234,18.406993]},"properties":{"PipelineName":"Andrés LNG Terminal","SegmentName":"","Status":"operating","Wiki":"https://www.gem.wiki/Andr%C3%A9s_LNG_Terminal","ProjectID":"T100000130566","UnitID":"G100002056600","CountriesOrAreas":"Dominican Republic","StartState/Province":"Santo Domingo","StartLocation":"Santo Domingo, Dominican Republic","Owner":"AES Corp [65%]; Grupo Linda [15%]; Administradora de Fondos de Inversión Popular SA [10%]; Grupo Estrella Holdings SA [10%]","Operator":"AES Andrés DR","StartYear1":"2003","FuelType":"LNG","FacilityType":"import","LocationAccuracy":"exact","Capacity":"1.9","CapacityUnits":"mtpa","CapacityMapScale":44270.0,"Tracker":"GGIT-LNG"}},{"type":"Feature","geometry":{"type":"Point","coordinates":[12.33596,-6.11957]},"properties":{"PipelineName":"Angola LNG Terminal","SegmentName":"","Status":"operating","Wiki":"https://www.gem.wiki/Angola_LNG_Terminal","ProjectID":"T100000130245","UnitID":"G100002024501","CountriesOrAreas":"Angola","StartState/Province":"Zaire","StartLocation":"Zaire, Angola","Owner":"Angola LNG Ltd [100%]","Operator":"Angola LNG","StartYear1":"2013","FuelType":"LNG","FacilityType":"export","LocationAccuracy":"exact","Capacity":"5.2","CapacityUnits":"mtpa","CapacityMapScale":121160.0,"Tracker":"GGIT-LNG"}},{"type":"Feature","geometry":{"type":"Point","coordinates":[-97.410844,25.950835]},"properties":{"PipelineName":"Annova LNG Terminal","SegmentName":"Unit T1-T6","Status":"cancelled","Wiki":"https://www.gem.wiki/Annova_LNG_Terminal","ProjectID":"T100000130210","UnitID":"G100002021001","CountriesOrAreas":"United States","StartState/Province":"Texas","StartLocation":"Texas, United States","Owner":"Annova LNG Common Infrastructure LLC [100%]","Operator":"","StartYear1":"","FuelType":"LNG","FacilityType":"export","LocationAccuracy":"approximate","Capacity":"6.5","CapacityUnits":"mtpa","CapacityMapScale":151450.0,"Tracker":"GGIT-LNG"}},{"type":"Feature","geometry":{"type":"Point","coordinates":[-61.75587,17.127903]},"properties":{"PipelineName":"Antigua Power LNG Terminal","SegmentName":"","Status":"construction","Wiki":"https://www.gem.wiki/Antigua_Power_LNG_Terminal","ProjectID":"T100000131083","UnitID":"G100002108300","CountriesOrAreas":"Antigua and Barbuda","StartState/Province":"Antigua","StartLocation":"Antigua, Antigua and Barbuda","Owner":"Caribbean LNG [100%]","Operator":"Antigua Power","StartYear1":"","FuelType":"LNG","FacilityType":"import","LocationAccuracy":"exact","Capacity":"","CapacityUnits":"","CapacityMapScale":"","Tracker":"GGIT-LNG"}},{"type":"Feature","geometry":{"type":"Point","coordinates":[34.9635687,29.3752527]},"properties":{"PipelineName":"Aqaba Jordan FSRU","SegmentName":"","Status":"idled","Wiki":"https://www.gem.wiki/Aqaba_Jordan_FSRU","ProjectID":"T100000130591","UnitID":"G100002059100","CountriesOrAreas":"Jordan","StartState/Province":"Aqaba","StartLocation":"Aqaba, Jordan","Owner":"Jordan Ministry of Energy and Mineral Resources [100%]","Operator":"Energos; Excelerate Energy; New Fortress Energy","StartYear1":"2015","FuelType":"LNG","FacilityType":"import","LocationAccuracy":"exact","Capacity":"3.8","CapacityUnits":"mtpa","CapacityMapScale":88540.0,"Tracker":"GGIT-LNG"}},{"type":"Feature","geometry":{"type":"Point","coordinates":[74.05613,70.908942]},"properties":{"PipelineName":"Arctic LNG 1 Terminal","SegmentName":"","Status":"proposed","Wiki":"https://www.gem.wiki/Arctic_LNG_1_Terminal","ProjectID":"T100000130918","UnitID":"G100002091801","CountriesOrAreas":"Russia","StartState/Province":"","StartLocation":"Russia","Owner":"Arctic LNG 1 [100%]","Operator":"Arctic LNG 1","StartYear1":"","FuelType":"LNG","FacilityType":"export","LocationAccuracy":"approximate","Capacity":"19.8","CapacityUnits":"mtpa","CapacityMapScale":461340.0,"Tracker":"GGIT-LNG"}},{"type":"Feature","geometry":{"type":"Point","coordinates":[73.8411287,70.9977703]},"properties":{"PipelineName":"Arctic LNG 2 Terminal","SegmentName":"Unit T1","Status":"operating","Wiki":"https://www.gem.wiki/Arctic_LNG_2_Terminal","ProjectID":"T100000130520","UnitID":"G100002052001","CountriesOrAreas":"Russia","StartState/Province":"Yamalo-Nenets Autonomous Okrug","StartLocation":"Yamalo-Nenets Autonomous Okrug, Russia","Owner":"Arctic LNG 2 LLC [100%]","Operator":"Arctic LNG 2","StartYear1":"2023","FuelType":"LNG","FacilityType":"export","LocationAccuracy":"exact","Capacity":"6.6","CapacityUnits":"mtpa","CapacityMapScale":153780.0,"Tracker":"GGIT-LNG"}},{"type":"Feature","geometry":{"type":"Point","coordinates":[73.8411287,70.9977703]},"properties":{"PipelineName":"Arctic LNG 2 Terminal","SegmentName":"Unit T2","Status":"operating","Wiki":"https://www.gem.wiki/Arctic_LNG_2_Terminal","ProjectID":"T100000130520","UnitID":"G100002052002","CountriesOrAreas":"Russia","StartState/Province":"Yamalo-Nenets Autonomous Okrug","StartLocation":"Yamalo-Nenets Autonomous Okrug, Russia","Owner":"Arctic LNG 2 LLC [100%]","Operator":"Arctic LNG 2","StartYear1":"2025","FuelType":"LNG","FacilityType":"export","LocationAccuracy":"exact","Capacity":"6.6","CapacityUnits":"mtpa","CapacityMapScale":153780.0,"Tracker":"GGIT-LNG"}},{"type":"Feature","geometry":{"type":"Point","coordinates":[73.8411287,70.9977703]},"properties":{"PipelineName":"Arctic LNG 2 Terminal","SegmentName":"Unit T3","Status":"construction","Wiki":"https://www.gem.wiki/Arctic_LNG_2_Terminal","ProjectID":"T100000130520","UnitID":"G100002052003","CountriesOrAreas":"Russia","StartState/Province":"Yamalo-Nenets Autonomous Okrug","StartLocation":"Yamalo-Nenets Autonomous Okrug, Russia","Owner":"Arctic LNG 2 LLC [100%]","Operator":"Arctic LNG 2","StartYear1":"","FuelType":"LNG","FacilityType":"export","LocationAccuracy":"exact","Capacity":"6.6","CapacityUnits":"mtpa","CapacityMapScale":153780.0,"Tracker":"GGIT-LNG"}},{"type":"Feature","geometry":{"type":"Point","coordinates":[73.847129,72.56577]},"properties":{"PipelineName":"Arctic LNG 3 Terminal","SegmentName":"","Status":"shelved","Wiki":"https://www.gem.wiki/Arctic_LNG_3_Terminal","ProjectID":"T100000131066","UnitID":"G100002106601","CountriesOrAreas":"Russia","StartState/Province":"","StartLocation":"Russia","Owner":"Arctic LNG 3 LLC [100%]","Operator":"","StartYear1":"","FuelType":"LNG","FacilityType":"export","LocationAccuracy":"approximate","Capacity":"19.8","CapacityUnits":"mtpa","CapacityMapScale":461340.0,"Tracker":"GGIT-LNG"}},{"type":"Feature","geometry":{"type":"Point","coordinates":[-65.08253,-41.11535]},"properties":{"PipelineName":"Argentina LNG Terminal","SegmentName":"Unit Phase 1.2  (Golar MK II FLNG)","Status":"proposed","Wiki":"https://www.gem.wiki/Argentina_LNG_Terminal","ProjectID":"T100000130832","UnitID":"G100001062165","CountriesOrAreas":"Argentina","StartState/Province":"Río Negro","StartLocation":"Río Negro, Argentina","Owner":"","Operator":"","StartYear1":"","FuelType":"LNG","FacilityType":"export","LocationAccuracy":"approximate","Capacity":"3.5","CapacityUnits":"mtpa","CapacityMapScale":81550.0,"Tracker":"GGIT-LNG"}},{"type":"Feature","geometry":{"type":"Point","coordinates":[-65.08253,-41.11535]},"properties":{"PipelineName":"Argentina LNG Terminal","SegmentName":"Unit Phase 2","Status":"proposed","Wiki":"https://www.gem.wiki/Argentina_LNG_Terminal","ProjectID":"T100000130832","UnitID":"G100002083201","CountriesOrAreas":"Argentina","StartState/Province":"Río Negro","StartLocation":"Río Negro, Argentina","Owner":"","Operator":"","StartYear1":"","FuelType":"LNG","FacilityType":"export","LocationAccuracy":"approximate","Capacity":"10","CapacityUnits":"mtpa","CapacityMapScale":233000.0,"Tracker":"GGIT-LNG"}},{"type":"Feature","geometry":{"type":"Point","coordinates":[-65.08253,-41.11535]},"properties":{"PipelineName":"Argentina LNG Terminal","SegmentName":"Unit Phase 3","Status":"proposed","Wiki":"https://www.gem.wiki/Argentina_LNG_Terminal","ProjectID":"T100000130832","UnitID":"G100002083202","CountriesOrAreas":"Argentina","StartState/Province":"Río Negro","StartLocation":"Río Negro, Argentina","Owner":"","Operator":"","StartYear1":"","FuelType":"LNG","FacilityType":"export","LocationAccuracy":"approximate","Capacity":"12","CapacityUnits":"mtpa","CapacityMapScale":279600.0,"Tracker":"GGIT-LNG"}},{"type":"Feature","geometry":{"type":"Point","coordinates":[-65.08253,-41.11535]},"properties":{"PipelineName":"Argentina LNG Terminal","SegmentName":"Unit Phase 1.1  (Golar Hilli Episeyo FLNG)","Status":"proposed","Wiki":"https://www.gem.wiki/Argentina_LNG_Terminal","ProjectID":"T100000130832","UnitID":"G100002083203","CountriesOrAreas":"Argentina","StartState/Province":"Río Negro","StartLocation":"Río Negro, Argentina","Owner":"","Operator":"","StartYear1":"","FuelType":"LNG","FacilityType":"export","LocationAccuracy":"approximate","Capacity":"2.45","CapacityUnits":"mtpa","CapacityMapScale":57085.0,"Tracker":"GGIT-LNG"}},{"type":"Feature","geometry":{"type":"Point","coordinates":[-90.194444,29.105833]},"properties":{"PipelineName":"Argent LNG Terminal","SegmentName":"Unit Phase 1","Status":"proposed","Wiki":"https://www.gem.wiki/Argent_LNG_Terminal","ProjectID":"T100000131163","UnitID":"G100002116301","CountriesOrAreas":"United States","StartState/Province":"Louisiana","StartLocation":"Louisiana, United States","Owner":"Argent LNG LLC [100%]","Operator":"Argent LNG","StartYear1":"","FuelType":"LNG","FacilityType":"export","LocationAccuracy":"approximate","Capacity":"12","CapacityUnits":"mtpa","CapacityMapScale":279600.0,"Tracker":"GGIT-LNG"}},{"type":"Feature","geometry":{"type":"Point","coordinates":[-90.194444,29.105833]},"properties":{"PipelineName":"Argent LNG Terminal","SegmentName":"Unit Phase 2","Status":"proposed","Wiki":"https://www.gem.wiki/Argent_LNG_Terminal","ProjectID":"T100000131163","UnitID":"G100002116302","CountriesOrAreas":"United States","StartState/Province":"Louisiana","StartLocation":"Louisiana, United States","Owner":"Argent LNG LLC [100%]","Operator":"Argent LNG","StartYear1":"","FuelType":"LNG","FacilityType":"export","LocationAccuracy":"approximate","Capacity":"13","CapacityUnits":"mtpa","CapacityMapScale":302900.0,"Tracker":"GGIT-LNG"}},{"type":"Feature","geometry":{"type":"Point","coordinates":[22.9324904,39.3512644]},"properties":{"PipelineName":"Argo FSRU","SegmentName":"","Status":"shelved","Wiki":"https://www.gem.wiki/Argo_FSRU","ProjectID":"T100000131007","UnitID":"G100002100700","CountriesOrAreas":"Greece","StartState/Province":"","StartLocation":"Greece","Owner":"Mediterranean Gas [100%]","Operator":"Mediterranean Gas","StartYear1":"","FuelType":"LNG","FacilityType":"import","LocationAccuracy":"approximate","Capacity":"5.2","CapacityUnits":"bcm/y","CapacityMapScale":89052.6,"Tracker":"GGIT-LNG"}},{"type":"Feature","geometry":{"type":"Point","coordinates":[40.8272159,64.4031577]},"properties":{"PipelineName":"Arkhangelsk LNG Terminal","SegmentName":"Unit Phase I","Status":"shelved","Wiki":"https://www.gem.wiki/Arkhangelsk_LNG_Terminal","ProjectID":"T100000131152","UnitID":"G100002115201","CountriesOrAreas":"Russia","StartState/Province":"Arkhangelsk Oblast","StartLocation":"Arkhangelsk Oblast, Russia","Owner":"Arkhangelsk LNG LLC [100%]","Operator":"Arkhangelsk LNG","StartYear1":"","FuelType":"LNG","FacilityType":"export","LocationAccuracy":"approximate","Capacity":"0.08","CapacityUnits":"mtpa","CapacityMapScale":1864.0,"Tracker":"GGIT-LNG"}},{"type":"Feature","geometry":{"type":"Point","coordinates":[40.8272159,64.4031577]},"properties":{"PipelineName":"Arkhangelsk LNG Terminal","SegmentName":"Unit Phase II","Status":"shelved","Wiki":"https://www.gem.wiki/Arkhangelsk_LNG_Terminal","ProjectID":"T100000131152","UnitID":"G100002115202","CountriesOrAreas":"Russia","StartState/Province":"Arkhangelsk Oblast","StartLocation":"Arkhangelsk Oblast, Russia","Owner":"Arkhangelsk LNG LLC [100%]","Operator":"Arkhangelsk LNG","StartYear1":"","FuelType":"LNG","FacilityType":"export","LocationAccuracy":"approximate","Capacity":"0.08","CapacityUnits":"mtpa","CapacityMapScale":1864.0,"Tracker":"GGIT-LNG"}},{"type":"Feature","geometry":{"type":"Point","coordinates":[151.22954,-23.782522]},"properties":{"PipelineName":"Arrow Energy LNG Terminal","SegmentName":"Unit T1-T4","Status":"cancelled","Wiki":"https://www.gem.wiki/Arrow_Energy_LNG_Terminal","ProjectID":"T100000130326","UnitID":"G100002032601","CountriesOrAreas":"Australia","StartState/Province":"Queensland","StartLocation":"Queensland, Australia","Owner":"PetroChina Co Ltd [50%]; Shell PLC [50%]","Operator":"","StartYear1":"","FuelType":"LNG","FacilityType":"export","LocationAccuracy":"exact","Capacity":"18","CapacityUnits":"mtpa","CapacityMapScale":419400.0,"Tracker":"GGIT-LNG"}},{"type":"Feature","geometry":{"type":"Point","coordinates":[-69.920293,12.435298]},"properties":{"PipelineName":"Aruba LNG Terminal","SegmentName":"","Status":"proposed","Wiki":"https://www.gem.wiki/Aruba_LNG_Terminal","ProjectID":"T100000131116","UnitID":"G100002111600","CountriesOrAreas":"Aruba","StartState/Province":"","StartLocation":"Aruba","Owner":"Eagle LNG Partners Jacksonville LLC; Water- en Energiebedrijf Aruba NV","Operator":"Water- en Energiebedrijf Aruba","StartYear1":"","FuelType":"LNG","FacilityType":"import","LocationAccuracy":"approximate","Capacity":"","CapacityUnits":"","CapacityMapScale":"","Tracker":"GGIT-LNG"}},{"type":"Feature","geometry":{"type":"Point","coordinates":[97.0828,5.223005]},"properties":{"PipelineName":"Arun LNG Terminal","SegmentName":"Unit Import Terminal","Status":"operating","Wiki":"https://www.gem.wiki/Arun_LNG_Terminal","ProjectID":"T100000130275","UnitID":"G100002027500","CountriesOrAreas":"Indonesia","StartState/Province":"","StartLocation":"Indonesia","Owner":"","Operator":"","StartYear1":"2015","FuelType":"LNG","FacilityType":"import","LocationAccuracy":"exact","Capacity":"3","CapacityUnits":"mtpa","CapacityMapScale":69900.0,"Tracker":"GGIT-LNG"}},{"type":"Feature","geometry":{"type":"Point","coordinates":[97.0828,5.223005]},"properties":{"PipelineName":"Arun LNG Terminal","SegmentName":"Unit T1","Status":"retired","Wiki":"https://www.gem.wiki/Arun_LNG_Terminal","ProjectID":"T100000130275","UnitID":"G100002027501","CountriesOrAreas":"Indonesia","StartState/Province":"","StartLocation":"Indonesia","Owner":"","Operator":"","StartYear1":"1974","FuelType":"LNG","FacilityType":"export","LocationAccuracy":"exact","Capacity":"1.7","CapacityUnits":"mtpa","CapacityMapScale":39610.0,"Tracker":"GGIT-LNG"}},{"type":"Feature","geometry":{"type":"Point","coordinates":[97.0828,5.223005]},"properties":{"PipelineName":"Arun LNG Terminal","SegmentName":"Unit T2","Status":"retired","Wiki":"https://www.gem.wiki/Arun_LNG_Terminal","ProjectID":"T100000130275","UnitID":"G100002027502","CountriesOrAreas":"Indonesia","StartState/Province":"","StartLocation":"Indonesia","Owner":"","Operator":"","StartYear1":"1974","FuelType":"LNG","FacilityType":"export","LocationAccuracy":"exact","Capacity":"1.7","CapacityUnits":"mtpa","CapacityMapScale":39610.0,"Tracker":"GGIT-LNG"}},{"type":"Feature","geometry":{"type":"Point","coordinates":[97.0828,5.223005]},"properties":{"PipelineName":"Arun LNG Terminal","SegmentName":"Unit T3","Status":"retired","Wiki":"https://www.gem.wiki/Arun_LNG_Terminal","ProjectID":"T100000130275","UnitID":"G100002027503","CountriesOrAreas":"Indonesia","StartState/Province":"","StartLocation":"Indonesia","Owner":"","Operator":"","StartYear1":"1974","FuelType":"LNG","FacilityType":"export","LocationAccuracy":"exact","Capacity":"1.7","CapacityUnits":"mtpa","CapacityMapScale":39610.0,"Tracker":"GGIT-LNG"}},{"type":"Feature","geometry":{"type":"Point","coordinates":[97.0828,5.223005]},"properties":{"PipelineName":"Arun LNG Terminal","SegmentName":"Unit T4","Status":"retired","Wiki":"https://www.gem.wiki/Arun_LNG_Terminal","ProjectID":"T100000130275","UnitID":"G100002027504","CountriesOrAreas":"Indonesia","StartState/Province":"","StartLocation":"Indonesia","Owner":"","Operator":"","StartYear1":"1983","FuelType":"LNG","FacilityType":"export","LocationAccuracy":"exact","Capacity":"1.75","CapacityUnits":"mtpa","CapacityMapScale":40775.0,"Tracker":"GGIT-LNG"}},{"type":"Feature","geometry":{"type":"Point","coordinates":[97.0828,5.223005]},"properties":{"PipelineName":"Arun LNG Terminal","SegmentName":"Unit T5","Status":"retired","Wiki":"https://www.gem.wiki/Arun_LNG_Terminal","ProjectID":"T100000130275","UnitID":"G100002027505","CountriesOrAreas":"Indonesia","StartState/Province":"","StartLocation":"Indonesia","Owner":"","Operator":"","StartYear1":"1984","FuelType":"LNG","FacilityType":"export","LocationAccuracy":"exact","Capacity":"1.75","CapacityUnits":"mtpa","CapacityMapScale":40775.0,"Tracker":"GGIT-LNG"}},{"type":"Feature","geometry":{"type":"Point","coordinates":[97.0828,5.223005]},"properties":{"PipelineName":"Arun LNG Terminal","SegmentName":"Unit T6","Status":"retired","Wiki":"https://www.gem.wiki/Arun_LNG_Terminal","ProjectID":"T100000130275","UnitID":"G100002027506","CountriesOrAreas":"Indonesia","StartState/Province":"","StartLocation":"Indonesia","Owner":"","Operator":"","StartYear1":"1986","FuelType":"LNG","FacilityType":"export","LocationAccuracy":"exact","Capacity":"1.5","CapacityUnits":"mtpa","CapacityMapScale":34950.0,"Tracker":"GGIT-LNG"}},{"type":"Feature","geometry":{"type":"Point","coordinates":[-0.24097,35.80452]},"properties":{"PipelineName":"Arzew-Bethioua LNG Terminal","SegmentName":"Unit GL4Z","Status":"retired","Wiki":"https://www.gem.wiki/Arzew-Bethioua_LNG_Terminal","ProjectID":"T100000130243","UnitID":"G100002024300","CountriesOrAreas":"Algeria","StartState/Province":"Oran","StartLocation":"Oran, Algeria","Owner":"Sonatrach SpA [100%]","Operator":"Sonatrach","StartYear1":"1964","FuelType":"LNG","FacilityType":"export","LocationAccuracy":"exact","Capacity":"0.9","CapacityUnits":"mtpa","CapacityMapScale":20970.0,"Tracker":"GGIT-LNG"}},{"type":"Feature","geometry":{"type":"Point","coordinates":[-0.24097,35.80452]},"properties":{"PipelineName":"Arzew-Bethioua LNG Terminal","SegmentName":"Unit GL1Z","Status":"operating","Wiki":"https://www.gem.wiki/Arzew-Bethioua_LNG_Terminal","ProjectID":"T100000130243","UnitID":"G100002024301","CountriesOrAreas":"Algeria","StartState/Province":"Oran","StartLocation":"Oran, Algeria","Owner":"Sonatrach SpA [100%]","Operator":"Sonatrach","StartYear1":"1978","FuelType":"LNG","FacilityType":"export","LocationAccuracy":"exact","Capacity":"7.9","CapacityUnits":"mtpa","CapacityMapScale":184070.0,"Tracker":"GGIT-LNG"}},{"type":"Feature","geometry":{"type":"Point","coordinates":[-0.24097,35.80452]},"properties":{"PipelineName":"Arzew-Bethioua LNG Terminal","SegmentName":"Unit GL2Z","Status":"operating","Wiki":"https://www.gem.wiki/Arzew-Bethioua_LNG_Terminal","ProjectID":"T100000130243","UnitID":"G100002024307","CountriesOrAreas":"Algeria","StartState/Province":"Oran","StartLocation":"Oran, Algeria","Owner":"Sonatrach SpA [100%]","Operator":"Sonatrach","StartYear1":"1981","FuelType":"LNG","FacilityType":"export","LocationAccuracy":"exact","Capacity":"8.2","CapacityUnits":"mtpa","CapacityMapScale":191060.0,"Tracker":"GGIT-LNG"}},{"type":"Feature","geometry":{"type":"Point","coordinates":[-0.24097,35.80452]},"properties":{"PipelineName":"Arzew-Bethioua LNG Terminal","SegmentName":"Unit GL3Z","Status":"operating","Wiki":"https://www.gem.wiki/Arzew-Bethioua_LNG_Terminal","ProjectID":"T100000130243","UnitID":"G100002024313","CountriesOrAreas":"Algeria","StartState/Province":"Oran","StartLocation":"Oran, Algeria","Owner":"Sonatrach SpA [100%]","Operator":"Sonatrach","StartYear1":"2014","FuelType":"LNG","FacilityType":"export","LocationAccuracy":"exact","Capacity":"4.7","CapacityUnits":"mtpa","CapacityMapScale":109510.0,"Tracker":"GGIT-LNG"}},{"type":"Feature","geometry":{"type":"Point","coordinates":[121.86168,14.0569]},"properties":{"PipelineName":"Atimonan LNG Terminal","SegmentName":"","Status":"cancelled","Wiki":"https://www.gem.wiki/Atimonan_LNG_Terminal","ProjectID":"T100000131149","UnitID":"G100002114900","CountriesOrAreas":"Philippines","StartState/Province":"Quezon","StartLocation":"Quezon, Philippines","Owner":"Atimonan One Energy Inc [100%]","Operator":"","StartYear1":"","FuelType":"LNG","FacilityType":"import","LocationAccuracy":"approximate","Capacity":"","CapacityUnits":"","CapacityMapScale":"","Tracker":"GGIT-LNG"}},{"type":"Feature","geometry":{"type":"Point","coordinates":[-61.334441,45.548673]},"properties":{"PipelineName":"Atlantic Coast LNG Terminal","SegmentName":"Unit Phase II","Status":"cancelled","Wiki":"https://www.gem.wiki/Atlantic_Coast_LNG_Terminal","ProjectID":"T100000130345","UnitID":"G100001094572","CountriesOrAreas":"Canada","StartState/Province":"Nova Scotia","StartLocation":"Nova Scotia, Canada","Owner":"A.C. LNG Inc [100%]","Operator":"A.C. LNG","StartYear1":"","FuelType":"LNG","FacilityType":"export","LocationAccuracy":"approximate","Capacity":"3.4","CapacityUnits":"mtpa","CapacityMapScale":79220.0,"Tracker":"GGIT-LNG"}},{"type":"Feature","geometry":{"type":"Point","coordinates":[-61.334441,45.548673]},"properties":{"PipelineName":"Atlantic Coast LNG Terminal","SegmentName":"Unit Phase III","Status":"cancelled","Wiki":"https://www.gem.wiki/Atlantic_Coast_LNG_Terminal","ProjectID":"T100000130345","UnitID":"G100001094573","CountriesOrAreas":"Canada","StartState/Province":"Nova Scotia","StartLocation":"Nova Scotia, Canada","Owner":"A.C. LNG Inc [100%]","Operator":"A.C. LNG","StartYear1":"","FuelType":"LNG","FacilityType":"export","LocationAccuracy":"approximate","Capacity":"8.6","CapacityUnits":"mtpa","CapacityMapScale":200380.0,"Tracker":"GGIT-LNG"}},{"type":"Feature","geometry":{"type":"Point","coordinates":[-61.334441,45.548673]},"properties":{"PipelineName":"Atlantic Coast LNG Terminal","SegmentName":"Unit Phase I","Status":"cancelled","Wiki":"https://www.gem.wiki/Atlantic_Coast_LNG_Terminal","ProjectID":"T100000130345","UnitID":"G100002034501","CountriesOrAreas":"Canada","StartState/Province":"Nova Scotia","StartLocation":"Nova Scotia, Canada","Owner":"A.C. LNG Inc [100%]","Operator":"A.C. LNG","StartYear1":"","FuelType":"LNG","FacilityType":"export","LocationAccuracy":"approximate","Capacity":"3.5","CapacityUnits":"mtpa","CapacityMapScale":81550.0,"Tracker":"GGIT-LNG"}},{"type":"Feature","geometry":{"type":"Point","coordinates":[-61.69189,10.18106]},"properties":{"PipelineName":"Atlantic LNG Terminal","SegmentName":"Unit T1","Status":"mothballed","Wiki":"https://www.gem.wiki/Atlantic_LNG_Terminal","ProjectID":"T100000130579","UnitID":"G100002057901","CountriesOrAreas":"Trinidad and Tobago","StartState/Province":"","StartLocation":"Trinidad and Tobago","Owner":"","Operator":"Atlantic LNG","StartYear1":"1999","FuelType":"LNG","FacilityType":"export","LocationAccuracy":"exact","Capacity":"3.3","CapacityUnits":"mtpa","CapacityMapScale":76890.0,"Tracker":"GGIT-LNG"}},{"type":"Feature","geometry":{"type":"Point","coordinates":[-61.69189,10.18106]},"properties":{"PipelineName":"Atlantic LNG Terminal","SegmentName":"Unit T2","Status":"operating","Wiki":"https://www.gem.wiki/Atlantic_LNG_Terminal","ProjectID":"T100000130579","UnitID":"G100002057902","CountriesOrAreas":"Trinidad and Tobago","StartState/Province":"","StartLocation":"Trinidad and Tobago","Owner":"","Operator":"Atlantic LNG","StartYear1":"2002","FuelType":"LNG","FacilityType":"export","LocationAccuracy":"exact","Capacity":"3.4","CapacityUnits":"mtpa","CapacityMapScale":79220.0,"Tracker":"GGIT-LNG"}},{"type":"Feature","geometry":{"type":"Point","coordinates":[-61.69189,10.18106]},"properties":{"PipelineName":"Atlantic LNG Terminal","SegmentName":"Unit T3","Status":"operating","Wiki":"https://www.gem.wiki/Atlantic_LNG_Terminal","ProjectID":"T100000130579","UnitID":"G100002057903","CountriesOrAreas":"Trinidad and Tobago","StartState/Province":"","StartLocation":"Trinidad and Tobago","Owner":"","Operator":"Atlantic LNG","StartYear1":"2003","FuelType":"LNG","FacilityType":"export","LocationAccuracy":"exact","Capacity":"3.4","CapacityUnits":"mtpa","CapacityMapScale":79220.0,"Tracker":"GGIT-LNG"}},{"type":"Feature","geometry":{"type":"Point","coordinates":[-61.69189,10.18106]},"properties":{"PipelineName":"Atlantic LNG Terminal","SegmentName":"Unit T4","Status":"operating","Wiki":"https://www.gem.wiki/Atlantic_LNG_Terminal","ProjectID":"T100000130579","UnitID":"G100002057904","CountriesOrAreas":"Trinidad and Tobago","StartState/Province":"","StartLocation":"Trinidad and Tobago","Owner":"","Operator":"Atlantic LNG","StartYear1":"2007","FuelType":"LNG","FacilityType":"export","LocationAccuracy":"exact","Capacity":"5.2","CapacityUnits":"mtpa","CapacityMapScale":121160.0,"Tracker":"GGIT-LNG"}},{"type":"Feature","geometry":{"type":"Point","coordinates":[-61.69189,10.18106]},"properties":{"PipelineName":"Atlantic LNG Terminal","SegmentName":"Unit T5","Status":"cancelled","Wiki":"https://www.gem.wiki/Atlantic_LNG_Terminal","ProjectID":"T100000130579","UnitID":"G100002057905","CountriesOrAreas":"Trinidad and Tobago","StartState/Province":"","StartLocation":"Trinidad and Tobago","Owner":"","Operator":"Atlantic LNG","StartYear1":"","FuelType":"LNG","FacilityType":"export","LocationAccuracy":"exact","Capacity":"","CapacityUnits":"","CapacityMapScale":"","Tracker":"GGIT-LNG"}},{"type":"Feature","geometry":{"type":"Point","coordinates":[-130.432472,54.619811]},"properties":{"PipelineName":"Aurora LNG Terminal","SegmentName":"Unit Phase 2 (T3-T4)","Status":"cancelled","Wiki":"https://www.gem.wiki/Aurora_LNG_Terminal","ProjectID":"T100000130346","UnitID":"G100001054691","CountriesOrAreas":"Canada","StartState/Province":"British Columbia","StartLocation":"British Columbia, Canada","Owner":"Aurora Liquefied Natural Gas Ltd [100%]","Operator":"","StartYear1":"","FuelType":"LNG","FacilityType":"export","LocationAccuracy":"exact","Capacity":"12","CapacityUnits":"mtpa","CapacityMapScale":279600.0,"Tracker":"GGIT-LNG"}},{"type":"Feature","geometry":{"type":"Point","coordinates":[-130.432472,54.619811]},"properties":{"PipelineName":"Aurora LNG Terminal","SegmentName":"Unit Phase 1 (T1-T2)","Status":"cancelled","Wiki":"https://www.gem.wiki/Aurora_LNG_Terminal","ProjectID":"T100000130346","UnitID":"G100002034601","CountriesOrAreas":"Canada","StartState/Province":"British Columbia","StartLocation":"British Columbia, Canada","Owner":"Aurora Liquefied Natural Gas Ltd [100%]","Operator":"","StartYear1":"","FuelType":"LNG","FacilityType":"export","LocationAccuracy":"exact","Capacity":"12","CapacityUnits":"mtpa","CapacityMapScale":279600.0,"Tracker":"GGIT-LNG"}},{"type":"Feature","geometry":{"type":"Point","coordinates":[132.760471,44.57572]},"properties":{"PipelineName":"Aurora Spassk-Dalny LNG Terminal","SegmentName":"Unit Train 1","Status":"construction","Wiki":"https://www.gem.wiki/Aurora_Spassk-Dalny_LNG_Terminal","ProjectID":"T100001047640","UnitID":"G100001054266","CountriesOrAreas":"Russia","StartState/Province":"Primorsky Krai","StartLocation":"Primorsky Krai, Russia","Owner":"Aurora LNG Spassk-Dalny LLC [100%]","Operator":"Aurora LNG Spassk-Dalny","StartYear1":"","FuelType":"LNG","FacilityType":"export","LocationAccuracy":"approximate","Capacity":"0.02","CapacityUnits":"mtpa","CapacityMapScale":466.0,"Tracker":"GGIT-LNG"}},{"type":"Feature","geometry":{"type":"Point","coordinates":[132.760471,44.57572]},"properties":{"PipelineName":"Aurora Spassk-Dalny LNG Terminal","SegmentName":"Unit Train 2","Status":"construction","Wiki":"https://www.gem.wiki/Aurora_Spassk-Dalny_LNG_Terminal","ProjectID":"T100001047640","UnitID":"G100001054267","CountriesOrAreas":"Russia","StartState/Province":"Primorsky Krai","StartLocation":"Primorsky Krai, Russia","Owner":"Aurora LNG Spassk-Dalny LLC [100%]","Operator":"Aurora LNG Spassk-Dalny","StartYear1":"","FuelType":"LNG","FacilityType":"export","LocationAccuracy":"approximate","Capacity":"0.02","CapacityUnits":"mtpa","CapacityMapScale":466.0,"Tracker":"GGIT-LNG"}},{"type":"Feature","geometry":{"type":"Point","coordinates":[113.214224,-7.7279238]},"properties":{"PipelineName":"Australasia Probolinggo FSRU","SegmentName":"","Status":"cancelled","Wiki":"https://www.gem.wiki/Australasia_Probolinggo_FSRU","ProjectID":"T100000130870","UnitID":"G100002087000","CountriesOrAreas":"Indonesia","StartState/Province":"","StartLocation":"Indonesia","Owner":"PT Australasia LNG Indonesia [100%]","Operator":"","StartYear1":"","FuelType":"LNG","FacilityType":"import","LocationAccuracy":"exact","Capacity":"3","CapacityUnits":"mtpa","CapacityMapScale":69900.0,"Tracker":"GGIT-LNG"}},{"type":"Feature","geometry":{"type":"Point","coordinates":[151.19061,-23.75583]},"properties":{"PipelineName":"Australia Pacific LNG Terminal","SegmentName":"Unit T1","Status":"operating","Wiki":"https://www.gem.wiki/Australia_Pacific_LNG_Terminal","ProjectID":"T100000130327","UnitID":"G100002032701","CountriesOrAreas":"Australia","StartState/Province":"Queensland","StartLocation":"Queensland, Australia","Owner":"Australia Pacific LNG Pty Ltd [100%]","Operator":"Australia Pacific LNG","StartYear1":"2016","FuelType":"LNG","FacilityType":"export","LocationAccuracy":"exact","Capacity":"4.5","CapacityUnits":"mtpa","CapacityMapScale":104850.0,"Tracker":"GGIT-LNG"}},{"type":"Feature","geometry":{"type":"Point","coordinates":[151.19061,-23.75583]},"properties":{"PipelineName":"Australia Pacific LNG Terminal","SegmentName":"Unit T2","Status":"operating","Wiki":"https://www.gem.wiki/Australia_Pacific_LNG_Terminal","ProjectID":"T100000130327","UnitID":"G100002032702","CountriesOrAreas":"Australia","StartState/Province":"Queensland","StartLocation":"Queensland, Australia","Owner":"Australia Pacific LNG Pty Ltd [100%]","Operator":"Australia Pacific LNG","StartYear1":"2016","FuelType":"LNG","FacilityType":"export","LocationAccuracy":"exact","Capacity":"4.5","CapacityUnits":"mtpa","CapacityMapScale":104850.0,"Tracker":"GGIT-LNG"}},{"type":"Feature","geometry":{"type":"Point","coordinates":[-90.81287,28.692]},"properties":{"PipelineName":"Avocet FLNG Terminal","SegmentName":"","Status":"cancelled","Wiki":"https://www.gem.wiki/Avocet_FLNG_Terminal","ProjectID":"T100000130675","UnitID":"G100002067501","CountriesOrAreas":"United States","StartState/Province":"Louisiana","StartLocation":"Louisiana, United States","Owner":"Avocet LNG LLC [100%]","Operator":"","StartYear1":"","FuelType":"LNG","FacilityType":"export","LocationAccuracy":"approximate","Capacity":"8","CapacityUnits":"mtpa","CapacityMapScale":186400.0,"Tracker":"GGIT-LNG"}},{"type":"Feature","geometry":{"type":"Point","coordinates":[105.7216,9.294]},"properties":{"PipelineName":"Bac Lieu LNG Terminal","SegmentName":"","Status":"proposed","Wiki":"https://www.gem.wiki/Bac_Lieu_LNG_Terminal","ProjectID":"T100000130826","UnitID":"G100002082600","CountriesOrAreas":"Vietnam","StartState/Province":"Bac Lieu","StartLocation":"Bac Lieu, Vietnam","Owner":"Bac Lieu LNG Power Company Ltd [100%]","Operator":"","StartYear1":"","FuelType":"LNG","FacilityType":"import","LocationAccuracy":"approximate","Capacity":"2","CapacityUnits":"mtpa","CapacityMapScale":46600.0,"Tracker":"GGIT-LNG"}},{"type":"Feature","geometry":{"type":"Point","coordinates":[-38.6790848,-12.815149]},"properties":{"PipelineName":"Bahia FSRU","SegmentName":"","Status":"operating","Wiki":"https://www.gem.wiki/Bahia_FSRU","ProjectID":"T100000130925","UnitID":"G100002092500","CountriesOrAreas":"Brazil","StartState/Province":"Bahia","StartLocation":"Bahia, Brazil","Owner":"Petróleo Brasileiro SA [100%]","Operator":"Excelerate Energy","StartYear1":"2014","FuelType":"LNG","FacilityType":"import","LocationAccuracy":"exact","Capacity":"5.6","CapacityUnits":"mtpa","CapacityMapScale":130480.0,"Tracker":"GGIT-LNG"}},{"type":"Feature","geometry":{"type":"Point","coordinates":[50.7031432,26.2104277]},"properties":{"PipelineName":"Bahrain Hidd FLNG Terminal","SegmentName":"","Status":"operating","Wiki":"https://www.gem.wiki/Bahrain_Hidd_FLNG_Terminal","ProjectID":"T100000130581","UnitID":"G100002058100","CountriesOrAreas":"Bahrain","StartState/Province":"Muharraq Island","StartLocation":"Muharraq Island, Bahrain","Owner":"Bahrain LNG WLL [100%]","Operator":"Bahrain LNG","StartYear1":"2019","FuelType":"LNG","FacilityType":"import","LocationAccuracy":"exact","Capacity":"6","CapacityUnits":"mtpa","CapacityMapScale":139800.0,"Tracker":"GGIT-LNG"}},{"type":"Feature","geometry":{"type":"Point","coordinates":[-72.823139,11.824234]},"properties":{"PipelineName":"Ballena FSRU","SegmentName":"","Status":"proposed","Wiki":"https://www.gem.wiki/Ballena_FSRU","ProjectID":"T100001049463","UnitID":"G100001057076","CountriesOrAreas":"Colombia","StartState/Province":"La Guajira","StartLocation":"La Guajira, Colombia","Owner":"Transportadora de Gas Internacional SASESP","Operator":"","StartYear1":"","FuelType":"LNG","FacilityType":"import","LocationAccuracy":"approximate","Capacity":"300","CapacityUnits":"MMcf/d","CapacityMapScale":53613.3,"Tracker":"GGIT-LNG"}},{"type":"Feature","geometry":{"type":"Point","coordinates":[-158.0635959,21.2941288]},"properties":{"PipelineName":"Barbers Point FSRU","SegmentName":"","Status":"proposed","Wiki":"https://www.gem.wiki/Barbers_Point_FSRU","ProjectID":"T100001083401","UnitID":"G100001094271","CountriesOrAreas":"United States","StartState/Province":"","StartLocation":"United States","Owner":"Longboard LNG","Operator":"","StartYear1":"","FuelType":"LNG","FacilityType":"import","LocationAccuracy":"approximate","Capacity":"1","CapacityUnits":"mtpa","CapacityMapScale":23300.0,"Tracker":"GGIT-LNG"}},{"type":"Feature","geometry":{"type":"Point","coordinates":[-97.410844,25.950835]},"properties":{"PipelineName":"Barca LNG Terminal","SegmentName":"","Status":"cancelled","Wiki":"https://www.gem.wiki/Barca_LNG_Terminal","ProjectID":"T100000130659","UnitID":"G100002065901","CountriesOrAreas":"United States","StartState/Province":"Texas","StartLocation":"Texas, United States","Owner":"Barca LNG LLC [100%]","Operator":"","StartYear1":"","FuelType":"LNG","FacilityType":"export","LocationAccuracy":"approximate","Capacity":"1.6","CapacityUnits":"bcf/d","CapacityMapScale":285937.6,"Tracker":"GGIT-LNG"}},{"type":"Feature","geometry":{"type":"Point","coordinates":[2.1583,41.3394]},"properties":{"PipelineName":"Barcelona LNG Terminal","SegmentName":"","Status":"operating","Wiki":"https://www.gem.wiki/Barcelona_LNG_Terminal","ProjectID":"T100000130522","UnitID":"G100002052200","CountriesOrAreas":"Spain","StartState/Province":"Catalonia","StartLocation":"Catalonia, Spain","Owner":"Enagás SA [100%]","Operator":"Enagás","StartYear1":"1969","FuelType":"LNG","FacilityType":"import","LocationAccuracy":"exact","Capacity":"17.1","CapacityUnits":"mtpa","CapacityMapScale":398430.0,"Tracker":"GGIT-LNG"}},{"type":"Feature","geometry":{"type":"Point","coordinates":[19.081096,42.093367]},"properties":{"PipelineName":"Bar LNG Terminal","SegmentName":"","Status":"proposed","Wiki":"https://www.gem.wiki/Bar_LNG_Terminal","ProjectID":"T100000131102","UnitID":"G100002110200","CountriesOrAreas":"Montenegro","StartState/Province":"","StartLocation":"Montenegro","Owner":"EPCG; LNG Alliance Pte Ltd","Operator":"","StartYear1":"","FuelType":"LNG","FacilityType":"import","LocationAccuracy":"approximate","Capacity":"0.4","CapacityUnits":"mtpa","CapacityMapScale":9320.0,"Tracker":"GGIT-LNG"}},{"type":"Feature","geometry":{"type":"Point","coordinates":[120.6,14.57]},"properties":{"PipelineName":"Bataan-Manila LNG Terminal","SegmentName":"","Status":"cancelled","Wiki":"https://www.gem.wiki/Bataan-Manila_LNG_Terminal","ProjectID":"T100000130305","UnitID":"G100002030500","CountriesOrAreas":"Philippines","StartState/Province":"Bataan","StartLocation":"Bataan, Philippines","Owner":"Mitsui & Co Ltd; natural person(s); Osaka Gas Co Ltd; Philippine National Oil Co","Operator":"","StartYear1":"","FuelType":"LNG","FacilityType":"import","LocationAccuracy":"approximate","Capacity":"","CapacityUnits":"","CapacityMapScale":"","Tracker":"GGIT-LNG"}},{"type":"Feature","geometry":{"type":"Point","coordinates":[103.99339,1.167769]},"properties":{"PipelineName":"Batam LNG Terminal","SegmentName":"","Status":"cancelled","Wiki":"https://www.gem.wiki/Batam_LNG_Terminal","ProjectID":"T100000130865","UnitID":"G100002086500","CountriesOrAreas":"Indonesia","StartState/Province":"","StartLocation":"Indonesia","Owner":"JFE Engineering Corp; PT Medco Energi Internasional Tbk","Operator":"","StartYear1":"","FuelType":"LNG","FacilityType":"import","LocationAccuracy":"approximate","Capacity":"1","CapacityUnits":"mtpa","CapacityMapScale":23300.0,"Tracker":"GGIT-LNG"}},{"type":"Feature","geometry":{"type":"Point","coordinates":[121.0542984,13.6889167]},"properties":{"PipelineName":"Batangas Clean Energy LNG Terminal","SegmentName":"","Status":"cancelled","Wiki":"https://www.gem.wiki/Batangas_Clean_Energy_LNG_Terminal","ProjectID":"T100000130888","UnitID":"G100002088800","CountriesOrAreas":"Philippines","StartState/Province":"","StartLocation":"Philippines","Owner":"Batangas Clean Energy Inc [100%]","Operator":"Batangas Clean Energy","StartYear1":"","FuelType":"LNG","FacilityType":"import","LocationAccuracy":"exact","Capacity":"3","CapacityUnits":"mtpa","CapacityMapScale":69900.0,"Tracker":"GGIT-LNG"}},{"type":"Feature","geometry":{"type":"Point","coordinates":[-70.877681,42.341781]},"properties":{"PipelineName":"Battery Rock LNG Terminal","SegmentName":"","Status":"cancelled","Wiki":"https://www.gem.wiki/Battery_Rock_LNG_Terminal","ProjectID":"T100000130842","UnitID":"G100002084200","CountriesOrAreas":"United States","StartState/Province":"Massachusetts","StartLocation":"Massachusetts, United States","Owner":"AES Corp [100%]","Operator":"","StartYear1":"","FuelType":"LNG","FacilityType":"import","LocationAccuracy":"approximate","Capacity":"6.4","CapacityUnits":"mtpa","CapacityMapScale":149120.0,"Tracker":"GGIT-LNG"}},{"type":"Feature","geometry":{"type":"Point","coordinates":[-94.825833,29.281111]},"properties":{"PipelineName":"Bay Crossing LNG Terminal","SegmentName":"","Status":"cancelled","Wiki":"https://www.gem.wiki/Bay_Crossing_LNG_Terminal","ProjectID":"T100000130846","UnitID":"G100002084600","CountriesOrAreas":"United States","StartState/Province":"Texas","StartLocation":"Texas, United States","Owner":"BP PLC [100%]","Operator":"","StartYear1":"","FuelType":"LNG","FacilityType":"import","LocationAccuracy":"approximate","Capacity":"9.6","CapacityUnits":"mtpa","CapacityMapScale":223680.0,"Tracker":"GGIT-LNG"}},{"type":"Feature","geometry":{"type":"Point","coordinates":[-93.698611,29.763056]},"properties":{"PipelineName":"Beacon Port LNG Terminal","SegmentName":"","Status":"cancelled","Wiki":"https://www.gem.wiki/Beacon_Port_LNG_Terminal","ProjectID":"T100000130844","UnitID":"G100002084400","CountriesOrAreas":"United States","StartState/Province":"Louisiana","StartLocation":"Louisiana, United States","Owner":"ConocoPhillips Corp [100%]","Operator":"","StartYear1":"","FuelType":"LNG","FacilityType":"import","LocationAccuracy":"approximate","Capacity":"11.5","CapacityUnits":"mtpa","CapacityMapScale":267950.0,"Tracker":"GGIT-LNG"}},{"type":"Feature","geometry":{"type":"Point","coordinates":[-61.3675,45.604444]},"properties":{"PipelineName":"Bear Head LNG Terminal","SegmentName":"Unit T1-T4","Status":"cancelled","Wiki":"https://www.gem.wiki/Bear_Head_LNG_Terminal","ProjectID":"T100000130347","UnitID":"G100002034701","CountriesOrAreas":"Canada","StartState/Province":"Nova Scotia","StartLocation":"Nova Scotia, Canada","Owner":"Bear Head Energy Inc [100%]","Operator":"","StartYear1":"","FuelType":"LNG","FacilityType":"export","LocationAccuracy":"approximate","Capacity":"12","CapacityUnits":"mtpa","CapacityMapScale":279600.0,"Tracker":"GGIT-LNG"}},{"type":"Feature","geometry":{"type":"Point","coordinates":[35.832663,34.466704]},"properties":{"PipelineName":"Beddawi FSRU","SegmentName":"","Status":"cancelled","Wiki":"https://www.gem.wiki/Beddawi_FSRU","ProjectID":"T100000130963","UnitID":"G100002096300","CountriesOrAreas":"Lebanon","StartState/Province":"","StartLocation":"Lebanon","Owner":"Ministry of Energy and Water (Lebanon) [100%]","Operator":"","StartYear1":"","FuelType":"LNG","FacilityType":"import","LocationAccuracy":"approximate","Capacity":"3.5","CapacityUnits":"mtpa","CapacityMapScale":81550.0,"Tracker":"GGIT-LNG"}},{"type":"Feature","geometry":{"type":"Point","coordinates":[109.524152,21.499546]},"properties":{"PipelineName":"Beihai LNG Terminal (PetroChina)","SegmentName":"","Status":"shelved","Wiki":"https://www.gem.wiki/Beihai_LNG_Terminal_(PetroChina)","ProjectID":"T100000130940","UnitID":"G100002094000","CountriesOrAreas":"China","StartState/Province":"Guangxi","StartLocation":"Guangxi, China","Owner":"National Pipe Network Group Beihai LNG Co Ltd [100%]","Operator":"","StartYear1":"","FuelType":"LNG","FacilityType":"import","LocationAccuracy":"approximate","Capacity":"","CapacityUnits":"","CapacityMapScale":"","Tracker":"GGIT-LNG"}},{"type":"Feature","geometry":{"type":"Point","coordinates":[2.435208,6.346843]},"properties":{"PipelineName":"Benin FSRU","SegmentName":"","Status":"cancelled","Wiki":"https://www.gem.wiki/Benin_FSRU","ProjectID":"T100000130668","UnitID":"G100002066800","CountriesOrAreas":"Benin","StartState/Province":"","StartLocation":"Benin","Owner":"TotalEnergies SE [100%]","Operator":"","StartYear1":"","FuelType":"LNG","FacilityType":"import","LocationAccuracy":"approximate","Capacity":"0.5","CapacityUnits":"mtpa","CapacityMapScale":11650.0,"Tracker":"GGIT-LNG"}},{"type":"Feature","geometry":{"type":"Point","coordinates":[106.641855,9.960177]},"properties":{"PipelineName":"Ben Tre FSRU","SegmentName":"","Status":"cancelled","Wiki":"https://www.gem.wiki/Ben_Tre_FSRU","ProjectID":"T100000131075","UnitID":"G100002107500","CountriesOrAreas":"Vietnam","StartState/Province":"Ben Tre Province","StartLocation":"Ben Tre Province, Vietnam","Owner":"","Operator":"","StartYear1":"","FuelType":"LNG","FacilityType":"import","LocationAccuracy":"approximate","Capacity":"","CapacityUnits":"","CapacityMapScale":"","Tracker":"GGIT-LNG"}},{"type":"Feature","geometry":{"type":"Point","coordinates":[120.6086536,14.5034202]},"properties":{"PipelineName":"BESTC FSRU","SegmentName":"","Status":"proposed","Wiki":"https://www.gem.wiki/BESTC_LNG_Terminal","ProjectID":"T100001084327","UnitID":"G100001095722","CountriesOrAreas":"Philippines","StartState/Province":"","StartLocation":"Philippines","Owner":"BERGS Energy Solutions and Technology Corporation; Philippine National Oil Co","Operator":"","StartYear1":"","FuelType":"LNG","FacilityType":"import","LocationAccuracy":"approximate","Capacity":"","CapacityUnits":"","CapacityMapScale":"","Tracker":"GGIT-LNG"}},{"type":"Feature","geometry":{"type":"Point","coordinates":[-88.125278,30.256389]},"properties":{"PipelineName":"Bienville FSRU","SegmentName":"","Status":"cancelled","Wiki":"https://www.gem.wiki/Bienville_FSRU","ProjectID":"T100000130638","UnitID":"G100002063800","CountriesOrAreas":"United States","StartState/Province":"Alabama","StartLocation":"Alabama, United States","Owner":"TORP Terminal LP [100%]","Operator":"","StartYear1":"","FuelType":"LNG","FacilityType":"import","LocationAccuracy":"approximate","Capacity":"10.7","CapacityUnits":"mtpa","CapacityMapScale":249310.0,"Tracker":"GGIT-LNG"}},{"type":"Feature","geometry":{"type":"Point","coordinates":[-3.09473,43.3612]},"properties":{"PipelineName":"Bilbao LNG Terminal","SegmentName":"","Status":"operating","Wiki":"https://www.gem.wiki/Bilbao_LNG_Terminal","ProjectID":"T100000130524","UnitID":"G100002052400","CountriesOrAreas":"Spain","StartState/Province":"Biscay","StartLocation":"Biscay, Spain","Owner":"Basque Energy Board (EVE) [50%]; Enagás SA [50%]","Operator":"Bahia de Bizkaia Gas","StartYear1":"2003","FuelType":"LNG","FacilityType":"import","LocationAccuracy":"exact","Capacity":"7","CapacityUnits":"bcm/y","CapacityMapScale":119878.5,"Tracker":"GGIT-LNG"}},{"type":"Feature","geometry":{"type":"Point","coordinates":[118.102097,38.220664]},"properties":{"PipelineName":"Binzhou Changlian LNG Terminal","SegmentName":"Unit Phase 2","Status":"cancelled","Wiki":"https://www.gem.wiki/Binzhou_Changlian_LNG_Terminal","ProjectID":"T100000130376","UnitID":"G100001093378","CountriesOrAreas":"China","StartState/Province":"Shandong","StartLocation":"Shandong, China","Owner":"Great United Petroleum Co; Hubei Energy","Operator":"","StartYear1":"","FuelType":"LNG","FacilityType":"import","LocationAccuracy":"approximate","Capacity":"4","CapacityUnits":"mtpa","CapacityMapScale":93200.0,"Tracker":"GGIT-LNG"}},{"type":"Feature","geometry":{"type":"Point","coordinates":[118.102097,38.220664]},"properties":{"PipelineName":"Binzhou Changlian LNG Terminal","SegmentName":"Unit Phase 1","Status":"cancelled","Wiki":"https://www.gem.wiki/Binzhou_Changlian_LNG_Terminal","ProjectID":"T100000130376","UnitID":"G100002037600","CountriesOrAreas":"China","StartState/Province":"Shandong","StartLocation":"Shandong, China","Owner":"Great United Petroleum Co; Hubei Energy","Operator":"","StartYear1":"","FuelType":"LNG","FacilityType":"import","LocationAccuracy":"approximate","Capacity":"2","CapacityUnits":"mtpa","CapacityMapScale":46600.0,"Tracker":"GGIT-LNG"}},{"type":"Feature","geometry":{"type":"Point","coordinates":[-16.4577,16.4584]},"properties":{"PipelineName":"BirAllah LNG Hub","SegmentName":"","Status":"proposed","Wiki":"https://www.gem.wiki/BirAllah_LNG_Hub","ProjectID":"T100000131091","UnitID":"G100002109101","CountriesOrAreas":"Mauritania","StartState/Province":"","StartLocation":"Mauritania","Owner":"Société Mauritanienne Des Hydrocarbures et de Patrimoine Minier [TO BE DELETED]","Operator":"","StartYear1":"","FuelType":"LNG","FacilityType":"export","LocationAccuracy":"approximate","Capacity":"10","CapacityUnits":"mtpa","CapacityMapScale":233000.0,"Tracker":"GGIT-LNG"}},{"type":"Feature","geometry":{"type":"Point","coordinates":[-93.01,28.425]},"properties":{"PipelineName":"Blue Marlin Offshore Port","SegmentName":"","Status":"proposed","Wiki":"https://www.gem.wiki/Blue_Marlin_Offshore_Port","ProjectID":"T100000130993","UnitID":"G100002099301","CountriesOrAreas":"United States","StartState/Province":"Texas","StartLocation":"Texas, United States","Owner":"Blue Marlin Offshore Port LLC [100%]","Operator":"Blue Marlin Offshore Port","StartYear1":"","FuelType":"Oil","FacilityType":"export","LocationAccuracy":"exact","Capacity":"1900000","CapacityUnits":"bpd","CapacityMapScale":1900000.0,"Tracker":"GGIT-LNG"}},{"type":"Feature","geometry":{"type":"Point","coordinates":[-96.6276463,27.9049108]},"properties":{"PipelineName":"Bluewater Texas (BWTX) Terminal","SegmentName":"Unit Terminal 1","Status":"proposed","Wiki":"https://www.gem.wiki/Bluewater_Texas_(BWTX)_Terminal","ProjectID":"T100000130739","UnitID":"G100002073901","CountriesOrAreas":"United States","StartState/Province":"Texas","StartLocation":"Texas, United States","Owner":"Bluewater Texas Terminal LLC [100%]","Operator":"","StartYear1":"","FuelType":"Oil","FacilityType":"export","LocationAccuracy":"exact","Capacity":"1920000","CapacityUnits":"bpd","CapacityMapScale":1920000.0,"Tracker":"GGIT-LNG"}},{"type":"Feature","geometry":{"type":"Point","coordinates":[-96.6276463,27.9049108]},"properties":{"PipelineName":"Bluewater Texas (BWTX) Terminal","SegmentName":"Unit Terminal 2","Status":"proposed","Wiki":"https://www.gem.wiki/Bluewater_Texas_(BWTX)_Terminal","ProjectID":"T100000130739","UnitID":"G100002073902","CountriesOrAreas":"United States","StartState/Province":"Texas","StartLocation":"Texas, United States","Owner":"Bluewater Texas Terminal LLC [100%]","Operator":"","StartYear1":"","FuelType":"Oil","FacilityType":"export","LocationAccuracy":"exact","Capacity":"1920000","CapacityUnits":"bpd","CapacityMapScale":1920000.0,"Tracker":"GGIT-LNG"}},{"type":"Feature","geometry":{"type":"Point","coordinates":[106.0554886,-5.8846501]},"properties":{"PipelineName":"Bojonegara LNG Terminal","SegmentName":"","Status":"cancelled","Wiki":"https://www.gem.wiki/Bojonegara_LNG_Terminal","ProjectID":"T100000130277","UnitID":"G100002027700","CountriesOrAreas":"Indonesia","StartState/Province":"Banten","StartLocation":"Banten, Indonesia","Owner":"Kalla Group; PT Pertamina (Persero) PT","Operator":"","StartYear1":"","FuelType":"LNG","FacilityType":"import","LocationAccuracy":"approximate","Capacity":"4","CapacityUnits":"mtpa","CapacityMapScale":93200.0,"Tracker":"GGIT-LNG"}},{"type":"Feature","geometry":{"type":"Point","coordinates":[129.7667,-12.8833]},"properties":{"PipelineName":"Bonaparte FLNG Terminal","SegmentName":"","Status":"cancelled","Wiki":"https://www.gem.wiki/Bonaparte_FLNG_Terminal","ProjectID":"T100000130328","UnitID":"G100002032801","CountriesOrAreas":"Australia","StartState/Province":"Western Australia","StartLocation":"Western Australia, Australia","Owner":"ENGIE SA [60%]; Santos Ltd [40%]","Operator":"ENGIE","StartYear1":"","FuelType":"LNG","FacilityType":"export","LocationAccuracy":"approximate","Capacity":"2","CapacityUnits":"mtpa","CapacityMapScale":46600.0,"Tracker":"GGIT-LNG"}},{"type":"Feature","geometry":{"type":"Point","coordinates":[117.4704508,0.1013351]},"properties":{"PipelineName":"Bontang LNG Terminal","SegmentName":"Unit A","Status":"retired","Wiki":"https://www.gem.wiki/Bontang_LNG_Terminal","ProjectID":"T100000130278","UnitID":"G100002027801","CountriesOrAreas":"Indonesia","StartState/Province":"","StartLocation":"Indonesia","Owner":"Government of Indonesia [100%]","Operator":"PT Badak NGL","StartYear1":"1977","FuelType":"LNG","FacilityType":"export","LocationAccuracy":"exact","Capacity":"2.7","CapacityUnits":"mtpa","CapacityMapScale":62910.0,"Tracker":"GGIT-LNG"}},{"type":"Feature","geometry":{"type":"Point","coordinates":[117.4704508,0.1013351]},"properties":{"PipelineName":"Bontang LNG Terminal","SegmentName":"Unit B","Status":"retired","Wiki":"https://www.gem.wiki/Bontang_LNG_Terminal","ProjectID":"T100000130278","UnitID":"G100002027802","CountriesOrAreas":"Indonesia","StartState/Province":"","StartLocation":"Indonesia","Owner":"Government of Indonesia [100%]","Operator":"PT Badak NGL","StartYear1":"1977","FuelType":"LNG","FacilityType":"export","LocationAccuracy":"exact","Capacity":"2.7","CapacityUnits":"mtpa","CapacityMapScale":62910.0,"Tracker":"GGIT-LNG"}},{"type":"Feature","geometry":{"type":"Point","coordinates":[117.4704508,0.1013351]},"properties":{"PipelineName":"Bontang LNG Terminal","SegmentName":"Unit C","Status":"retired","Wiki":"https://www.gem.wiki/Bontang_LNG_Terminal","ProjectID":"T100000130278","UnitID":"G100002027803","CountriesOrAreas":"Indonesia","StartState/Province":"","StartLocation":"Indonesia","Owner":"Government of Indonesia [100%]","Operator":"PT Badak NGL","StartYear1":"1980","FuelType":"LNG","FacilityType":"export","LocationAccuracy":"exact","Capacity":"2.7","CapacityUnits":"mtpa","CapacityMapScale":62910.0,"Tracker":"GGIT-LNG"}},{"type":"Feature","geometry":{"type":"Point","coordinates":[117.4704508,0.1013351]},"properties":{"PipelineName":"Bontang LNG Terminal","SegmentName":"Unit D","Status":"retired","Wiki":"https://www.gem.wiki/Bontang_LNG_Terminal","ProjectID":"T100000130278","UnitID":"G100002027804","CountriesOrAreas":"Indonesia","StartState/Province":"","StartLocation":"Indonesia","Owner":"Government of Indonesia [100%]","Operator":"PT Badak NGL","StartYear1":"1980","FuelType":"LNG","FacilityType":"export","LocationAccuracy":"exact","Capacity":"2.7","CapacityUnits":"mtpa","CapacityMapScale":62910.0,"Tracker":"GGIT-LNG"}},{"type":"Feature","geometry":{"type":"Point","coordinates":[117.4704508,0.1013351]},"properties":{"PipelineName":"Bontang LNG Terminal","SegmentName":"Unit E","Status":"idled","Wiki":"https://www.gem.wiki/Bontang_LNG_Terminal","ProjectID":"T100000130278","UnitID":"G100002027805","CountriesOrAreas":"Indonesia","StartState/Province":"","StartLocation":"Indonesia","Owner":"Government of Indonesia [100%]","Operator":"PT Badak NGL","StartYear1":"1990","FuelType":"LNG","FacilityType":"export","LocationAccuracy":"exact","Capacity":"2.8","CapacityUnits":"mtpa","CapacityMapScale":65240.0,"Tracker":"GGIT-LNG"}},{"type":"Feature","geometry":{"type":"Point","coordinates":[117.4704508,0.1013351]},"properties":{"PipelineName":"Bontang LNG Terminal","SegmentName":"Unit F","Status":"idled","Wiki":"https://www.gem.wiki/Bontang_LNG_Terminal","ProjectID":"T100000130278","UnitID":"G100002027806","CountriesOrAreas":"Indonesia","StartState/Province":"","StartLocation":"Indonesia","Owner":"Government of Indonesia [100%]","Operator":"PT Badak NGL","StartYear1":"1994","FuelType":"LNG","FacilityType":"export","LocationAccuracy":"exact","Capacity":"2.8","CapacityUnits":"mtpa","CapacityMapScale":65240.0,"Tracker":"GGIT-LNG"}},{"type":"Feature","geometry":{"type":"Point","coordinates":[117.4704508,0.1013351]},"properties":{"PipelineName":"Bontang LNG Terminal","SegmentName":"Unit G","Status":"operating","Wiki":"https://www.gem.wiki/Bontang_LNG_Terminal","ProjectID":"T100000130278","UnitID":"G100002027807","CountriesOrAreas":"Indonesia","StartState/Province":"","StartLocation":"Indonesia","Owner":"Government of Indonesia [100%]","Operator":"PT Badak NGL","StartYear1":"1998","FuelType":"LNG","FacilityType":"export","LocationAccuracy":"exact","Capacity":"2.8","CapacityUnits":"mtpa","CapacityMapScale":65240.0,"Tracker":"GGIT-LNG"}},{"type":"Feature","geometry":{"type":"Point","coordinates":[117.4704508,0.1013351]},"properties":{"PipelineName":"Bontang LNG Terminal","SegmentName":"Unit H","Status":"operating","Wiki":"https://www.gem.wiki/Bontang_LNG_Terminal","ProjectID":"T100000130278","UnitID":"G100002027808","CountriesOrAreas":"Indonesia","StartState/Province":"","StartLocation":"Indonesia","Owner":"Government of Indonesia [100%]","Operator":"PT Badak NGL","StartYear1":"1998","FuelType":"LNG","FacilityType":"export","LocationAccuracy":"exact","Capacity":"2.95","CapacityUnits":"mtpa","CapacityMapScale":68735.0,"Tracker":"GGIT-LNG"}},{"type":"Feature","geometry":{"type":"Point","coordinates":[117.4704508,0.1013351]},"properties":{"PipelineName":"Bontang LNG Terminal","SegmentName":"Unit I","Status":"cancelled","Wiki":"https://www.gem.wiki/Bontang_LNG_Terminal","ProjectID":"T100000130278","UnitID":"G100002027809","CountriesOrAreas":"Indonesia","StartState/Province":"","StartLocation":"Indonesia","Owner":"Government of Indonesia [100%]","Operator":"PT Badak NGL","StartYear1":"","FuelType":"LNG","FacilityType":"export","LocationAccuracy":"exact","Capacity":"2.95","CapacityUnits":"mtpa","CapacityMapScale":68735.0,"Tracker":"GGIT-LNG"}},{"type":"Feature","geometry":{"type":"Point","coordinates":[126.4947,36.415]},"properties":{"PipelineName":"Boryeong LNG Terminal","SegmentName":"","Status":"operating","Wiki":"https://www.gem.wiki/Boryeong_LNG_Terminal","ProjectID":"T100000130310","UnitID":"G100002031000","CountriesOrAreas":"South Korea","StartState/Province":"South Chungcheong","StartLocation":"South Chungcheong, South Korea","Owner":"GS Energy Corp [50.1%]; IMM Investment Corp [35.9%]; KB Asset Management Co Ltd [14%]","Operator":"","StartYear1":"2016","FuelType":"LNG","FacilityType":"import","LocationAccuracy":"exact","Capacity":"10.8","CapacityUnits":"mtpa","CapacityMapScale":251640.0,"Tracker":"GGIT-LNG"}},{"type":"Feature","geometry":{"type":"Point","coordinates":[26.195279,-22.246252]},"properties":{"PipelineName":"Botswana LNG Terminal","SegmentName":"Unit Phase 1","Status":"proposed","Wiki":"https://www.gem.wiki/Botswana_LNG_Terminal","ProjectID":"T100001048162","UnitID":"G100001055209","CountriesOrAreas":"Botswana","StartState/Province":"","StartLocation":"Botswana","Owner":"Botala Energy Ltd [100%]","Operator":"Botala Energy","StartYear1":"","FuelType":"LNG","FacilityType":"export","LocationAccuracy":"approximate","Capacity":"0.07","CapacityUnits":"mtpa","CapacityMapScale":1631.0,"Tracker":"GGIT-LNG"}},{"type":"Feature","geometry":{"type":"Point","coordinates":[26.195279,-22.246252]},"properties":{"PipelineName":"Botswana LNG Terminal","SegmentName":"Unit Phase 2","Status":"proposed","Wiki":"https://www.gem.wiki/Botswana_LNG_Terminal","ProjectID":"T100001048162","UnitID":"G100001055210","CountriesOrAreas":"Botswana","StartState/Province":"","StartLocation":"Botswana","Owner":"Botala Energy Ltd [100%]","Operator":"Botala Energy","StartYear1":"","FuelType":"LNG","FacilityType":"export","LocationAccuracy":"approximate","Capacity":"0.29","CapacityUnits":"mtpa","CapacityMapScale":6757.0,"Tracker":"GGIT-LNG"}},{"type":"Feature","geometry":{"type":"Point","coordinates":[103.3851335,10.8774755]},"properties":{"PipelineName":"Botum Sakor LNG Terminal","SegmentName":"","Status":"construction","Wiki":"https://www.gem.wiki/Botum_Sakor_LNG_Terminal","ProjectID":"T100000131166","UnitID":"G100002116600","CountriesOrAreas":"Cambodia","StartState/Province":"Koh Kong","StartLocation":"Koh Kong, Cambodia","Owner":"Botum Sakor Energy Co Ltd [100%]","Operator":"","StartYear1":"","FuelType":"LNG","FacilityType":"import","LocationAccuracy":"approximate","Capacity":"1.1","CapacityUnits":"mtpa","CapacityMapScale":25630.0,"Tracker":"GGIT-LNG"}},{"type":"Feature","geometry":{"type":"Point","coordinates":[10.351025,-4.302812]},"properties":{"PipelineName":"Boudji FLNG Terminal","SegmentName":"","Status":"cancelled","Wiki":"https://www.gem.wiki/Boudji_FLNG_Terminal","ProjectID":"T100000130909","UnitID":"G100002090900","CountriesOrAreas":"Gabon","StartState/Province":"","StartLocation":"Gabon","Owner":"Petroliam Nasional Bhd [100%]","Operator":"","StartYear1":"","FuelType":"LNG","FacilityType":"export","LocationAccuracy":"approximate","Capacity":"","CapacityUnits":"","CapacityMapScale":"","Tracker":"GGIT-LNG"}},{"type":"Feature","geometry":{"type":"Point","coordinates":[74.8163583,12.9331432]},"properties":{"PipelineName":"BPCL Mangalore LNG Terminal","SegmentName":"","Status":"cancelled","Wiki":"https://www.gem.wiki/BPCL_Mangalore_LNG_Terminal","ProjectID":"T100000130451","UnitID":"G100002045100","CountriesOrAreas":"India","StartState/Province":"Karnataka","StartLocation":"Karnataka, India","Owner":"New Mangalore Port Authority [100%]","Operator":"","StartYear1":"","FuelType":"LNG","FacilityType":"import","LocationAccuracy":"exact","Capacity":"5","CapacityUnits":"mtpa","CapacityMapScale":116500.0,"Tracker":"GGIT-LNG"}},{"type":"Feature","geometry":{"type":"Point","coordinates":[-123.438761,46.197011]},"properties":{"PipelineName":"Bradwood Landing LNG Terminal","SegmentName":"","Status":"cancelled","Wiki":"https://www.gem.wiki/Bradwood_Landing_LNG_Terminal","ProjectID":"T100000130635","UnitID":"G100002063500","CountriesOrAreas":"United States","StartState/Province":"Oregon","StartLocation":"Oregon, United States","Owner":"Northern Star Natural Gas Inc [100%]","Operator":"","StartYear1":"","FuelType":"LNG","FacilityType":"import","LocationAccuracy":"approximate","Capacity":"","CapacityUnits":"","CapacityMapScale":"","Tracker":"GGIT-LNG"}},{"type":"Feature","geometry":{"type":"Point","coordinates":[6.246,4.31]},"properties":{"PipelineName":"Brass LNG Terminal","SegmentName":"Unit T1","Status":"shelved","Wiki":"https://www.gem.wiki/Brass_LNG_Terminal","ProjectID":"T100000130260","UnitID":"G100002026001","CountriesOrAreas":"Nigeria","StartState/Province":"Bayelsa","StartLocation":"Bayelsa, Nigeria","Owner":"Brass LNG Ltd [100%]","Operator":"","StartYear1":"","FuelType":"LNG","FacilityType":"export","LocationAccuracy":"approximate","Capacity":"5","CapacityUnits":"mtpa","CapacityMapScale":116500.0,"Tracker":"GGIT-LNG"}},{"type":"Feature","geometry":{"type":"Point","coordinates":[6.246,4.31]},"properties":{"PipelineName":"Brass LNG Terminal","SegmentName":"Unit T2","Status":"shelved","Wiki":"https://www.gem.wiki/Brass_LNG_Terminal","ProjectID":"T100000130260","UnitID":"G100002026002","CountriesOrAreas":"Nigeria","StartState/Province":"Bayelsa","StartLocation":"Bayelsa, Nigeria","Owner":"Brass LNG Ltd [100%]","Operator":"","StartYear1":"","FuelType":"LNG","FacilityType":"export","LocationAccuracy":"approximate","Capacity":"5","CapacityUnits":"mtpa","CapacityMapScale":116500.0,"Tracker":"GGIT-LNG"}},{"type":"Feature","geometry":{"type":"Point","coordinates":[17.99101,40.64801]},"properties":{"PipelineName":"Brindisi LNG Terminal","SegmentName":"","Status":"cancelled","Wiki":"https://www.gem.wiki/Brindisi_LNG_Terminal","ProjectID":"T100000130468","UnitID":"G100002046800","CountriesOrAreas":"Italy","StartState/Province":"Apulia","StartLocation":"Apulia, Italy","Owner":"Brindisi LNG SpA [100%]","Operator":"","StartYear1":"","FuelType":"LNG","FacilityType":"import","LocationAccuracy":"exact","Capacity":"6","CapacityUnits":"mtpa","CapacityMapScale":139800.0,"Tracker":"GGIT-LNG"}},{"type":"Feature","geometry":{"type":"Point","coordinates":[-72.881111,41.096667]},"properties":{"PipelineName":"Broadwater FSRU","SegmentName":"","Status":"cancelled","Wiki":"https://www.gem.wiki/Broadwater_FSRU","ProjectID":"T100000130646","UnitID":"G100002064600","CountriesOrAreas":"United States","StartState/Province":"New York","StartLocation":"New York, United States","Owner":"Broadwater Energy LLC [100%]","Operator":"","StartYear1":"","FuelType":"LNG","FacilityType":"import","LocationAccuracy":"approximate","Capacity":"8","CapacityUnits":"mtpa","CapacityMapScale":186400.0,"Tracker":"GGIT-LNG"}},{"type":"Feature","geometry":{"type":"Point","coordinates":[114.467,4.6698]},"properties":{"PipelineName":"Brunei LNG Terminal","SegmentName":"Unit T1-T5","Status":"operating","Wiki":"https://www.gem.wiki/Brunei_LNG_Terminal","ProjectID":"T100000130273","UnitID":"G100002027301","CountriesOrAreas":"Brunei","StartState/Province":"Brunei Darussalam","StartLocation":"Brunei Darussalam, Brunei","Owner":"Government of Brunei [50%]; Mitsubishi Corp [25%]; Shell PLC [25%]","Operator":"Brunei LNG","StartYear1":"1973","FuelType":"LNG","FacilityType":"export","LocationAccuracy":"exact","Capacity":"7.7","CapacityUnits":"mtpa","CapacityMapScale":179410.0,"Tracker":"GGIT-LNG"}},{"type":"Feature","geometry":{"type":"Point","coordinates":[17.976153,58.922139]},"properties":{"PipelineName":"Brunnsviksholme LNG Terminal","SegmentName":"","Status":"operating","Wiki":"https://www.gem.wiki/Brunnsviksholme_LNG_Terminal","ProjectID":"T100000130539","UnitID":"G100002053900","CountriesOrAreas":"Sweden","StartState/Province":"","StartLocation":"Sweden","Owner":"Gasum Oyj [100%]","Operator":"Gasum","StartYear1":"2011","FuelType":"LNG","FacilityType":"import","LocationAccuracy":"exact","Capacity":"0.4","CapacityUnits":"mtpa","CapacityMapScale":9320.0,"Tracker":"GGIT-LNG"}},{"type":"Feature","geometry":{"type":"Point","coordinates":[9.171014,53.887255]},"properties":{"PipelineName":"Brunsbüttel FSRU","SegmentName":"","Status":"operating","Wiki":"https://www.gem.wiki/Brunsbüttel_FSRU","ProjectID":"T100000130460","UnitID":"G100002046000","CountriesOrAreas":"Germany","StartState/Province":"Hamburg","StartLocation":"Hamburg, Germany","Owner":"","Operator":"Deutsche Energy Terminal; Höegh Evi [TO BE DELETED]; KN Energies","StartYear1":"2023","FuelType":"LNG","FacilityType":"import","LocationAccuracy":"exact","Capacity":"5.17","CapacityUnits":"bcm/y","CapacityMapScale":88538.8,"Tracker":"GGIT-LNG"}},{"type":"Feature","geometry":{"type":"Point","coordinates":[9.171014,53.887255]},"properties":{"PipelineName":"Brunsbüttel FSRU","SegmentName":"Unit Ammonia Import Terminal Phase 1","Status":"proposed","Wiki":"https://www.gem.wiki/Brunsbüttel_FSRU","ProjectID":"T100000130460","UnitID":"G100002046001","CountriesOrAreas":"Germany","StartState/Province":"Hamburg","StartLocation":"Hamburg, Germany","Owner":"","Operator":"Deutsche Energy Terminal; Höegh Evi [TO BE DELETED]; KN Energies","StartYear1":"","FuelType":"NH3","FacilityType":"import","LocationAccuracy":"exact","Capacity":"0.3","CapacityUnits":"mtpa","CapacityMapScale":6990.0,"Tracker":"GGIT-LNG"}},{"type":"Feature","geometry":{"type":"Point","coordinates":[9.171014,53.887255]},"properties":{"PipelineName":"Brunsbüttel FSRU","SegmentName":"Unit Ammonia Import Terminal Phase 2","Status":"proposed","Wiki":"https://www.gem.wiki/Brunsbüttel_FSRU","ProjectID":"T100000130460","UnitID":"G100002046002","CountriesOrAreas":"Germany","StartState/Province":"Hamburg","StartLocation":"Hamburg, Germany","Owner":"","Operator":"Deutsche Energy Terminal; Höegh Evi [TO BE DELETED]; KN Energies","StartYear1":"","FuelType":"NH3","FacilityType":"import","LocationAccuracy":"exact","Capacity":"2","CapacityUnits":"mtpa","CapacityMapScale":46600.0,"Tracker":"GGIT-LNG"}},{"type":"Feature","geometry":{"type":"Point","coordinates":[9.1981653,53.8951004]},"properties":{"PipelineName":"Brunsbüttel LNG Terminal","SegmentName":"","Status":"construction","Wiki":"https://www.gem.wiki/Brunsb%C3%BCttel_LNG_Terminal","ProjectID":"T100000131084","UnitID":"G100002108400","CountriesOrAreas":"Germany","StartState/Province":"Hamburg","StartLocation":"Hamburg, Germany","Owner":"German LNG Terminal GmbH [100%]","Operator":"German LNG Terminal","StartYear1":"","FuelType":"LNG","FacilityType":"import","LocationAccuracy":"exact","Capacity":"10","CapacityUnits":"bcm/y","CapacityMapScale":171255.0,"Tracker":"GGIT-LNG"}},{"type":"Feature","geometry":{"type":"Point","coordinates":[-69.5,47.916667]},"properties":{"PipelineName":"Cacouna LNG Terminal","SegmentName":"","Status":"cancelled","Wiki":"https://www.gem.wiki/Cacouna_LNG_Terminal","ProjectID":"T100000130348","UnitID":"G100002034800","CountriesOrAreas":"Canada","StartState/Province":"Quebec","StartLocation":"Quebec, Canada","Owner":"Petro-Canada Inc; TC Energy Corp","Operator":"","StartYear1":"","FuelType":"LNG","FacilityType":"import","LocationAccuracy":"approximate","Capacity":"3.8","CapacityUnits":"mtpa","CapacityMapScale":88540.0,"Tracker":"GGIT-LNG"}},{"type":"Feature","geometry":{"type":"Point","coordinates":[107.0195565,10.5227285]},"properties":{"PipelineName":"Cai Mep LNG Terminal","SegmentName":"","Status":"operating","Wiki":"https://www.gem.wiki/Cai_Mep_LNG_Terminal","ProjectID":"T100000130324","UnitID":"G100002032400","CountriesOrAreas":"Vietnam","StartState/Province":"Bà Rịa–Vũng Tàu","StartLocation":"Bà Rịa–Vũng Tàu, Vietnam","Owner":"Cai Mep LNG [100%]","Operator":"Cai Mep LNG","StartYear1":"2025","FuelType":"LNG","FacilityType":"import","LocationAccuracy":"exact","Capacity":"3","CapacityUnits":"mtpa","CapacityMapScale":69900.0,"Tracker":"GGIT-LNG"}},{"type":"Feature","geometry":{"type":"Point","coordinates":[-67.2425,45.166111]},"properties":{"PipelineName":"Calais LNG Terminal","SegmentName":"","Status":"cancelled","Wiki":"https://www.gem.wiki/Calais_LNG_Terminal","ProjectID":"T100000130836","UnitID":"G100002083600","CountriesOrAreas":"United States","StartState/Province":"Maine","StartLocation":"Maine, United States","Owner":"Calais LNG Project Company LLC [100%]","Operator":"","StartYear1":"","FuelType":"LNG","FacilityType":"import","LocationAccuracy":"approximate","Capacity":"7.6","CapacityUnits":"mtpa","CapacityMapScale":177080.0,"Tracker":"GGIT-LNG"}},{"type":"Feature","geometry":{"type":"Point","coordinates":[-93.3343038,29.7729274]},"properties":{"PipelineName":"Calcasieu Pass LNG Terminal","SegmentName":"Unit T1-T18","Status":"operating","Wiki":"https://www.gem.wiki/Calcasieu_Pass_LNG_Terminal","ProjectID":"T100000130212","UnitID":"G100002021201","CountriesOrAreas":"United States","StartState/Province":"Louisiana","StartLocation":"Louisiana, United States","Owner":"Venture Global Calcasieu Pass LLC [100%]","Operator":"Venture Global Calcasieu Pass","StartYear1":"2022","FuelType":"LNG","FacilityType":"export","LocationAccuracy":"exact","Capacity":"10","CapacityUnits":"mtpa","CapacityMapScale":233000.0,"Tracker":"GGIT-LNG"}},{"type":"Feature","geometry":{"type":"Point","coordinates":[-96.629722,28.615556]},"properties":{"PipelineName":"Calhoun LNG Terminal","SegmentName":"","Status":"cancelled","Wiki":"https://www.gem.wiki/Calhoun_LNG_Terminal","ProjectID":"T100000130637","UnitID":"G100002063700","CountriesOrAreas":"United States","StartState/Province":"Texas","StartLocation":"Texas, United States","Owner":"Gulf Coast LNG Partners LP; KOGAS Canada Ltd; LG International (America) Inc; Port Lavaca LNG Services LLC","Operator":"Gulf Coast LNG Partners; KOGAS Canada; LG International (America); Port Lavaca LNG Services","StartYear1":"","FuelType":"LNG","FacilityType":"import","LocationAccuracy":"approximate","Capacity":"7.2","CapacityUnits":"mtpa","CapacityMapScale":167760.0,"Tracker":"GGIT-LNG"}},{"type":"Feature","geometry":{"type":"Point","coordinates":[-80.115287,26.086022]},"properties":{"PipelineName":"Calypso LNG Terminal","SegmentName":"","Status":"cancelled","Wiki":"https://www.gem.wiki/Calypso_LNG_Terminal","ProjectID":"T100000130656","UnitID":"G100002065600","CountriesOrAreas":"United States","StartState/Province":"Florida","StartLocation":"Florida, United States","Owner":"ENGIE SA [100%]","Operator":"","StartYear1":"","FuelType":"LNG","FacilityType":"import","LocationAccuracy":"approximate","Capacity":"8","CapacityUnits":"mtpa","CapacityMapScale":186400.0,"Tracker":"GGIT-LNG"}},{"type":"Feature","geometry":{"type":"Point","coordinates":[105.06,9.242]},"properties":{"PipelineName":"Ca Mau LNG Terminal","SegmentName":"","Status":"proposed","Wiki":"https://www.gem.wiki/Ca_Mau_LNG_Terminal","ProjectID":"T100001057487","UnitID":"G100001065717","CountriesOrAreas":"Vietnam","StartState/Province":"","StartLocation":"Vietnam","Owner":"PetroVietnam Power Corporation JSC","Operator":"","StartYear1":"","FuelType":"LNG","FacilityType":"import","LocationAccuracy":"approximate","Capacity":"1","CapacityUnits":"mtpa","CapacityMapScale":23300.0,"Tracker":"GGIT-LNG"}},{"type":"Feature","geometry":{"type":"Point","coordinates":[104.6099912,11.5792295]},"properties":{"PipelineName":"Cambodia LNG Project","SegmentName":"Unit Phase 2","Status":"cancelled","Wiki":"https://www.gem.wiki/Cambodia_LNG_Project","ProjectID":"T100000130709","UnitID":"G100002070902","CountriesOrAreas":"Cambodia","StartState/Province":"","StartLocation":"Cambodia","Owner":"Cambodia Natural Gas Corp [100%]","Operator":"","StartYear1":"","FuelType":"LNG","FacilityType":"import","LocationAccuracy":"approximate","Capacity":"0.6","CapacityUnits":"mtpa","CapacityMapScale":13980.0,"Tracker":"GGIT-LNG"}},{"type":"Feature","geometry":{"type":"Point","coordinates":[104.6099912,11.5792295]},"properties":{"PipelineName":"Cambodia LNG Project","SegmentName":"Unit Phase 3","Status":"cancelled","Wiki":"https://www.gem.wiki/Cambodia_LNG_Project","ProjectID":"T100000130709","UnitID":"G100002070903","CountriesOrAreas":"Cambodia","StartState/Province":"","StartLocation":"Cambodia","Owner":"Cambodia Natural Gas Corp [100%]","Operator":"","StartYear1":"","FuelType":"LNG","FacilityType":"import","LocationAccuracy":"approximate","Capacity":"3","CapacityUnits":"mtpa","CapacityMapScale":69900.0,"Tracker":"GGIT-LNG"}},{"type":"Feature","geometry":{"type":"Point","coordinates":[-93.3383732,30.035379]},"properties":{"PipelineName":"Cameron LNG Terminal","SegmentName":"Unit Import Terminal","Status":"mothballed","Wiki":"https://www.gem.wiki/Cameron_LNG_Terminal","ProjectID":"T100000130214","UnitID":"G100002021400","CountriesOrAreas":"United States","StartState/Province":"Louisiana","StartLocation":"Louisiana, United States","Owner":"Cameron LNG LLC [100%]","Operator":"Cameron LNG","StartYear1":"2009","FuelType":"LNG","FacilityType":"import","LocationAccuracy":"exact","Capacity":"11.4","CapacityUnits":"mtpa","CapacityMapScale":265620.0,"Tracker":"GGIT-LNG"}},{"type":"Feature","geometry":{"type":"Point","coordinates":[-93.3383732,30.035379]},"properties":{"PipelineName":"Cameron LNG Terminal","SegmentName":"Unit Export Terminal T1","Status":"operating","Wiki":"https://www.gem.wiki/Cameron_LNG_Terminal","ProjectID":"T100000130214","UnitID":"G100002021401","CountriesOrAreas":"United States","StartState/Province":"Louisiana","StartLocation":"Louisiana, United States","Owner":"Cameron LNG LLC [100%]","Operator":"Cameron LNG","StartYear1":"2019","FuelType":"LNG","FacilityType":"export","LocationAccuracy":"exact","Capacity":"4.5","CapacityUnits":"mtpa","CapacityMapScale":104850.0,"Tracker":"GGIT-LNG"}},{"type":"Feature","geometry":{"type":"Point","coordinates":[-93.3383732,30.035379]},"properties":{"PipelineName":"Cameron LNG Terminal","SegmentName":"Unit Export Terminal T2","Status":"operating","Wiki":"https://www.gem.wiki/Cameron_LNG_Terminal","ProjectID":"T100000130214","UnitID":"G100002021402","CountriesOrAreas":"United States","StartState/Province":"Louisiana","StartLocation":"Louisiana, United States","Owner":"Cameron LNG LLC [100%]","Operator":"Cameron LNG","StartYear1":"2020","FuelType":"LNG","FacilityType":"export","LocationAccuracy":"exact","Capacity":"4.5","CapacityUnits":"mtpa","CapacityMapScale":104850.0,"Tracker":"GGIT-LNG"}},{"type":"Feature","geometry":{"type":"Point","coordinates":[-93.3383732,30.035379]},"properties":{"PipelineName":"Cameron LNG Terminal","SegmentName":"Unit Export Terminal T3","Status":"operating","Wiki":"https://www.gem.wiki/Cameron_LNG_Terminal","ProjectID":"T100000130214","UnitID":"G100002021403","CountriesOrAreas":"United States","StartState/Province":"Louisiana","StartLocation":"Louisiana, United States","Owner":"Cameron LNG LLC [100%]","Operator":"Cameron LNG","StartYear1":"2020","FuelType":"LNG","FacilityType":"export","LocationAccuracy":"exact","Capacity":"4.5","CapacityUnits":"mtpa","CapacityMapScale":104850.0,"Tracker":"GGIT-LNG"}},{"type":"Feature","geometry":{"type":"Point","coordinates":[-93.3383732,30.035379]},"properties":{"PipelineName":"Cameron LNG Terminal","SegmentName":"Unit Export Terminal T4","Status":"proposed","Wiki":"https://www.gem.wiki/Cameron_LNG_Terminal","ProjectID":"T100000130214","UnitID":"G100002021404","CountriesOrAreas":"United States","StartState/Province":"Louisiana","StartLocation":"Louisiana, United States","Owner":"Cameron LNG LLC [100%]","Operator":"Cameron LNG","StartYear1":"","FuelType":"LNG","FacilityType":"export","LocationAccuracy":"exact","Capacity":"6.75","CapacityUnits":"mtpa","CapacityMapScale":157275.0,"Tracker":"GGIT-LNG"}},{"type":"Feature","geometry":{"type":"Point","coordinates":[-93.3383732,30.035379]},"properties":{"PipelineName":"Cameron LNG Terminal","SegmentName":"Unit Export Terminal T5","Status":"cancelled","Wiki":"https://www.gem.wiki/Cameron_LNG_Terminal","ProjectID":"T100000130214","UnitID":"G100002021405","CountriesOrAreas":"United States","StartState/Province":"Louisiana","StartLocation":"Louisiana, United States","Owner":"Cameron LNG LLC [100%]","Operator":"Cameron LNG","StartYear1":"","FuelType":"LNG","FacilityType":"export","LocationAccuracy":"exact","Capacity":"5","CapacityUnits":"mtpa","CapacityMapScale":116500.0,"Tracker":"GGIT-LNG"}},{"type":"Feature","geometry":{"type":"Point","coordinates":[-93.3383732,30.035379]},"properties":{"PipelineName":"Cameron LNG Terminal","SegmentName":"Unit Debottlenecking (T1-T3)","Status":"cancelled","Wiki":"https://www.gem.wiki/Cameron_LNG_Terminal","ProjectID":"T100000130214","UnitID":"G100002021406","CountriesOrAreas":"United States","StartState/Province":"Louisiana","StartLocation":"Louisiana, United States","Owner":"Cameron LNG LLC [100%]","Operator":"Cameron LNG","StartYear1":"","FuelType":"LNG","FacilityType":"export","LocationAccuracy":"exact","Capacity":"0.68","CapacityUnits":"mtpa","CapacityMapScale":15844.0,"Tracker":"GGIT-LNG"}},{"type":"Feature","geometry":{"type":"Point","coordinates":[7.8497314,-2.8936666]},"properties":{"PipelineName":"Cameroon FLNG Terminal","SegmentName":"Unit T1","Status":"operating","Wiki":"https://www.gem.wiki/Cameroon_FLNG_Terminal","ProjectID":"T100000130247","UnitID":"G100002024701","CountriesOrAreas":"Cameroon","StartState/Province":"Océan","StartLocation":"Océan, Cameroon","Owner":"Golar LNG Ltd [89%]; Keppel Ltd [10%]; Black & Veatch Holding Co [1%]","Operator":"Golar LNG","StartYear1":"2018","FuelType":"LNG","FacilityType":"export","LocationAccuracy":"exact","Capacity":"0.6","CapacityUnits":"mtpa","CapacityMapScale":13980.0,"Tracker":"GGIT-LNG"}},{"type":"Feature","geometry":{"type":"Point","coordinates":[7.8497314,-2.8936666]},"properties":{"PipelineName":"Cameroon FLNG Terminal","SegmentName":"Unit T2","Status":"operating","Wiki":"https://www.gem.wiki/Cameroon_FLNG_Terminal","ProjectID":"T100000130247","UnitID":"G100002024702","CountriesOrAreas":"Cameroon","StartState/Province":"Océan","StartLocation":"Océan, Cameroon","Owner":"Golar LNG Ltd [89%]; Keppel Ltd [10%]; Black & Veatch Holding Co [1%]","Operator":"Golar LNG","StartYear1":"2018","FuelType":"LNG","FacilityType":"export","LocationAccuracy":"exact","Capacity":"0.6","CapacityUnits":"mtpa","CapacityMapScale":13980.0,"Tracker":"GGIT-LNG"}},{"type":"Feature","geometry":{"type":"Point","coordinates":[7.8497314,-2.8936666]},"properties":{"PipelineName":"Cameroon FLNG Terminal","SegmentName":"Unit T3","Status":"operating","Wiki":"https://www.gem.wiki/Cameroon_FLNG_Terminal","ProjectID":"T100000130247","UnitID":"G100002024703","CountriesOrAreas":"Cameroon","StartState/Province":"Océan","StartLocation":"Océan, Cameroon","Owner":"Golar LNG Ltd [89%]; Keppel Ltd [10%]; Black & Veatch Holding Co [1%]","Operator":"Golar LNG","StartYear1":"2018","FuelType":"LNG","FacilityType":"export","LocationAccuracy":"exact","Capacity":"0.6","CapacityUnits":"mtpa","CapacityMapScale":13980.0,"Tracker":"GGIT-LNG"}},{"type":"Feature","geometry":{"type":"Point","coordinates":[7.8497314,-2.8936666]},"properties":{"PipelineName":"Cameroon FLNG Terminal","SegmentName":"Unit T4","Status":"operating","Wiki":"https://www.gem.wiki/Cameroon_FLNG_Terminal","ProjectID":"T100000130247","UnitID":"G100002024704","CountriesOrAreas":"Cameroon","StartState/Province":"Océan","StartLocation":"Océan, Cameroon","Owner":"Golar LNG Ltd [89%]; Keppel Ltd [10%]; Black & Veatch Holding Co [1%]","Operator":"Golar LNG","StartYear1":"2018","FuelType":"LNG","FacilityType":"export","LocationAccuracy":"exact","Capacity":"0.6","CapacityUnits":"mtpa","CapacityMapScale":13980.0,"Tracker":"GGIT-LNG"}},{"type":"Feature","geometry":{"type":"Point","coordinates":[9.8615,2.7257]},"properties":{"PipelineName":"Cameroon LNG Terminal","SegmentName":"","Status":"cancelled","Wiki":"https://www.gem.wiki/Cameroon_LNG_Terminal","ProjectID":"T100000130248","UnitID":"G100002024801","CountriesOrAreas":"Cameroon","StartState/Province":"South Region","StartLocation":"South Region, Cameroon","Owner":"ENGIE SA; Société Nationale des Hydrocarbures","Operator":"","StartYear1":"","FuelType":"LNG","FacilityType":"export","LocationAccuracy":"approximate","Capacity":"3.5","CapacityUnits":"mtpa","CapacityMapScale":81550.0,"Tracker":"GGIT-LNG"}},{"type":"Feature","geometry":{"type":"Point","coordinates":[108.885002,11.337419]},"properties":{"PipelineName":"Ca Na LNG Terminal","SegmentName":"","Status":"proposed","Wiki":"https://www.gem.wiki/Ca_Na_LNG_Terminal","ProjectID":"T100000130901","UnitID":"G100002090100","CountriesOrAreas":"Vietnam","StartState/Province":"Ninh Thuan","StartLocation":"Ninh Thuan, Vietnam","Owner":"","Operator":"","StartYear1":"","FuelType":"LNG","FacilityType":"import","LocationAccuracy":"approximate","Capacity":"","CapacityUnits":"","CapacityMapScale":"","Tracker":"GGIT-LNG"}},{"type":"Feature","geometry":{"type":"Point","coordinates":[-4.333333,53.283333]},"properties":{"PipelineName":"Canatxx LNG Terminal","SegmentName":"","Status":"cancelled","Wiki":"https://www.gem.wiki/Canatxx_LNG_Terminal","ProjectID":"T100000130547","UnitID":"G100002054700","CountriesOrAreas":"United Kingdom","StartState/Province":"Wales","StartLocation":"Wales, United Kingdom","Owner":"Canatxx LNG Ltd [100%]","Operator":"","StartYear1":"","FuelType":"LNG","FacilityType":"import","LocationAccuracy":"approximate","Capacity":"10","CapacityUnits":"mtpa","CapacityMapScale":233000.0,"Tracker":"GGIT-LNG"}},{"type":"Feature","geometry":{"type":"Point","coordinates":[117.793201,38.365118]},"properties":{"PipelineName":"Cangzhou LNG Terminal","SegmentName":"","Status":"shelved","Wiki":"https://www.gem.wiki/Cangzhou_LNG_Terminal","ProjectID":"T100000130790","UnitID":"G100002079000","CountriesOrAreas":"China","StartState/Province":"Hebei","StartLocation":"Hebei, China","Owner":"Hebei Jinjianjia Natural Gas Co Ltd [100%]","Operator":"","StartYear1":"","FuelType":"LNG","FacilityType":"import","LocationAccuracy":"exact","Capacity":"2.6","CapacityUnits":"mtpa","CapacityMapScale":60580.0,"Tracker":"GGIT-LNG"}},{"type":"Feature","geometry":{"type":"Point","coordinates":[0.583,51.516]},"properties":{"PipelineName":"Canvey LNG Terminal","SegmentName":"","Status":"cancelled","Wiki":"https://www.gem.wiki/Canvey_LNG_Terminal","ProjectID":"T100000130549","UnitID":"G100002054900","CountriesOrAreas":"United Kingdom","StartState/Province":"East region","StartLocation":"East region, United Kingdom","Owner":"Calor; LNG Japan Corp; Osaka Gas Co Ltd","Operator":"","StartYear1":"","FuelType":"LNG","FacilityType":"import","LocationAccuracy":"approximate","Capacity":"4","CapacityUnits":"mtpa","CapacityMapScale":93200.0,"Tracker":"GGIT-LNG"}},{"type":"Feature","geometry":{"type":"Point","coordinates":[118.541145,38.938745]},"properties":{"PipelineName":"Caofeidian FSRU","SegmentName":"Unit Phase 2","Status":"cancelled","Wiki":"https://www.gem.wiki/Caofeidian_FSRU","ProjectID":"T100000130942","UnitID":"G100001093504","CountriesOrAreas":"China","StartState/Province":"Hebei","StartLocation":"Hebei, China","Owner":"Caofeidian Financial Holding Group Co Ltd; China Overseas Smart City Technology Group Co Ltd","Operator":"","StartYear1":"","FuelType":"LNG","FacilityType":"import","LocationAccuracy":"approximate","Capacity":"7","CapacityUnits":"mtpa","CapacityMapScale":163100.0,"Tracker":"GGIT-LNG"}},{"type":"Feature","geometry":{"type":"Point","coordinates":[118.541145,38.938745]},"properties":{"PipelineName":"Caofeidian FSRU","SegmentName":"Unit Phase 1 FSRU","Status":"cancelled","Wiki":"https://www.gem.wiki/Caofeidian_FSRU","ProjectID":"T100000130942","UnitID":"G100002094200","CountriesOrAreas":"China","StartState/Province":"Hebei","StartLocation":"Hebei, China","Owner":"Caofeidian Financial Holding Group Co Ltd; China Overseas Smart City Technology Group Co Ltd","Operator":"","StartYear1":"","FuelType":"LNG","FacilityType":"import","LocationAccuracy":"approximate","Capacity":"3","CapacityUnits":"mtpa","CapacityMapScale":69900.0,"Tracker":"GGIT-LNG"}},{"type":"Feature","geometry":{"type":"Point","coordinates":[118.541145,38.938745]},"properties":{"PipelineName":"Caofeidian LNG Terminal (Beijing Energy)","SegmentName":"","Status":"cancelled","Wiki":"https://www.gem.wiki/Caofeidian_LNG_Terminal_(Beijing_Energy)","ProjectID":"T100000130941","UnitID":"G100002094100","CountriesOrAreas":"China","StartState/Province":"Hebei","StartLocation":"Hebei, China","Owner":"Tangshan Jingcao Natural Gas Co Ltd [100%]","Operator":"","StartYear1":"","FuelType":"LNG","FacilityType":"import","LocationAccuracy":"approximate","Capacity":"","CapacityUnits":"","CapacityMapScale":"","Tracker":"GGIT-LNG"}},{"type":"Feature","geometry":{"type":"Point","coordinates":[8.71253,-0.632279]},"properties":{"PipelineName":"Cap Lopez FLNG Terminal","SegmentName":"","Status":"construction","Wiki":"https://www.gem.wiki/Cap_Lopez_FLNG_Terminal","ProjectID":"T100000131107","UnitID":"G100002110701","CountriesOrAreas":"Gabon","StartState/Province":"","StartLocation":"Gabon","Owner":"Perenco SA [100%]","Operator":"Perenco","StartYear1":"","FuelType":"LNG","FacilityType":"export","LocationAccuracy":"approximate","Capacity":"0.7","CapacityUnits":"mtpa","CapacityMapScale":16310.0,"Tracker":"GGIT-LNG"}},{"type":"Feature","geometry":{"type":"Point","coordinates":[-75.5958508,9.4935263]},"properties":{"PipelineName":"Caribe LNG Terminal","SegmentName":"","Status":"construction","Wiki":"https://www.gem.wiki/Caribe_LNG_FSU","ProjectID":"T100001061406","UnitID":"G100001070354","CountriesOrAreas":"Colombia","StartState/Province":"Sucre","StartLocation":"Sucre, Colombia","Owner":"Caribe LNG SASESP [100%]","Operator":"Caribe LNG","StartYear1":"","FuelType":"LNG","FacilityType":"import","LocationAccuracy":"approximate","Capacity":"60","CapacityUnits":"MMcf/d","CapacityMapScale":10722.7,"Tracker":"GGIT-LNG"}},{"type":"Feature","geometry":{"type":"Point","coordinates":[-75.5580708,10.2811031]},"properties":{"PipelineName":"Cartagena FSRU (Colombia)","SegmentName":"","Status":"operating","Wiki":"https://www.gem.wiki/Cartagena_FSRU_(Colombia)","ProjectID":"T100000130562","UnitID":"G100002056200","CountriesOrAreas":"Colombia","StartState/Province":"Bolivar","StartLocation":"Bolivar, Colombia","Owner":"Sociedad Portuaria El Cayao (SPEC) [100%]","Operator":"Hoegh Evi; Höegh Evi [TO BE DELETED]; Sociedad Portuaria El Cayao (SPEC)","StartYear1":"2016","FuelType":"LNG","FacilityType":"import","LocationAccuracy":"exact","Capacity":"0.4","CapacityUnits":"bcf/d","CapacityMapScale":71484.4,"Tracker":"GGIT-LNG"}},{"type":"Feature","geometry":{"type":"Point","coordinates":[-75.5580708,10.2811031]},"properties":{"PipelineName":"Cartagena FSRU (Colombia)","SegmentName":"Unit Phase 1 Expansion","Status":"operating","Wiki":"https://www.gem.wiki/Cartagena_FSRU_(Colombia)","ProjectID":"T100000130562","UnitID":"G100002056201","CountriesOrAreas":"Colombia","StartState/Province":"Bolivar","StartLocation":"Bolivar, Colombia","Owner":"Sociedad Portuaria El Cayao (SPEC) [100%]","Operator":"Hoegh Evi; Höegh Evi [TO BE DELETED]; Sociedad Portuaria El Cayao (SPEC)","StartYear1":"2026","FuelType":"LNG","FacilityType":"import","LocationAccuracy":"exact","Capacity":"75","CapacityUnits":"MMcf/d","CapacityMapScale":13403.3,"Tracker":"GGIT-LNG"}},{"type":"Feature","geometry":{"type":"Point","coordinates":[-75.5580708,10.2811031]},"properties":{"PipelineName":"Cartagena FSRU (Colombia)","SegmentName":"Unit Phase 2 Expansion","Status":"proposed","Wiki":"https://www.gem.wiki/Cartagena_FSRU_(Colombia)","ProjectID":"T100000130562","UnitID":"G100002056202","CountriesOrAreas":"Colombia","StartState/Province":"Bolivar","StartLocation":"Bolivar, Colombia","Owner":"Sociedad Portuaria El Cayao (SPEC) [100%]","Operator":"Hoegh Evi; Höegh Evi [TO BE DELETED]; Sociedad Portuaria El Cayao (SPEC)","StartYear1":"","FuelType":"LNG","FacilityType":"import","LocationAccuracy":"exact","Capacity":"58","CapacityUnits":"MMcf/d","CapacityMapScale":10365.2,"Tracker":"GGIT-LNG"}},{"type":"Feature","geometry":{"type":"Point","coordinates":[-0.9595,37.57457]},"properties":{"PipelineName":"Cartagena LNG Terminal (Spain)","SegmentName":"","Status":"operating","Wiki":"https://www.gem.wiki/Cartagena_LNG_Terminal_(Spain)","ProjectID":"T100000130526","UnitID":"G100002052600","CountriesOrAreas":"Spain","StartState/Province":"Province of Murcia","StartLocation":"Province of Murcia, Spain","Owner":"Enagás SA [100%]","Operator":"Enagás","StartYear1":"1989","FuelType":"LNG","FacilityType":"import","LocationAccuracy":"exact","Capacity":"11.83","CapacityUnits":"mtpa","CapacityMapScale":275639.0,"Tracker":"GGIT-LNG"}},{"type":"Feature","geometry":{"type":"Point","coordinates":[124.947613,-12.294941]},"properties":{"PipelineName":"Cash Maple FLNG Terminal","SegmentName":"","Status":"cancelled","Wiki":"https://www.gem.wiki/Cash_Maple_FLNG_Terminal","ProjectID":"T100000130693","UnitID":"G100002069301","CountriesOrAreas":"Australia","StartState/Province":"Western Australia","StartLocation":"Western Australia, Australia","Owner":"PTTEP [100%]","Operator":"","StartYear1":"","FuelType":"LNG","FacilityType":"export","LocationAccuracy":"approximate","Capacity":"2","CapacityUnits":"mtpa","CapacityMapScale":46600.0,"Tracker":"GGIT-LNG"}},{"type":"Feature","geometry":{"type":"Point","coordinates":[-88.62,30.46]},"properties":{"PipelineName":"Casotte Landing LNG Terminal","SegmentName":"","Status":"cancelled","Wiki":"https://www.gem.wiki/Casotte_Landing_LNG_Terminal","ProjectID":"T100000130845","UnitID":"G100002084500","CountriesOrAreas":"United States","StartState/Province":"Mississippi","StartLocation":"Mississippi, United States","Owner":"Chevron Corp [100%]","Operator":"","StartYear1":"","FuelType":"LNG","FacilityType":"import","LocationAccuracy":"approximate","Capacity":"10","CapacityUnits":"mtpa","CapacityMapScale":233000.0,"Tracker":"GGIT-LNG"}},{"type":"Feature","geometry":{"type":"Point","coordinates":[106.678881,20.866225]},"properties":{"PipelineName":"Cat Hai FSRU","SegmentName":"","Status":"cancelled","Wiki":"https://www.gem.wiki/Cat_Hai_FSRU","ProjectID":"T100000130980","UnitID":"G100002098000","CountriesOrAreas":"Vietnam","StartState/Province":"","StartLocation":"Vietnam","Owner":"Exxon Mobil Corp; Hai Phong People's Committee; JERA Co Inc","Operator":"","StartYear1":"","FuelType":"LNG","FacilityType":"import","LocationAccuracy":"approximate","Capacity":"3","CapacityUnits":"mtpa","CapacityMapScale":69900.0,"Tracker":"GGIT-LNG"}},{"type":"Feature","geometry":{"type":"Point","coordinates":[-128.697117,53.975418]},"properties":{"PipelineName":"Cedar FLNG Terminal","SegmentName":"","Status":"construction","Wiki":"https://www.gem.wiki/Cedar_FLNG_Terminal","ProjectID":"T100000130350","UnitID":"G100002035001","CountriesOrAreas":"Canada","StartState/Province":"British Columbia","StartLocation":"British Columbia, Canada","Owner":"Cedar LNG Partners LP [100%]","Operator":"Cedar LNG Partners; Exmar","StartYear1":"","FuelType":"LNG","FacilityType":"export","LocationAccuracy":"exact","Capacity":"3.3","CapacityUnits":"mtpa","CapacityMapScale":76890.0,"Tracker":"GGIT-LNG"}},{"type":"Feature","geometry":{"type":"Point","coordinates":[-89.3582109,29.3007979]},"properties":{"PipelineName":"CE FLNG Terminal","SegmentName":"Unit T1-T2","Status":"cancelled","Wiki":"https://www.gem.wiki/CE_FLNG_Terminal","ProjectID":"T100000130213","UnitID":"G100002021301","CountriesOrAreas":"United States","StartState/Province":"Louisiana","StartLocation":"Louisiana, United States","Owner":"CE FLNG LLC [100%]","Operator":"","StartYear1":"","FuelType":"LNG","FacilityType":"export","LocationAccuracy":"approximate","Capacity":"8","CapacityUnits":"mtpa","CapacityMapScale":186400.0,"Tracker":"GGIT-LNG"}},{"type":"Feature","geometry":{"type":"Point","coordinates":[109.0,-7.733333]},"properties":{"PipelineName":"Central Java FSRU","SegmentName":"","Status":"cancelled","Wiki":"https://www.gem.wiki/Central_Java_FSRU","ProjectID":"T100000130279","UnitID":"G100002027900","CountriesOrAreas":"Indonesia","StartState/Province":"Central Java","StartLocation":"Central Java, Indonesia","Owner":"PT Pertamina (Persero) PT [100%]","Operator":"","StartYear1":"","FuelType":"LNG","FacilityType":"import","LocationAccuracy":"approximate","Capacity":"1.4","CapacityUnits":"mtpa","CapacityMapScale":32620.0,"Tracker":"GGIT-LNG"}},{"type":"Feature","geometry":{"type":"Point","coordinates":[100.564161,7.235476]},"properties":{"PipelineName":"Chana LNG Terminal","SegmentName":"","Status":"cancelled","Wiki":"https://www.gem.wiki/Chana_LNG_Terminal","ProjectID":"T100000130893","UnitID":"G100002089300","CountriesOrAreas":"Thailand","StartState/Province":"Songkhla","StartLocation":"Songkhla, Thailand","Owner":"KOGAS Canada Ltd; Korea Western Power Co Ltd; Thai Petrochemical Industry Polene Power","Operator":"","StartYear1":"","FuelType":"LNG","FacilityType":"import","LocationAccuracy":"approximate","Capacity":"","CapacityUnits":"","CapacityMapScale":"","Tracker":"GGIT-LNG"}},{"type":"Feature","geometry":{"type":"Point","coordinates":[108.020046,16.332683]},"properties":{"PipelineName":"Chan May LNG Terminal","SegmentName":"","Status":"cancelled","Wiki":"https://www.gem.wiki/Chan_May_LNG_Terminal","ProjectID":"T100000130902","UnitID":"G100002090200","CountriesOrAreas":"Vietnam","StartState/Province":"","StartLocation":"Vietnam","Owner":"Chan May LNG JSC [100%]","Operator":"","StartYear1":"","FuelType":"LNG","FacilityType":"import","LocationAccuracy":"approximate","Capacity":"","CapacityUnits":"","CapacityMapScale":"","Tracker":"GGIT-LNG"}},{"type":"Feature","geometry":{"type":"Point","coordinates":[117.12851,23.583697]},"properties":{"PipelineName":"Chaozhou LNG Terminal (Huaying)","SegmentName":"Unit Phase 1","Status":"operating","Wiki":"https://www.gem.wiki/Chaozhou_LNG_Terminal_(Huaying)","ProjectID":"T100000130943","UnitID":"G100002094300","CountriesOrAreas":"China","StartState/Province":"Guangdong","StartLocation":"Guangdong, China","Owner":"Huaying Natural Gas Co Ltd [100%]","Operator":"","StartYear1":"2024","FuelType":"LNG","FacilityType":"import","LocationAccuracy":"exact","Capacity":"6","CapacityUnits":"mtpa","CapacityMapScale":139800.0,"Tracker":"GGIT-LNG"}},{"type":"Feature","geometry":{"type":"Point","coordinates":[117.12851,23.583697]},"properties":{"PipelineName":"Chaozhou LNG Terminal (Huaying)","SegmentName":"Unit Phase 2","Status":"proposed","Wiki":"https://www.gem.wiki/Chaozhou_LNG_Terminal_(Huaying)","ProjectID":"T100000130943","UnitID":"G100002094301","CountriesOrAreas":"China","StartState/Province":"Guangdong","StartLocation":"Guangdong, China","Owner":"Huaying Natural Gas Co Ltd [100%]","Operator":"","StartYear1":"","FuelType":"LNG","FacilityType":"import","LocationAccuracy":"exact","Capacity":"6","CapacityUnits":"mtpa","CapacityMapScale":139800.0,"Tracker":"GGIT-LNG"}},{"type":"Feature","geometry":{"type":"Point","coordinates":[109.953888,19.977497]},"properties":{"PipelineName":"Chengmai LNG Terminal","SegmentName":"","Status":"cancelled","Wiki":"https://www.gem.wiki/Chengmai_LNG_Terminal","ProjectID":"T100000130378","UnitID":"G100002037800","CountriesOrAreas":"China","StartState/Province":"Hainan","StartLocation":"Hainan, China","Owner":"Huadian Fuxin Energy Development Co Ltd","Operator":"","StartYear1":"","FuelType":"LNG","FacilityType":"import","LocationAccuracy":"approximate","Capacity":"12","CapacityUnits":"mtpa","CapacityMapScale":279600.0,"Tracker":"GGIT-LNG"}},{"type":"Feature","geometry":{"type":"Point","coordinates":[39.0370808,44.1508652]},"properties":{"PipelineName":"Chernomorsky LNG Terminal","SegmentName":"","Status":"shelved","Wiki":"https://www.gem.wiki/Chernomorsky_LNG_Terminal","ProjectID":"T100000130983","UnitID":"G100002098301","CountriesOrAreas":"Russia","StartState/Province":"Krasnodar Krai","StartLocation":"Krasnodar Krai, Russia","Owner":"Gazprom PJSC [100%]","Operator":"","StartYear1":"","FuelType":"LNG","FacilityType":"export","LocationAccuracy":"approximate","Capacity":"1.5","CapacityUnits":"mtpa","CapacityMapScale":34950.0,"Tracker":"GGIT-LNG"}},{"type":"Feature","geometry":{"type":"Point","coordinates":[70.749983,20.72124]},"properties":{"PipelineName":"Chhara LNG Terminal","SegmentName":"","Status":"operating","Wiki":"https://www.gem.wiki/Chhara_LNG_Terminal","ProjectID":"T100000130800","UnitID":"G100002080000","CountriesOrAreas":"India","StartState/Province":"Gujarat","StartLocation":"Gujarat, India","Owner":"HPCL Shapoorji Energy Pvt Ltd [100%]","Operator":"","StartYear1":"2025","FuelType":"LNG","FacilityType":"import","LocationAccuracy":"exact","Capacity":"5","CapacityUnits":"mtpa","CapacityMapScale":116500.0,"Tracker":"GGIT-LNG"}},{"type":"Feature","geometry":{"type":"Point","coordinates":[136.82288,34.96664]},"properties":{"PipelineName":"Chita Kyodo LNG Terminal","SegmentName":"","Status":"operating","Wiki":"https://www.gem.wiki/Chita_Kyodo_LNG_Terminal","ProjectID":"T100000130459","UnitID":"G100002045900","CountriesOrAreas":"Japan","StartState/Province":"Chūbu","StartLocation":"Chūbu, Japan","Owner":"JERA Co Inc; Toho Gas Co Ltd","Operator":"","StartYear1":"1977","FuelType":"LNG","FacilityType":"import","LocationAccuracy":"exact","Capacity":"7.5","CapacityUnits":"mtpa","CapacityMapScale":174750.0,"Tracker":"GGIT-LNG"}},{"type":"Feature","geometry":{"type":"Point","coordinates":[136.82721,34.96826]},"properties":{"PipelineName":"Chita LNG Terminal","SegmentName":"","Status":"operating","Wiki":"https://www.gem.wiki/Chita_LNG_Terminal","ProjectID":"T100000130461","UnitID":"G100002046100","CountriesOrAreas":"Japan","StartState/Province":"Chūbu","StartLocation":"Chūbu, Japan","Owner":"Chita LNG Co Ltd [100%]","Operator":"","StartYear1":"1983","FuelType":"LNG","FacilityType":"import","LocationAccuracy":"exact","Capacity":"10.9","CapacityUnits":"mtpa","CapacityMapScale":253970.0,"Tracker":"GGIT-LNG"}},{"type":"Feature","geometry":{"type":"Point","coordinates":[136.8195,34.96245]},"properties":{"PipelineName":"Chita Midorihama LNG Terminal","SegmentName":"Unit Expansion 1","Status":"operating","Wiki":"https://www.gem.wiki/Chita_Midorihama_LNG_Terminal","ProjectID":"T100000130463","UnitID":"G100001094023","CountriesOrAreas":"Japan","StartState/Province":"Chūbu","StartLocation":"Chūbu, Japan","Owner":"Toho Gas Co Ltd [100%]","Operator":"","StartYear1":"2003","FuelType":"LNG","FacilityType":"import","LocationAccuracy":"exact","Capacity":"1","CapacityUnits":"mtpa","CapacityMapScale":23300.0,"Tracker":"GGIT-LNG"}},{"type":"Feature","geometry":{"type":"Point","coordinates":[136.8195,34.96245]},"properties":{"PipelineName":"Chita Midorihama LNG Terminal","SegmentName":"Unit Expansion 2","Status":"operating","Wiki":"https://www.gem.wiki/Chita_Midorihama_LNG_Terminal","ProjectID":"T100000130463","UnitID":"G100001094024","CountriesOrAreas":"Japan","StartState/Province":"Chūbu","StartLocation":"Chūbu, Japan","Owner":"Toho Gas Co Ltd [100%]","Operator":"","StartYear1":"2007","FuelType":"LNG","FacilityType":"import","LocationAccuracy":"exact","Capacity":"1.7","CapacityUnits":"mtpa","CapacityMapScale":39610.0,"Tracker":"GGIT-LNG"}},{"type":"Feature","geometry":{"type":"Point","coordinates":[136.8195,34.96245]},"properties":{"PipelineName":"Chita Midorihama LNG Terminal","SegmentName":"Unit Expansion 3","Status":"operating","Wiki":"https://www.gem.wiki/Chita_Midorihama_LNG_Terminal","ProjectID":"T100000130463","UnitID":"G100001094025","CountriesOrAreas":"Japan","StartState/Province":"Chūbu","StartLocation":"Chūbu, Japan","Owner":"Toho Gas Co Ltd [100%]","Operator":"","StartYear1":"2014","FuelType":"LNG","FacilityType":"import","LocationAccuracy":"exact","Capacity":"1","CapacityUnits":"mtpa","CapacityMapScale":23300.0,"Tracker":"GGIT-LNG"}},{"type":"Feature","geometry":{"type":"Point","coordinates":[136.8195,34.96245]},"properties":{"PipelineName":"Chita Midorihama LNG Terminal","SegmentName":"","Status":"operating","Wiki":"https://www.gem.wiki/Chita_Midorihama_LNG_Terminal","ProjectID":"T100000130463","UnitID":"G100002046300","CountriesOrAreas":"Japan","StartState/Province":"Chūbu","StartLocation":"Chūbu, Japan","Owner":"Toho Gas Co Ltd [100%]","Operator":"","StartYear1":"2001","FuelType":"LNG","FacilityType":"import","LocationAccuracy":"exact","Capacity":"4","CapacityUnits":"mtpa","CapacityMapScale":93200.0,"Tracker":"GGIT-LNG"}},{"type":"Feature","geometry":{"type":"Point","coordinates":[122.0033309,29.9147442]},"properties":{"PipelineName":"Chuanbi Island LNG Terminal","SegmentName":"","Status":"cancelled","Wiki":"https://www.gem.wiki/Chuanbi_Island_LNG_Terminal","ProjectID":"T100000131056","UnitID":"G100002105600","CountriesOrAreas":"China","StartState/Province":"Zhejiang","StartLocation":"Zhejiang, China","Owner":"New Fortress Energy Inc [100%]","Operator":"","StartYear1":"","FuelType":"LNG","FacilityType":"import","LocationAccuracy":"exact","Capacity":"3","CapacityUnits":"mtpa","CapacityMapScale":69900.0,"Tracker":"GGIT-LNG"}},{"type":"Feature","geometry":{"type":"Point","coordinates":[-74.299694,11.1505668]},"properties":{"PipelineName":"Ciénaga FSRU","SegmentName":"","Status":"proposed","Wiki":"https://www.gem.wiki/Ciénaga_FSRU","ProjectID":"T100001049368","UnitID":"G100001056975","CountriesOrAreas":"Colombia","StartState/Province":"Magdalena","StartLocation":"Magdalena, Colombia","Owner":"Sociedad Portuaria Ciénaga LNG SAS [100%]","Operator":"","StartYear1":"","FuelType":"LNG","FacilityType":"import","LocationAccuracy":"approximate","Capacity":"0.4","CapacityUnits":"bcf/d","CapacityMapScale":71484.4,"Tracker":"GGIT-LNG"}},{"type":"Feature","geometry":{"type":"Point","coordinates":[-77.536488,25.005661]},"properties":{"PipelineName":"Clifton Pier LNG Terminal","SegmentName":"","Status":"shelved","Wiki":"https://www.gem.wiki/Clifton_Pier_LNG_Terminal","ProjectID":"T100000131117","UnitID":"G100002111700","CountriesOrAreas":"Bahamas","StartState/Province":"Nassau","StartLocation":"Nassau, Bahamas","Owner":"Sun Oil Ltd [60%]; Shell Bahamas Power Company Inc [40%]","Operator":"New Providence Gas","StartYear1":"","FuelType":"LNG","FacilityType":"import","LocationAccuracy":"approximate","Capacity":"55","CapacityUnits":"MMcf/d","CapacityMapScale":9829.1,"Tracker":"GGIT-LNG"}},{"type":"Feature","geometry":{"type":"Point","coordinates":[-97.4549736,27.8234807]},"properties":{"PipelineName":"Coastal Bend LNG Terminal","SegmentName":"Unit T1-T5","Status":"proposed","Wiki":"https://www.gem.wiki/Coastal_Bend_LNG_Terminal","ProjectID":"T100001061247","UnitID":"G100001070165","CountriesOrAreas":"United States","StartState/Province":"","StartLocation":"United States","Owner":"Coastal Bend LNG LLC","Operator":"","StartYear1":"","FuelType":"LNG","FacilityType":"export","LocationAccuracy":"approximate","Capacity":"22.5","CapacityUnits":"mtpa","CapacityMapScale":524250.0,"Tracker":"GGIT-LNG"}},{"type":"Feature","geometry":{"type":"Point","coordinates":[-94.400235,18.135366]},"properties":{"PipelineName":"Coatzacoalcos II LNG Terminal","SegmentName":"","Status":"proposed","Wiki":"https://www.gem.wiki/Coatzacoalcos_II_LNG_Terminal","ProjectID":"T100001054469","UnitID":"G100001062346","CountriesOrAreas":"Mexico","StartState/Province":"Veracruz","StartLocation":"Veracruz, Mexico","Owner":"Casarve Servicios SRL [50%]; Comercializadora Aqualita SA [50%]","Operator":"Ursus Aqualita LNG","StartYear1":"","FuelType":"LNG","FacilityType":"export","LocationAccuracy":"approximate","Capacity":"0.05","CapacityUnits":"MMcf/d","CapacityMapScale":8.9,"Tracker":"GGIT-LNG"}},{"type":"Feature","geometry":{"type":"Point","coordinates":[-94.406895,18.119088]},"properties":{"PipelineName":"Coatzacoalcos LNG Terminal (CFE)","SegmentName":"","Status":"shelved","Wiki":"https://www.gem.wiki/Coatzacoalcos_LNG_Terminal_(CFE)","ProjectID":"T100000131114","UnitID":"G100002111400","CountriesOrAreas":"Mexico","StartState/Province":"Veracruz","StartLocation":"Veracruz, Mexico","Owner":"CFEnergía SA de CV [100%]","Operator":"CFEnergía","StartYear1":"","FuelType":"LNG","FacilityType":"export","LocationAccuracy":"approximate","Capacity":"0.6","CapacityUnits":"bcf/d","CapacityMapScale":107226.6,"Tracker":"GGIT-LNG"}},{"type":"Feature","geometry":{"type":"Point","coordinates":[25.69237,-33.802993]},"properties":{"PipelineName":"Coega FSRU","SegmentName":"","Status":"cancelled","Wiki":"https://www.gem.wiki/Coega_FSRU","ProjectID":"T100000130265","UnitID":"G100002026500","CountriesOrAreas":"South Africa","StartState/Province":"Eastern Cape","StartLocation":"Eastern Cape, South Africa","Owner":"Karpowership [100%]","Operator":"Karpowership","StartYear1":"","FuelType":"LNG","FacilityType":"import","LocationAccuracy":"exact","Capacity":"","CapacityUnits":"","CapacityMapScale":"","Tracker":"GGIT-LNG"}},{"type":"Feature","geometry":{"type":"Point","coordinates":[-71.533333,-32.783333]},"properties":{"PipelineName":"Colbun FLNG Terminal","SegmentName":"","Status":"cancelled","Wiki":"https://www.gem.wiki/Colbun_FLNG_Terminal","ProjectID":"T100000130552","UnitID":"G100002055200","CountriesOrAreas":"Chile","StartState/Province":"Valparaíso","StartLocation":"Valparaíso, Chile","Owner":"AES Andes SA; Colbún [TO BE DELETED] SA","Operator":"Höegh Evi","StartYear1":"","FuelType":"LNG","FacilityType":"import","LocationAccuracy":"approximate","Capacity":"1.5","CapacityUnits":"mtpa","CapacityMapScale":34950.0,"Tracker":"GGIT-LNG"}},{"type":"Feature","geometry":{"type":"Point","coordinates":[-74.796389,10.963889]},"properties":{"PipelineName":"Colombia FLNG Terminal","SegmentName":"","Status":"cancelled","Wiki":"https://www.gem.wiki/Colombia_FLNG_Terminal","ProjectID":"T100000130563","UnitID":"G100002056301","CountriesOrAreas":"Colombia","StartState/Province":"Atlántico","StartLocation":"Atlántico, Colombia","Owner":"Exmar NV [100%]","Operator":"","StartYear1":"","FuelType":"LNG","FacilityType":"export","LocationAccuracy":"approximate","Capacity":"0.5","CapacityUnits":"mtpa","CapacityMapScale":11650.0,"Tracker":"GGIT-LNG"}},{"type":"Feature","geometry":{"type":"Point","coordinates":[-93.348066,29.764163]},"properties":{"PipelineName":"Commonwealth LNG Terminal","SegmentName":"Unit Phase 1 (T1-T6)","Status":"construction","Wiki":"https://www.gem.wiki/Commonwealth_LNG_Terminal","ProjectID":"T100000130215","UnitID":"G100002021501","CountriesOrAreas":"United States","StartState/Province":"Louisiana","StartLocation":"Louisiana, United States","Owner":"Commonwealth LNG LLC [100%]","Operator":"","StartYear1":"","FuelType":"LNG","FacilityType":"export","LocationAccuracy":"exact","Capacity":"9.5","CapacityUnits":"mtpa","CapacityMapScale":221350.0,"Tracker":"GGIT-LNG"}},{"type":"Feature","geometry":{"type":"Point","coordinates":[-88.125278,30.256389]},"properties":{"PipelineName":"Compass Port LNG Terminal","SegmentName":"","Status":"cancelled","Wiki":"https://www.gem.wiki/Compass_Port_LNG_Terminal","ProjectID":"T100000130840","UnitID":"G100002084000","CountriesOrAreas":"United States","StartState/Province":"Alabama","StartLocation":"Alabama, United States","Owner":"ConocoPhillips Corp [100%]","Operator":"","StartYear1":"","FuelType":"LNG","FacilityType":"import","LocationAccuracy":"approximate","Capacity":"8","CapacityUnits":"mtpa","CapacityMapScale":186400.0,"Tracker":"GGIT-LNG"}},{"type":"Feature","geometry":{"type":"Point","coordinates":[11.881,-4.893]},"properties":{"PipelineName":"Congo FLNG Terminal","SegmentName":"","Status":"operating","Wiki":"https://www.gem.wiki/Congo_FLNG_Terminal","ProjectID":"T100000131003","UnitID":"G100002100301","CountriesOrAreas":"Republic of the Congo","StartState/Province":"","StartLocation":"Republic of the Congo","Owner":"Eni Congo SAU [75%]; Vitol SA [25%]","Operator":"Eni Congo","StartYear1":"2024","FuelType":"LNG","FacilityType":"export","LocationAccuracy":"exact","Capacity":"0.6","CapacityUnits":"mtpa","CapacityMapScale":13980.0,"Tracker":"GGIT-LNG"}},{"type":"Feature","geometry":{"type":"Point","coordinates":[105.779,19.358]},"properties":{"PipelineName":"Cong Thanh LNG Terminal","SegmentName":"","Status":"proposed","Wiki":"https://www.gem.wiki/Cong_Thanh_LNG_Terminal","ProjectID":"T100001084023","UnitID":"G100001095373","CountriesOrAreas":"Vietnam","StartState/Province":"","StartLocation":"Vietnam","Owner":"Cong Thanh Thermal Power JSC; Doosan Enerbility Co Ltd; Power Construction Consulting 2 JSC","Operator":"","StartYear1":"","FuelType":"LNG","FacilityType":"import","LocationAccuracy":"approximate","Capacity":"1.5","CapacityUnits":"mtpa","CapacityMapScale":34950.0,"Tracker":"GGIT-LNG"}},{"type":"Feature","geometry":{"type":"Point","coordinates":[28.638333,44.173333]},"properties":{"PipelineName":"Constanta LNG Terminal","SegmentName":"","Status":"cancelled","Wiki":"https://www.gem.wiki/Constanta_LNG_Terminal","ProjectID":"T100000130502","UnitID":"G100002050200","CountriesOrAreas":"Romania","StartState/Province":"Dobruja","StartLocation":"Dobruja, Romania","Owner":"RomGaz [TO BE DELETED] [100%]","Operator":"","StartYear1":"","FuelType":"LNG","FacilityType":"import","LocationAccuracy":"approximate","Capacity":"6","CapacityUnits":"mtpa","CapacityMapScale":139800.0,"Tracker":"GGIT-LNG"}},{"type":"Feature","geometry":{"type":"Point","coordinates":[-151.67347,60.69523]},"properties":{"PipelineName":"Cook Inlet FSRU","SegmentName":"","Status":"proposed","Wiki":"https://www.gem.wiki/Cook_Inlet_FSRU","ProjectID":"T100001083399","UnitID":"G100001094269","CountriesOrAreas":"United States","StartState/Province":"","StartLocation":"United States","Owner":"Cook Inlet LNG LLC [100%]","Operator":"","StartYear1":"","FuelType":"LNG","FacilityType":"import","LocationAccuracy":"exact","Capacity":"22","CapacityUnits":"","CapacityMapScale":"","Tracker":"GGIT-LNG"}},{"type":"Feature","geometry":{"type":"Point","coordinates":[41.2,-10.9]},"properties":{"PipelineName":"Coral North FLNG Terminal","SegmentName":"","Status":"proposed","Wiki":"https://www.gem.wiki/Coral_North_FLNG_Terminal","ProjectID":"T100000131124","UnitID":"G100002112401","CountriesOrAreas":"Mozambique","StartState/Province":"Cabo Delgado","StartLocation":"Cabo Delgado, Mozambique","Owner":"Eni SpA [50%]; China National Petroleum Corp [20%]; Abu Dhabi National Oil Co [10%]; Empresa Nacional de Hidrocarbonetos EP [10%]; KOGAS Canada Ltd [10%]","Operator":"Eni","StartYear1":"","FuelType":"LNG","FacilityType":"export","LocationAccuracy":"approximate","Capacity":"3.6","CapacityUnits":"mtpa","CapacityMapScale":83880.0,"Tracker":"GGIT-LNG"}},{"type":"Feature","geometry":{"type":"Point","coordinates":[41.1379623,-11.2154485]},"properties":{"PipelineName":"Coral South FLNG Terminal","SegmentName":"","Status":"operating","Wiki":"https://www.gem.wiki/Coral_South_FLNG_Terminal","ProjectID":"T100000130258","UnitID":"G100002025801","CountriesOrAreas":"Mozambique","StartState/Province":"Cabo Delgado","StartLocation":"Cabo Delgado, Mozambique","Owner":"Coral South FLNG DMCC [100%]","Operator":"Eni","StartYear1":"2022","FuelType":"LNG","FacilityType":"export","LocationAccuracy":"exact","Capacity":"3.4","CapacityUnits":"mtpa","CapacityMapScale":79220.0,"Tracker":"GGIT-LNG"}},{"type":"Feature","geometry":{"type":"Point","coordinates":[-97.2865629,27.9135423]},"properties":{"PipelineName":"Corpus Christi LNG Terminal","SegmentName":"Unit Stage 4 (T13-16) Expansion","Status":"proposed","Wiki":"https://www.gem.wiki/Corpus_Christi_LNG_Terminal","ProjectID":"T100000130216","UnitID":"G100001064489","CountriesOrAreas":"United States","StartState/Province":"Texas","StartLocation":"Texas, United States","Owner":"","Operator":"","StartYear1":"","FuelType":"LNG","FacilityType":"export","LocationAccuracy":"exact","Capacity":"24","CapacityUnits":"mtpa","CapacityMapScale":559200.0,"Tracker":"GGIT-LNG"}},{"type":"Feature","geometry":{"type":"Point","coordinates":[-97.2865629,27.9135423]},"properties":{"PipelineName":"Corpus Christi LNG Terminal","SegmentName":"Unit Stage 1 T01","Status":"operating","Wiki":"https://www.gem.wiki/Corpus_Christi_LNG_Terminal","ProjectID":"T100000130216","UnitID":"G100002021601","CountriesOrAreas":"United States","StartState/Province":"Texas","StartLocation":"Texas, United States","Owner":"","Operator":"","StartYear1":"2018","FuelType":"LNG","FacilityType":"export","LocationAccuracy":"exact","Capacity":"5","CapacityUnits":"mtpa","CapacityMapScale":116500.0,"Tracker":"GGIT-LNG"}},{"type":"Feature","geometry":{"type":"Point","coordinates":[-97.2865629,27.9135423]},"properties":{"PipelineName":"Corpus Christi LNG Terminal","SegmentName":"Unit Stage 1 T02","Status":"operating","Wiki":"https://www.gem.wiki/Corpus_Christi_LNG_Terminal","ProjectID":"T100000130216","UnitID":"G100002021602","CountriesOrAreas":"United States","StartState/Province":"Texas","StartLocation":"Texas, United States","Owner":"","Operator":"","StartYear1":"2019","FuelType":"LNG","FacilityType":"export","LocationAccuracy":"exact","Capacity":"5","CapacityUnits":"mtpa","CapacityMapScale":116500.0,"Tracker":"GGIT-LNG"}},{"type":"Feature","geometry":{"type":"Point","coordinates":[-97.2865629,27.9135423]},"properties":{"PipelineName":"Corpus Christi LNG Terminal","SegmentName":"Unit Stage 2 T03","Status":"operating","Wiki":"https://www.gem.wiki/Corpus_Christi_LNG_Terminal","ProjectID":"T100000130216","UnitID":"G100002021603","CountriesOrAreas":"United States","StartState/Province":"Texas","StartLocation":"Texas, United States","Owner":"","Operator":"","StartYear1":"2021","FuelType":"LNG","FacilityType":"export","LocationAccuracy":"exact","Capacity":"5","CapacityUnits":"mtpa","CapacityMapScale":116500.0,"Tracker":"GGIT-LNG"}},{"type":"Feature","geometry":{"type":"Point","coordinates":[-97.2865629,27.9135423]},"properties":{"PipelineName":"Corpus Christi LNG Terminal","SegmentName":"Unit Stage 3 (T04-T10)","Status":"construction","Wiki":"https://www.gem.wiki/Corpus_Christi_LNG_Terminal","ProjectID":"T100000130216","UnitID":"G100002021610","CountriesOrAreas":"United States","StartState/Province":"Texas","StartLocation":"Texas, United States","Owner":"","Operator":"","StartYear1":"","FuelType":"LNG","FacilityType":"export","LocationAccuracy":"exact","Capacity":"10.4","CapacityUnits":"mtpa","CapacityMapScale":242320.0,"Tracker":"GGIT-LNG"}},{"type":"Feature","geometry":{"type":"Point","coordinates":[-97.2865629,27.9135423]},"properties":{"PipelineName":"Corpus Christi LNG Terminal","SegmentName":"Unit Stage 3 (T11-T12) Expansion & Debottlenecking","Status":"construction","Wiki":"https://www.gem.wiki/Corpus_Christi_LNG_Terminal","ProjectID":"T100000130216","UnitID":"G100002021611","CountriesOrAreas":"United States","StartState/Province":"Texas","StartLocation":"Texas, United States","Owner":"","Operator":"","StartYear1":"","FuelType":"LNG","FacilityType":"export","LocationAccuracy":"exact","Capacity":"5","CapacityUnits":"mtpa","CapacityMapScale":116500.0,"Tracker":"GGIT-LNG"}},{"type":"Feature","geometry":{"type":"Point","coordinates":[-46.364786,-23.91218]},"properties":{"PipelineName":"Cosan FSRU","SegmentName":"","Status":"operating","Wiki":"https://www.gem.wiki/Cosan_FSRU","ProjectID":"T100000130927","UnitID":"G100002092700","CountriesOrAreas":"Brazil","StartState/Province":"São Paulo","StartLocation":"São Paulo, Brazil","Owner":"Cosan SA [100%]","Operator":"Höegh Evi [TO BE DELETED]; Terminal de Regaseificação de São Paulo, SA (TRSP SA)","StartYear1":"2024","FuelType":"LNG","FacilityType":"import","LocationAccuracy":"exact","Capacity":"3.7","CapacityUnits":"mtpa","CapacityMapScale":86210.0,"Tracker":"GGIT-LNG"}},{"type":"Feature","geometry":{"type":"Point","coordinates":[-116.846466,31.988557]},"properties":{"PipelineName":"Costa Azul LNG Terminal","SegmentName":"Unit Import Terminal","Status":"operating","Wiki":"https://www.gem.wiki/Costa_Azul_LNG_Terminal","ProjectID":"T100000130810","UnitID":"G100002081000","CountriesOrAreas":"Mexico","StartState/Province":"Baja","StartLocation":"Baja, Mexico","Owner":"","Operator":"","StartYear1":"2008","FuelType":"LNG","FacilityType":"import","LocationAccuracy":"exact","Capacity":"7.6","CapacityUnits":"mtpa","CapacityMapScale":177080.0,"Tracker":"GGIT-LNG"}},{"type":"Feature","geometry":{"type":"Point","coordinates":[-116.846466,31.988557]},"properties":{"PipelineName":"Costa Azul LNG Terminal","SegmentName":"Unit Export Terminal Phase 1","Status":"construction","Wiki":"https://www.gem.wiki/Costa_Azul_LNG_Terminal","ProjectID":"T100000130810","UnitID":"G100002081001","CountriesOrAreas":"Mexico","StartState/Province":"Baja","StartLocation":"Baja, Mexico","Owner":"","Operator":"","StartYear1":"","FuelType":"LNG","FacilityType":"export","LocationAccuracy":"exact","Capacity":"3.25","CapacityUnits":"mtpa","CapacityMapScale":75725.0,"Tracker":"GGIT-LNG"}},{"type":"Feature","geometry":{"type":"Point","coordinates":[-116.846466,31.988557]},"properties":{"PipelineName":"Costa Azul LNG Terminal","SegmentName":"Unit Export Terminal Phase 2","Status":"proposed","Wiki":"https://www.gem.wiki/Costa_Azul_LNG_Terminal","ProjectID":"T100000130810","UnitID":"G100002081002","CountriesOrAreas":"Mexico","StartState/Province":"Baja","StartLocation":"Baja, Mexico","Owner":"","Operator":"","StartYear1":"","FuelType":"LNG","FacilityType":"export","LocationAccuracy":"exact","Capacity":"12","CapacityUnits":"mtpa","CapacityMapScale":279600.0,"Tracker":"GGIT-LNG"}},{"type":"Feature","geometry":{"type":"Point","coordinates":[-79.908041,9.339017]},"properties":{"PipelineName":"Costa Norte LNG Terminal","SegmentName":"","Status":"operating","Wiki":"https://www.gem.wiki/Costa_Norte_LNG_Terminal","ProjectID":"T100000130575","UnitID":"G100002057500","CountriesOrAreas":"Panama","StartState/Province":"Colon","StartLocation":"Colon, Panama","Owner":"AES Corp [65%]; Grupo Linda [20%]; Grupo Estrella Holdings SA [15%]","Operator":"","StartYear1":"2018","FuelType":"LNG","FacilityType":"import","LocationAccuracy":"exact","Capacity":"1.5","CapacityUnits":"mtpa","CapacityMapScale":34950.0,"Tracker":"GGIT-LNG"}},{"type":"Feature","geometry":{"type":"Point","coordinates":[2.429,6.346]},"properties":{"PipelineName":"Cotonou FSRU","SegmentName":"","Status":"cancelled","Wiki":"https://www.gem.wiki/Cotonou_FSRU","ProjectID":"T100000130246","UnitID":"G100002024600","CountriesOrAreas":"Benin","StartState/Province":"","StartLocation":"Benin","Owner":"Gasol PLC; Socar Trading SA","Operator":"","StartYear1":"","FuelType":"LNG","FacilityType":"import","LocationAccuracy":"approximate","Capacity":"","CapacityUnits":"","CapacityMapScale":"","Tracker":"GGIT-LNG"}},{"type":"Feature","geometry":{"type":"Point","coordinates":[-75.69104,9.4146045]},"properties":{"PipelineName":"Coveñas FSRU","SegmentName":"Unit Phase 1","Status":"proposed","Wiki":"https://www.gem.wiki/Coveñas_FSRU","ProjectID":"T100001049499","UnitID":"G100001057111","CountriesOrAreas":"Colombia","StartState/Province":"Sucre","StartLocation":"Sucre, Colombia","Owner":"Ecopetrol SA","Operator":"Ecopetrol","StartYear1":"","FuelType":"LNG","FacilityType":"import","LocationAccuracy":"approximate","Capacity":"130","CapacityUnits":"MMcf/d","CapacityMapScale":23232.4,"Tracker":"GGIT-LNG"}},{"type":"Feature","geometry":{"type":"Point","coordinates":[-75.69104,9.4146045]},"properties":{"PipelineName":"Coveñas FSRU","SegmentName":"Unit Phase 2","Status":"proposed","Wiki":"https://www.gem.wiki/Coveñas_FSRU","ProjectID":"T100001049499","UnitID":"G100001057112","CountriesOrAreas":"Colombia","StartState/Province":"Sucre","StartLocation":"Sucre, Colombia","Owner":"Ecopetrol SA","Operator":"Ecopetrol","StartYear1":"","FuelType":"LNG","FacilityType":"import","LocationAccuracy":"approximate","Capacity":"270","CapacityUnits":"MMcf/d","CapacityMapScale":48252.0,"Tracker":"GGIT-LNG"}},{"type":"Feature","geometry":{"type":"Point","coordinates":[-76.4097201,38.3854442]},"properties":{"PipelineName":"Cove Point LNG Terminal","SegmentName":"Unit Import Terminal (Expansion)","Status":"operating","Wiki":"https://www.gem.wiki/Cove_Point_LNG_Terminal","ProjectID":"T100000130217","UnitID":"G100001056890","CountriesOrAreas":"United States","StartState/Province":"Maryland","StartLocation":"Maryland, United States","Owner":"Cove Point LNG LP [100%]","Operator":"Cove Point LNG","StartYear1":"2018","FuelType":"LNG","FacilityType":"import","LocationAccuracy":"exact","Capacity":"5.8","CapacityUnits":"mtpa","CapacityMapScale":135140.0,"Tracker":"GGIT-LNG"}},{"type":"Feature","geometry":{"type":"Point","coordinates":[-76.4097201,38.3854442]},"properties":{"PipelineName":"Cove Point LNG Terminal","SegmentName":"Unit Import Terminal","Status":"operating","Wiki":"https://www.gem.wiki/Cove_Point_LNG_Terminal","ProjectID":"T100000130217","UnitID":"G100002021700","CountriesOrAreas":"United States","StartState/Province":"Maryland","StartLocation":"Maryland, United States","Owner":"Cove Point LNG LP [100%]","Operator":"Cove Point LNG","StartYear1":"1978","FuelType":"LNG","FacilityType":"import","LocationAccuracy":"exact","Capacity":"7.9","CapacityUnits":"mtpa","CapacityMapScale":184070.0,"Tracker":"GGIT-LNG"}},{"type":"Feature","geometry":{"type":"Point","coordinates":[-76.4097201,38.3854442]},"properties":{"PipelineName":"Cove Point LNG Terminal","SegmentName":"Unit Export Terminal","Status":"operating","Wiki":"https://www.gem.wiki/Cove_Point_LNG_Terminal","ProjectID":"T100000130217","UnitID":"G100002021701","CountriesOrAreas":"United States","StartState/Province":"Maryland","StartLocation":"Maryland, United States","Owner":"Cove Point LNG LP [100%]","Operator":"Cove Point LNG","StartYear1":"1972","FuelType":"LNG","FacilityType":"export","LocationAccuracy":"exact","Capacity":"5.25","CapacityUnits":"mtpa","CapacityMapScale":122325.0,"Tracker":"GGIT-LNG"}},{"type":"Feature","geometry":{"type":"Point","coordinates":[-93.3239475,29.7742723]},"properties":{"PipelineName":"CP2 LNG Terminal","SegmentName":"Unit Phase 3 (T37-48)","Status":"proposed","Wiki":"https://www.gem.wiki/CP2_LNG_Terminal","ProjectID":"T100000130973","UnitID":"G100001094165","CountriesOrAreas":"United States","StartState/Province":"Louisiana","StartLocation":"Louisiana, United States","Owner":"Venture Global CP2 LNG LLC [100%]","Operator":"","StartYear1":"","FuelType":"LNG","FacilityType":"export","LocationAccuracy":"exact","Capacity":"6.4","CapacityUnits":"mtpa","CapacityMapScale":149120.0,"Tracker":"GGIT-LNG"}},{"type":"Feature","geometry":{"type":"Point","coordinates":[-93.3239475,29.7742723]},"properties":{"PipelineName":"CP2 LNG Terminal","SegmentName":"Unit Phase 1 (T1-26)","Status":"construction","Wiki":"https://www.gem.wiki/CP2_LNG_Terminal","ProjectID":"T100000130973","UnitID":"G100002097301","CountriesOrAreas":"United States","StartState/Province":"Louisiana","StartLocation":"Louisiana, United States","Owner":"Venture Global CP2 LNG LLC [100%]","Operator":"","StartYear1":"","FuelType":"LNG","FacilityType":"export","LocationAccuracy":"exact","Capacity":"14.4","CapacityUnits":"mtpa","CapacityMapScale":335520.0,"Tracker":"GGIT-LNG"}},{"type":"Feature","geometry":{"type":"Point","coordinates":[-93.3239475,29.7742723]},"properties":{"PipelineName":"CP2 LNG Terminal","SegmentName":"Unit Phase 2 (T27-36)","Status":"construction","Wiki":"https://www.gem.wiki/CP2_LNG_Terminal","ProjectID":"T100000130973","UnitID":"G100002097302","CountriesOrAreas":"United States","StartState/Province":"Louisiana","StartLocation":"Louisiana, United States","Owner":"Venture Global CP2 LNG LLC [100%]","Operator":"","StartYear1":"","FuelType":"LNG","FacilityType":"export","LocationAccuracy":"exact","Capacity":"5.6","CapacityUnits":"mtpa","CapacityMapScale":130480.0,"Tracker":"GGIT-LNG"}},{"type":"Feature","geometry":{"type":"Point","coordinates":[-93.2,29.85]},"properties":{"PipelineName":"Creole Trail LNG Terminal","SegmentName":"","Status":"cancelled","Wiki":"https://www.gem.wiki/Creole_Trail_LNG_Terminal","ProjectID":"T100000130645","UnitID":"G100002064500","CountriesOrAreas":"United States","StartState/Province":"Louisiana","StartLocation":"Louisiana, United States","Owner":"Cheniere Energy Inc [100%]","Operator":"","StartYear1":"","FuelType":"LNG","FacilityType":"import","LocationAccuracy":"approximate","Capacity":"27","CapacityUnits":"mtpa","CapacityMapScale":629100.0,"Tracker":"GGIT-LNG"}},{"type":"Feature","geometry":{"type":"Point","coordinates":[145.226138,-38.349303]},"properties":{"PipelineName":"Crib Point FSRU Terminal","SegmentName":"","Status":"cancelled","Wiki":"https://www.gem.wiki/Crib_Point_FSRU_Terminal","ProjectID":"T100000130330","UnitID":"G100002033000","CountriesOrAreas":"Australia","StartState/Province":"Victoria","StartLocation":"Victoria, Australia","Owner":"AGL Energy Ltd [100%]","Operator":"","StartYear1":"","FuelType":"LNG","FacilityType":"import","LocationAccuracy":"approximate","Capacity":"100","CapacityUnits":"","CapacityMapScale":"","Tracker":"GGIT-LNG"}},{"type":"Feature","geometry":{"type":"Point","coordinates":[33.9329082,45.3098595]},"properties":{"PipelineName":"Crimea LNG Terminal","SegmentName":"","Status":"cancelled","Wiki":"https://www.gem.wiki/Crimea_LNG_Terminal","ProjectID":"T100000130619","UnitID":"G100002061901","CountriesOrAreas":"Ukraine","StartState/Province":"Crimea","StartLocation":"Crimea, Ukraine","Owner":"Gazprom PJSC; Petrel Resources","Operator":"","StartYear1":"","FuelType":"LNG","FacilityType":"export","LocationAccuracy":"approximate","Capacity":"","CapacityUnits":"","CapacityMapScale":"","Tracker":"GGIT-LNG"}},{"type":"Feature","geometry":{"type":"Point","coordinates":[82.3869,16.9524]},"properties":{"PipelineName":"Crown Kakinada LNG Terminal","SegmentName":"","Status":"proposed","Wiki":"https://www.gem.wiki/Crown_Kakinada_LNG_Terminal","ProjectID":"T100000131053","UnitID":"G100002105300","CountriesOrAreas":"India","StartState/Province":"Andhra Pradesh","StartLocation":"Andhra Pradesh, India","Owner":"Crown LNG India AS [100%]","Operator":"","StartYear1":"","FuelType":"LNG","FacilityType":"import","LocationAccuracy":"approximate","Capacity":"7.2","CapacityUnits":"mtpa","CapacityMapScale":167760.0,"Tracker":"GGIT-LNG"}},{"type":"Feature","geometry":{"type":"Point","coordinates":[-75.1167,39.891609]},"properties":{"PipelineName":"Crown Landing LNG Terminal","SegmentName":"","Status":"cancelled","Wiki":"https://www.gem.wiki/Crown_Landing_LNG_Terminal","ProjectID":"T100000130644","UnitID":"G100002064400","CountriesOrAreas":"United States","StartState/Province":"New Jersey","StartLocation":"New Jersey, United States","Owner":"Crown Landing LLC [100%]","Operator":"","StartYear1":"","FuelType":"LNG","FacilityType":"import","LocationAccuracy":"approximate","Capacity":"11","CapacityUnits":"mtpa","CapacityMapScale":256300.0,"Tracker":"GGIT-LNG"}},{"type":"Feature","geometry":{"type":"Point","coordinates":[33.32384,34.720244]},"properties":{"PipelineName":"Cyprus FSRU","SegmentName":"","Status":"shelved","Wiki":"https://www.gem.wiki/Cyprus_FSRU","ProjectID":"T100000130432","UnitID":"G100002043200","CountriesOrAreas":"Cyprus","StartState/Province":"Larnaca","StartLocation":"Larnaca, Cyprus","Owner":"Etaireia Ypodomon Fysikou Aeriou Ltd [100%]","Operator":"","StartYear1":"","FuelType":"LNG","FacilityType":"import","LocationAccuracy":"exact","Capacity":"2","CapacityUnits":"mtpa","CapacityMapScale":46600.0,"Tracker":"GGIT-LNG"}},{"type":"Feature","geometry":{"type":"Point","coordinates":[33.30104,34.72772]},"properties":{"PipelineName":"Cyprus LNG Terminal","SegmentName":"Unit T1 through T3/T8","Status":"cancelled","Wiki":"https://www.gem.wiki/Cyprus_LNG_Terminal","ProjectID":"T100001048370","UnitID":"G100001055528","CountriesOrAreas":"Cyprus","StartState/Province":"Lanarca","StartLocation":"Lanarca, Cyprus","Owner":"Natural Gas Public Co [100%]","Operator":"","StartYear1":"","FuelType":"LNG","FacilityType":"export","LocationAccuracy":"approximate","Capacity":"5","CapacityUnits":"mtpa","CapacityMapScale":116500.0,"Tracker":"GGIT-LNG"}},{"type":"Feature","geometry":{"type":"Point","coordinates":[73.16,17.54]},"properties":{"PipelineName":"Dabhol LNG Terminal","SegmentName":"","Status":"operating","Wiki":"https://www.gem.wiki/Dabhol_LNG_Terminal","ProjectID":"T100000130429","UnitID":"G100002042900","CountriesOrAreas":"India","StartState/Province":"Maharashtra","StartLocation":"Maharashtra, India","Owner":"Konkan LNG Ltd [100%]","Operator":"","StartYear1":"2013","FuelType":"LNG","FacilityType":"import","LocationAccuracy":"exact","Capacity":"5","CapacityUnits":"mtpa","CapacityMapScale":116500.0,"Tracker":"GGIT-LNG"}},{"type":"Feature","geometry":{"type":"Point","coordinates":[73.16,17.54]},"properties":{"PipelineName":"Dabhol LNG Terminal","SegmentName":"Unit Expansion","Status":"proposed","Wiki":"https://www.gem.wiki/Dabhol_LNG_Terminal","ProjectID":"T100000130429","UnitID":"G100002042901","CountriesOrAreas":"India","StartState/Province":"Maharashtra","StartLocation":"Maharashtra, India","Owner":"Konkan LNG Ltd [100%]","Operator":"","StartYear1":"","FuelType":"LNG","FacilityType":"import","LocationAccuracy":"exact","Capacity":"7.5","CapacityUnits":"mtpa","CapacityMapScale":174750.0,"Tracker":"GGIT-LNG"}},{"type":"Feature","geometry":{"type":"Point","coordinates":[73.16,17.54]},"properties":{"PipelineName":"Dabhol LNG Terminal","SegmentName":"Unit Breakwater","Status":"operating","Wiki":"https://www.gem.wiki/Dabhol_LNG_Terminal","ProjectID":"T100000130429","UnitID":"G100002042902","CountriesOrAreas":"India","StartState/Province":"Maharashtra","StartLocation":"Maharashtra, India","Owner":"Konkan LNG Ltd [100%]","Operator":"","StartYear1":"2025","FuelType":"LNG","FacilityType":"import","LocationAccuracy":"exact","Capacity":"","CapacityUnits":"","CapacityMapScale":"","Tracker":"GGIT-LNG"}},{"type":"Feature","geometry":{"type":"Point","coordinates":[62.33738,25.1126039]},"properties":{"PipelineName":"Daewoo Gas LNG Terminal","SegmentName":"","Status":"cancelled","Wiki":"https://www.gem.wiki/Daewoo_Gas_LNG_Terminal","ProjectID":"T100000130300","UnitID":"G100002030000","CountriesOrAreas":"Pakistan","StartState/Province":"Balochistan","StartLocation":"Balochistan, Pakistan","Owner":"Daewoo Gas [100%]","Operator":"","StartYear1":"","FuelType":"LNG","FacilityType":"import","LocationAccuracy":"exact","Capacity":"2.5","CapacityUnits":"mtpa","CapacityMapScale":58250.0,"Tracker":"GGIT-LNG"}},{"type":"Feature","geometry":{"type":"Point","coordinates":[72.536,21.6746]},"properties":{"PipelineName":"Dahej LNG Terminal","SegmentName":"","Status":"operating","Wiki":"https://www.gem.wiki/Dahej_LNG_Terminal","ProjectID":"T100000130427","UnitID":"G100002042700","CountriesOrAreas":"India","StartState/Province":"Gujarat","StartLocation":"Gujarat, India","Owner":"Petronet LNG Ltd [100%]","Operator":"","StartYear1":"2004","FuelType":"LNG","FacilityType":"import","LocationAccuracy":"exact","Capacity":"15","CapacityUnits":"mtpa","CapacityMapScale":349500.0,"Tracker":"GGIT-LNG"}},{"type":"Feature","geometry":{"type":"Point","coordinates":[72.536,21.6746]},"properties":{"PipelineName":"Dahej LNG Terminal","SegmentName":"Unit Phase 1 Expansion","Status":"operating","Wiki":"https://www.gem.wiki/Dahej_LNG_Terminal","ProjectID":"T100000130427","UnitID":"G100002042701","CountriesOrAreas":"India","StartState/Province":"Gujarat","StartLocation":"Gujarat, India","Owner":"Petronet LNG Ltd [100%]","Operator":"","StartYear1":"2019","FuelType":"LNG","FacilityType":"import","LocationAccuracy":"exact","Capacity":"2.5","CapacityUnits":"mtpa","CapacityMapScale":58250.0,"Tracker":"GGIT-LNG"}},{"type":"Feature","geometry":{"type":"Point","coordinates":[72.536,21.6746]},"properties":{"PipelineName":"Dahej LNG Terminal","SegmentName":"Unit Phase 2 Expansion","Status":"operating","Wiki":"https://www.gem.wiki/Dahej_LNG_Terminal","ProjectID":"T100000130427","UnitID":"G100002042702","CountriesOrAreas":"India","StartState/Province":"Gujarat","StartLocation":"Gujarat, India","Owner":"Petronet LNG Ltd [100%]","Operator":"","StartYear1":"2026","FuelType":"LNG","FacilityType":"import","LocationAccuracy":"exact","Capacity":"5","CapacityUnits":"mtpa","CapacityMapScale":116500.0,"Tracker":"GGIT-LNG"}},{"type":"Feature","geometry":{"type":"Point","coordinates":[-17.421197,14.688944]},"properties":{"PipelineName":"Dakar LNG Terminal","SegmentName":"","Status":"proposed","Wiki":"https://www.gem.wiki/Dakar_LNG_Terminal","ProjectID":"T100001083714","UnitID":"G100001094861","CountriesOrAreas":"Senegal","StartState/Province":"","StartLocation":"Senegal","Owner":"ELTON Logistics and Services [100%]","Operator":"","StartYear1":"","FuelType":"LNG","FacilityType":"import","LocationAccuracy":"approximate","Capacity":"","CapacityUnits":"","CapacityMapScale":"","Tracker":"GGIT-LNG"}},{"type":"Feature","geometry":{"type":"Point","coordinates":[-15.9424,23.6578]},"properties":{"PipelineName":"Dakhla LNG Terminal","SegmentName":"","Status":"proposed","Wiki":"https://www.gem.wiki/Dakhla_LNG_Terminal","ProjectID":"T100000131162","UnitID":"G100002116200","CountriesOrAreas":"Western Sahara","StartState/Province":"","StartLocation":"Western Sahara","Owner":"unknown","Operator":"","StartYear1":"","FuelType":"LNG","FacilityType":"import","LocationAccuracy":"approximate","Capacity":"","CapacityUnits":"","CapacityMapScale":"","Tracker":"GGIT-LNG"}},{"type":"Feature","geometry":{"type":"Point","coordinates":[121.8841,38.9604]},"properties":{"PipelineName":"Dalian LNG Terminal","SegmentName":"Unit Phase 2","Status":"operating","Wiki":"https://www.gem.wiki/Dalian_LNG_Terminal","ProjectID":"T100000130379","UnitID":"G100001054039","CountriesOrAreas":"China","StartState/Province":"Liaoning","StartLocation":"Liaoning, China","Owner":"National Pipe Network Group Dalian LNG Co Ltd [100%]","Operator":"","StartYear1":"2016","FuelType":"LNG","FacilityType":"import","LocationAccuracy":"exact","Capacity":"3","CapacityUnits":"mtpa","CapacityMapScale":69900.0,"Tracker":"GGIT-LNG"}},{"type":"Feature","geometry":{"type":"Point","coordinates":[121.8841,38.9604]},"properties":{"PipelineName":"Dalian LNG Terminal","SegmentName":"Unit Phase 1","Status":"operating","Wiki":"https://www.gem.wiki/Dalian_LNG_Terminal","ProjectID":"T100000130379","UnitID":"G100002037900","CountriesOrAreas":"China","StartState/Province":"Liaoning","StartLocation":"Liaoning, China","Owner":"National Pipe Network Group Dalian LNG Co Ltd [100%]","Operator":"","StartYear1":"2011","FuelType":"LNG","FacilityType":"import","LocationAccuracy":"exact","Capacity":"3","CapacityUnits":"mtpa","CapacityMapScale":69900.0,"Tracker":"GGIT-LNG"}},{"type":"Feature","geometry":{"type":"Point","coordinates":[121.134782,28.106107]},"properties":{"PipelineName":"Damaiyu LNG Terminal","SegmentName":"","Status":"construction","Wiki":"https://www.gem.wiki/Damaiyu_LNG_Terminal","ProjectID":"T100000130791","UnitID":"G100002079100","CountriesOrAreas":"China","StartState/Province":"Zhejiang","StartLocation":"Zhejiang, China","Owner":"Yuhuan Damaiyu Junan LNG Co Ltd [100%]","Operator":"","StartYear1":"","FuelType":"LNG","FacilityType":"import","LocationAccuracy":"exact","Capacity":"2","CapacityUnits":"mtpa","CapacityMapScale":46600.0,"Tracker":"GGIT-LNG"}},{"type":"Feature","geometry":{"type":"Point","coordinates":[31.7515179,31.4749257]},"properties":{"PipelineName":"Damietta FSRU","SegmentName":"Unit Energos Winter","Status":"operating","Wiki":"https://www.gem.wiki/Damietta_FSRU","ProjectID":"T100001083032","UnitID":"G100001093684","CountriesOrAreas":"Egypt","StartState/Province":"","StartLocation":"Egypt","Owner":"Egyptian Natural Gas Holding [TO BE DELETED] Co [100%]","Operator":"","StartYear1":"2025","FuelType":"LNG","FacilityType":"import","LocationAccuracy":"exact","Capacity":"650","CapacityUnits":"MMcf/d","CapacityMapScale":116162.2,"Tracker":"GGIT-LNG"}},{"type":"Feature","geometry":{"type":"Point","coordinates":[31.7473,31.469]},"properties":{"PipelineName":"Damietta SEGAS LNG Terminal","SegmentName":"Unit T1","Status":"operating","Wiki":"https://www.gem.wiki/Damietta_SEGAS_LNG_Terminal","ProjectID":"T100000130249","UnitID":"G100002024901","CountriesOrAreas":"Egypt","StartState/Province":"Damiette","StartLocation":"Damiette, Egypt","Owner":"Spanish Egyptian Gas Company SAE [100%]","Operator":"SEGAS Services","StartYear1":"2005","FuelType":"LNG","FacilityType":"export","LocationAccuracy":"exact","Capacity":"5","CapacityUnits":"mtpa","CapacityMapScale":116500.0,"Tracker":"GGIT-LNG"}},{"type":"Feature","geometry":{"type":"Point","coordinates":[31.7473,31.469]},"properties":{"PipelineName":"Damietta SEGAS LNG Terminal","SegmentName":"Unit T2","Status":"shelved","Wiki":"https://www.gem.wiki/Damietta_SEGAS_LNG_Terminal","ProjectID":"T100000130249","UnitID":"G100002024902","CountriesOrAreas":"Egypt","StartState/Province":"Damiette","StartLocation":"Damiette, Egypt","Owner":"Spanish Egyptian Gas Company SAE [100%]","Operator":"SEGAS Services","StartYear1":"","FuelType":"LNG","FacilityType":"export","LocationAccuracy":"exact","Capacity":"5","CapacityUnits":"mtpa","CapacityMapScale":116500.0,"Tracker":"GGIT-LNG"}},{"type":"Feature","geometry":{"type":"Point","coordinates":[108.139861,16.100543]},"properties":{"PipelineName":"Danang LNG Terminal","SegmentName":"","Status":"proposed","Wiki":"https://www.gem.wiki/Danang_LNG_Terminal","ProjectID":"T100001050072","UnitID":"G100001057745","CountriesOrAreas":"Vietnam","StartState/Province":"","StartLocation":"Vietnam","Owner":"","Operator":"","StartYear1":"","FuelType":"LNG","FacilityType":"import","LocationAccuracy":"approximate","Capacity":"","CapacityUnits":"","CapacityMapScale":"","Tracker":"GGIT-LNG"}},{"type":"Feature","geometry":{"type":"Point","coordinates":[124.1156083,39.7778227]},"properties":{"PipelineName":"Dandong LNG Terminal","SegmentName":"","Status":"proposed","Wiki":"https://www.gem.wiki/Dandong_LNG_Terminal","ProjectID":"T100000131106","UnitID":"G100002110600","CountriesOrAreas":"China","StartState/Province":"Liaoning","StartLocation":"Liaoning, China","Owner":"Liaoning Qianyuan Energy Development Co Ltd","Operator":"","StartYear1":"","FuelType":"LNG","FacilityType":"import","LocationAccuracy":"approximate","Capacity":"","CapacityUnits":"","CapacityMapScale":"","Tracker":"GGIT-LNG"}},{"type":"Feature","geometry":{"type":"Point","coordinates":[130.8664487,-12.5209951]},"properties":{"PipelineName":"Darwin LNG Terminal","SegmentName":"Unit T1","Status":"idled","Wiki":"https://www.gem.wiki/Darwin_LNG_Terminal","ProjectID":"T100000130331","UnitID":"G100002033101","CountriesOrAreas":"Australia","StartState/Province":"Northern Territory","StartLocation":"Northern Territory, Australia","Owner":"Santos Ltd [43.4%]; SK E&S Co Ltd [25%]; INPEX DLNGPL Pty Ltd [11.4%]; Eni Australia BV [11%]; JERA Co Inc [6.1%]; Tokyo Gas Co Ltd [3.1%]","Operator":"Santos","StartYear1":"2006","FuelType":"LNG","FacilityType":"export","LocationAccuracy":"exact","Capacity":"3.7","CapacityUnits":"mtpa","CapacityMapScale":86210.0,"Tracker":"GGIT-LNG"}},{"type":"Feature","geometry":{"type":"Point","coordinates":[130.8664487,-12.5209951]},"properties":{"PipelineName":"Darwin LNG Terminal","SegmentName":"Unit T2","Status":"proposed","Wiki":"https://www.gem.wiki/Darwin_LNG_Terminal","ProjectID":"T100000130331","UnitID":"G100002033102","CountriesOrAreas":"Australia","StartState/Province":"Northern Territory","StartLocation":"Northern Territory, Australia","Owner":"Santos Ltd [43.4%]; SK E&S Co Ltd [25%]; INPEX DLNGPL Pty Ltd [11.4%]; Eni Australia BV [11%]; JERA Co Inc [6.1%]; Tokyo Gas Co Ltd [3.1%]","Operator":"Santos","StartYear1":"","FuelType":"LNG","FacilityType":"export","LocationAccuracy":"exact","Capacity":"6","CapacityUnits":"mtpa","CapacityMapScale":139800.0,"Tracker":"GGIT-LNG"}},{"type":"Feature","geometry":{"type":"Point","coordinates":[35.894171,34.467572]},"properties":{"PipelineName":"Deir Ammar FSRU","SegmentName":"","Status":"proposed","Wiki":"https://www.gem.wiki/Deir_Ammar_FSRU","ProjectID":"T100001048245","UnitID":"G100001055355","CountriesOrAreas":"Lebanon","StartState/Province":"North Lebanon","StartLocation":"North Lebanon, Lebanon","Owner":"Ministry of Energy and Water (Lebanon)","Operator":"","StartYear1":"","FuelType":"LNG","FacilityType":"import","LocationAccuracy":"approximate","Capacity":"","CapacityUnits":"","CapacityMapScale":"","Tracker":"GGIT-LNG"}},{"type":"Feature","geometry":{"type":"Point","coordinates":[-93.533951,29.1369774]},"properties":{"PipelineName":"Delfin FLNG Terminal","SegmentName":"Unit T1","Status":"proposed","Wiki":"https://www.gem.wiki/Delfin_FLNG_Terminal","ProjectID":"T100000130218","UnitID":"G100002021801","CountriesOrAreas":"United States","StartState/Province":"Louisiana","StartLocation":"Louisiana, United States","Owner":"Delfin LNG LLC [100%]","Operator":"Fairwood Peninsula Energy","StartYear1":"","FuelType":"LNG","FacilityType":"export","LocationAccuracy":"exact","Capacity":"","CapacityUnits":"","CapacityMapScale":"","Tracker":"GGIT-LNG"}},{"type":"Feature","geometry":{"type":"Point","coordinates":[-93.533951,29.1369774]},"properties":{"PipelineName":"Delfin FLNG Terminal","SegmentName":"Unit T2","Status":"proposed","Wiki":"https://www.gem.wiki/Delfin_FLNG_Terminal","ProjectID":"T100000130218","UnitID":"G100002021802","CountriesOrAreas":"United States","StartState/Province":"Louisiana","StartLocation":"Louisiana, United States","Owner":"Delfin LNG LLC [100%]","Operator":"Fairwood Peninsula Energy","StartYear1":"","FuelType":"LNG","FacilityType":"export","LocationAccuracy":"exact","Capacity":"","CapacityUnits":"","CapacityMapScale":"","Tracker":"GGIT-LNG"}},{"type":"Feature","geometry":{"type":"Point","coordinates":[-93.533951,29.1369774]},"properties":{"PipelineName":"Delfin FLNG Terminal","SegmentName":"Unit T3","Status":"proposed","Wiki":"https://www.gem.wiki/Delfin_FLNG_Terminal","ProjectID":"T100000130218","UnitID":"G100002021803","CountriesOrAreas":"United States","StartState/Province":"Louisiana","StartLocation":"Louisiana, United States","Owner":"Delfin LNG LLC [100%]","Operator":"Fairwood Peninsula Energy","StartYear1":"","FuelType":"LNG","FacilityType":"export","LocationAccuracy":"exact","Capacity":"","CapacityUnits":"","CapacityMapScale":"","Tracker":"GGIT-LNG"}},{"type":"Feature","geometry":{"type":"Point","coordinates":[14.5542,35.8277]},"properties":{"PipelineName":"Delimara FSRU","SegmentName":"","Status":"operating","Wiki":"https://www.gem.wiki/Delimara_FSRU","ProjectID":"T100000130490","UnitID":"G100002049000","CountriesOrAreas":"Malta","StartState/Province":"South Eastern Region","StartLocation":"South Eastern Region, Malta","Owner":"Electrogas Malta Ltd [100%]","Operator":"Bumi Armada; Reganosa Servicios","StartYear1":"2017","FuelType":"LNG","FacilityType":"import","LocationAccuracy":"exact","Capacity":"0.5","CapacityUnits":"mtpa","CapacityMapScale":11650.0,"Tracker":"GGIT-LNG"}},{"type":"Feature","geometry":{"type":"Point","coordinates":[-62.315522,10.599336]},"properties":{"PipelineName":"Delta Caribe Oriental Terminal","SegmentName":"Unit T1","Status":"cancelled","Wiki":"https://www.gem.wiki/Delta_Caribe_Oriental_Terminal","ProjectID":"T100000130626","UnitID":"G100002062601","CountriesOrAreas":"Venezuela","StartState/Province":"Sucre","StartLocation":"Sucre, Venezuela","Owner":"Petróleos de Venezuela SA [100%]","Operator":"","StartYear1":"","FuelType":"LNG","FacilityType":"export","LocationAccuracy":"approximate","Capacity":"4.7","CapacityUnits":"mtpa","CapacityMapScale":109510.0,"Tracker":"GGIT-LNG"}},{"type":"Feature","geometry":{"type":"Point","coordinates":[-62.315522,10.599336]},"properties":{"PipelineName":"Delta Caribe Oriental Terminal","SegmentName":"Unit T2","Status":"cancelled","Wiki":"https://www.gem.wiki/Delta_Caribe_Oriental_Terminal","ProjectID":"T100000130626","UnitID":"G100002062602","CountriesOrAreas":"Venezuela","StartState/Province":"Sucre","StartLocation":"Sucre, Venezuela","Owner":"Petróleos de Venezuela SA [100%]","Operator":"","StartYear1":"","FuelType":"LNG","FacilityType":"export","LocationAccuracy":"approximate","Capacity":"4.7","CapacityUnits":"mtpa","CapacityMapScale":109510.0,"Tracker":"GGIT-LNG"}},{"type":"Feature","geometry":{"type":"Point","coordinates":[-89.872471,29.597258]},"properties":{"PipelineName":"Delta LNG Terminal","SegmentName":"Unit Phase 1 (T1–T18)","Status":"cancelled","Wiki":"https://www.gem.wiki/Delta_LNG_Terminal","ProjectID":"T100000130985","UnitID":"G100002098501","CountriesOrAreas":"United States","StartState/Province":"Louisiana","StartLocation":"Louisiana, United States","Owner":"Venture Global Delta LNG LLC [100%]","Operator":"","StartYear1":"","FuelType":"LNG","FacilityType":"export","LocationAccuracy":"approximate","Capacity":"11.3","CapacityUnits":"mtpa","CapacityMapScale":263290.0,"Tracker":"GGIT-LNG"}},{"type":"Feature","geometry":{"type":"Point","coordinates":[-89.872471,29.597258]},"properties":{"PipelineName":"Delta LNG Terminal","SegmentName":"Unit Phase 2 (T19–T36)","Status":"cancelled","Wiki":"https://www.gem.wiki/Delta_LNG_Terminal","ProjectID":"T100000130985","UnitID":"G100002098502","CountriesOrAreas":"United States","StartState/Province":"Louisiana","StartLocation":"Louisiana, United States","Owner":"Venture Global Delta LNG LLC [100%]","Operator":"","StartYear1":"","FuelType":"LNG","FacilityType":"export","LocationAccuracy":"approximate","Capacity":"11.3","CapacityUnits":"mtpa","CapacityMapScale":263290.0,"Tracker":"GGIT-LNG"}},{"type":"Feature","geometry":{"type":"Point","coordinates":[86.965264,20.821109]},"properties":{"PipelineName":"Dhamra LNG Terminal","SegmentName":"","Status":"operating","Wiki":"https://www.gem.wiki/Dhamra_LNG_Terminal","ProjectID":"T100000130431","UnitID":"G100002043100","CountriesOrAreas":"India","StartState/Province":"","StartLocation":"India","Owner":"","Operator":"","StartYear1":"2023","FuelType":"LNG","FacilityType":"import","LocationAccuracy":"exact","Capacity":"5","CapacityUnits":"mtpa","CapacityMapScale":116500.0,"Tracker":"GGIT-LNG"}},{"type":"Feature","geometry":{"type":"Point","coordinates":[87.55,21.68]},"properties":{"PipelineName":"Digha FSRU","SegmentName":"","Status":"cancelled","Wiki":"https://www.gem.wiki/Digha_FSRU","ProjectID":"T100000130437","UnitID":"G100002043700","CountriesOrAreas":"India","StartState/Province":"West Bengal","StartLocation":"West Bengal, India","Owner":"H-Energy Pvt Ltd [100%]","Operator":"","StartYear1":"","FuelType":"LNG","FacilityType":"import","LocationAccuracy":"approximate","Capacity":"3","CapacityUnits":"mtpa","CapacityMapScale":69900.0,"Tracker":"GGIT-LNG"}},{"type":"Feature","geometry":{"type":"Point","coordinates":[23.063539,37.91092]},"properties":{"PipelineName":"Dioriga FSRU","SegmentName":"","Status":"proposed","Wiki":"https://www.gem.wiki/Dioriga_FSRU","ProjectID":"T100000130992","UnitID":"G100002099200","CountriesOrAreas":"Greece","StartState/Province":"","StartLocation":"Greece","Owner":"Dioriga Gas [100%]","Operator":"","StartYear1":"","FuelType":"LNG","FacilityType":"import","LocationAccuracy":"approximate","Capacity":"2.5","CapacityUnits":"bcm/y","CapacityMapScale":42813.8,"Tracker":"GGIT-LNG"}},{"type":"Feature","geometry":{"type":"Point","coordinates":[-125.2475,50.024444]},"properties":{"PipelineName":"Discovery LNG Terminal","SegmentName":"Unit T1-T4","Status":"cancelled","Wiki":"https://www.gem.wiki/Discovery_LNG_Terminal","ProjectID":"T100000130351","UnitID":"G100002035101","CountriesOrAreas":"Canada","StartState/Province":"British Columbia","StartLocation":"British Columbia, Canada","Owner":"SHANGHAI ENERGY (HRB) LLC [100%]","Operator":"","StartYear1":"","FuelType":"LNG","FacilityType":"export","LocationAccuracy":"approximate","Capacity":"20","CapacityUnits":"mtpa","CapacityMapScale":466000.0,"Tracker":"GGIT-LNG"}},{"type":"Feature","geometry":{"type":"Point","coordinates":[-44.378089,-2.533597]},"properties":{"PipelineName":"Dislub Maranhão FSRU","SegmentName":"","Status":"shelved","Wiki":"https://www.gem.wiki/Dislub_Maranh%C3%A3o_FSRU","ProjectID":"T100000131122","UnitID":"G100002112200","CountriesOrAreas":"Brazil","StartState/Province":"Maranhão","StartLocation":"Maranhão, Brazil","Owner":"GDE Energia [100%]","Operator":"GDE Energia","StartYear1":"","FuelType":"LNG","FacilityType":"import","LocationAccuracy":"approximate","Capacity":"4.38","CapacityUnits":"bcm/y","CapacityMapScale":75009.7,"Tracker":"GGIT-LNG"}},{"type":"Feature","geometry":{"type":"Point","coordinates":[43.186891,11.482124]},"properties":{"PipelineName":"Djibouti FLNG Terminal","SegmentName":"Unit T1","Status":"cancelled","Wiki":"https://www.gem.wiki/Djibouti_FLNG_Terminal","ProjectID":"T100000130667","UnitID":"G100002066701","CountriesOrAreas":"Djibouti","StartState/Province":"","StartLocation":"Djibouti","Owner":"GCL Technology Holdings Ltd [100%]","Operator":"","StartYear1":"","FuelType":"LNG","FacilityType":"export","LocationAccuracy":"approximate","Capacity":"3","CapacityUnits":"mtpa","CapacityMapScale":69900.0,"Tracker":"GGIT-LNG"}},{"type":"Feature","geometry":{"type":"Point","coordinates":[43.186891,11.482124]},"properties":{"PipelineName":"Djibouti FLNG Terminal","SegmentName":"Unit T2","Status":"cancelled","Wiki":"https://www.gem.wiki/Djibouti_FLNG_Terminal","ProjectID":"T100000130667","UnitID":"G100002066702","CountriesOrAreas":"Djibouti","StartState/Province":"","StartLocation":"Djibouti","Owner":"GCL Technology Holdings Ltd [100%]","Operator":"","StartYear1":"","FuelType":"LNG","FacilityType":"export","LocationAccuracy":"approximate","Capacity":"3","CapacityUnits":"mtpa","CapacityMapScale":69900.0,"Tracker":"GGIT-LNG"}},{"type":"Feature","geometry":{"type":"Point","coordinates":[43.186891,11.482124]},"properties":{"PipelineName":"Djibouti FLNG Terminal","SegmentName":"Unit T3","Status":"cancelled","Wiki":"https://www.gem.wiki/Djibouti_FLNG_Terminal","ProjectID":"T100000130667","UnitID":"G100002066703","CountriesOrAreas":"Djibouti","StartState/Province":"","StartLocation":"Djibouti","Owner":"GCL Technology Holdings Ltd [100%]","Operator":"","StartYear1":"","FuelType":"LNG","FacilityType":"export","LocationAccuracy":"approximate","Capacity":"4","CapacityUnits":"mtpa","CapacityMapScale":93200.0,"Tracker":"GGIT-LNG"}},{"type":"Feature","geometry":{"type":"Point","coordinates":[-58.347778,-34.641667]},"properties":{"PipelineName":"Dock Sud LNG Terminal","SegmentName":"","Status":"cancelled","Wiki":"https://www.gem.wiki/Dock_Sud_LNG_Terminal","ProjectID":"T100000130540","UnitID":"G100002054000","CountriesOrAreas":"Argentina","StartState/Province":"Buenos Aires","StartLocation":"Buenos Aires, Argentina","Owner":"Corporación America International; YPF SA","Operator":"","StartYear1":"","FuelType":"LNG","FacilityType":"import","LocationAccuracy":"approximate","Capacity":"","CapacityUnits":"","CapacityMapScale":"","Tracker":"GGIT-LNG"}},{"type":"Feature","geometry":{"type":"Point","coordinates":[122.58559,-1.254369]},"properties":{"PipelineName":"Donggi-Senoro LNG Terminal","SegmentName":"","Status":"operating","Wiki":"https://www.gem.wiki/Donggi-Senoro_LNG_Terminal","ProjectID":"T100000130281","UnitID":"G100002028101","CountriesOrAreas":"Indonesia","StartState/Province":"Central Sulawesi","StartLocation":"Central Sulawesi, Indonesia","Owner":"PT Donggi-Senoro LNG [100%]","Operator":"PT Donggi-Senoro LNG","StartYear1":"2015","FuelType":"LNG","FacilityType":"export","LocationAccuracy":"exact","Capacity":"2","CapacityUnits":"mtpa","CapacityMapScale":46600.0,"Tracker":"GGIT-LNG"}},{"type":"Feature","geometry":{"type":"Point","coordinates":[119.0333177,38.0833951]},"properties":{"PipelineName":"Dongying FSRU","SegmentName":"","Status":"cancelled","Wiki":"https://www.gem.wiki/Dongying_FSRU","ProjectID":"T100000130947","UnitID":"G100002094700","CountriesOrAreas":"China","StartState/Province":"Shandong","StartLocation":"Shandong, China","Owner":"Shanghai Hong Hua Oil and Gas Equipment Co Ltd [100%]","Operator":"","StartYear1":"","FuelType":"LNG","FacilityType":"import","LocationAccuracy":"approximate","Capacity":"","CapacityUnits":"","CapacityMapScale":"","Tracker":"GGIT-LNG"}},{"type":"Feature","geometry":{"type":"Point","coordinates":[119.0333177,38.0833951]},"properties":{"PipelineName":"Dongying LNG Terminal","SegmentName":"Unit Phase 1","Status":"proposed","Wiki":"https://www.gem.wiki/Dongying_LNG_Terminal","ProjectID":"T100000130792","UnitID":"G100001053901","CountriesOrAreas":"China","StartState/Province":"Shandong","StartLocation":"Shandong, China","Owner":"Shandong Hainuo Port Co Ltd","Operator":"","StartYear1":"","FuelType":"LNG","FacilityType":"import","LocationAccuracy":"exact","Capacity":"2","CapacityUnits":"mtpa","CapacityMapScale":46600.0,"Tracker":"GGIT-LNG"}},{"type":"Feature","geometry":{"type":"Point","coordinates":[119.0333177,38.0833951]},"properties":{"PipelineName":"Dongying LNG Terminal","SegmentName":"Unit Phase 2","Status":"proposed","Wiki":"https://www.gem.wiki/Dongying_LNG_Terminal","ProjectID":"T100000130792","UnitID":"G100001093379","CountriesOrAreas":"China","StartState/Province":"Shandong","StartLocation":"Shandong, China","Owner":"Shandong Hainuo Port Co Ltd","Operator":"","StartYear1":"","FuelType":"LNG","FacilityType":"import","LocationAccuracy":"exact","Capacity":"3","CapacityUnits":"mtpa","CapacityMapScale":69900.0,"Tracker":"GGIT-LNG"}},{"type":"Feature","geometry":{"type":"Point","coordinates":[36.1259759,36.8509903]},"properties":{"PipelineName":"Dörtyol FSRU","SegmentName":"Unit FSRU 2","Status":"proposed","Wiki":"https://www.gem.wiki/D%C3%B6rtyol_FSRU","ProjectID":"T100000130618","UnitID":"G100001095748","CountriesOrAreas":"Türkiye","StartState/Province":"Hatay","StartLocation":"Hatay, Türkiye","Owner":"BOTAŞ AŞ [100%]","Operator":"","StartYear1":"","FuelType":"LNG","FacilityType":"import","LocationAccuracy":"exact","Capacity":"5.7","CapacityUnits":"mtpa","CapacityMapScale":132810.0,"Tracker":"GGIT-LNG"}},{"type":"Feature","geometry":{"type":"Point","coordinates":[36.1259759,36.8509903]},"properties":{"PipelineName":"Dörtyol FSRU","SegmentName":"Unit Ertuğrul Gazi","Status":"operating","Wiki":"https://www.gem.wiki/D%C3%B6rtyol_FSRU","ProjectID":"T100000130618","UnitID":"G100001095749","CountriesOrAreas":"Türkiye","StartState/Province":"Hatay","StartLocation":"Hatay, Türkiye","Owner":"BOTAŞ AŞ [100%]","Operator":"","StartYear1":"2021","FuelType":"LNG","FacilityType":"import","LocationAccuracy":"exact","Capacity":"5.7","CapacityUnits":"mtpa","CapacityMapScale":132810.0,"Tracker":"GGIT-LNG"}},{"type":"Feature","geometry":{"type":"Point","coordinates":[36.1259759,36.8509903]},"properties":{"PipelineName":"Dörtyol FSRU","SegmentName":"Unit MOL FSRU Challenger","Status":"idled","Wiki":"https://www.gem.wiki/D%C3%B6rtyol_FSRU","ProjectID":"T100000130618","UnitID":"G100002061800","CountriesOrAreas":"Türkiye","StartState/Province":"Hatay","StartLocation":"Hatay, Türkiye","Owner":"BOTAŞ AŞ [100%]","Operator":"","StartYear1":"2018","FuelType":"LNG","FacilityType":"import","LocationAccuracy":"exact","Capacity":"5.7","CapacityUnits":"mtpa","CapacityMapScale":132810.0,"Tracker":"GGIT-LNG"}},{"type":"Feature","geometry":{"type":"Point","coordinates":[-128.697117,53.975418]},"properties":{"PipelineName":"Douglas Channel LNG Terminal","SegmentName":"","Status":"cancelled","Wiki":"https://www.gem.wiki/Douglas_Channel_LNG_Terminal","ProjectID":"T100000130352","UnitID":"G100002035201","CountriesOrAreas":"Canada","StartState/Province":"British Columbia","StartLocation":"British Columbia, Canada","Owner":"AltaGas Idemitsu Joint Venture Ltd; EDF Trading Ltd; Exmar NV","Operator":"","StartYear1":"","FuelType":"LNG","FacilityType":"export","LocationAccuracy":"approximate","Capacity":"1","CapacityUnits":"bcf/d","CapacityMapScale":178711.0,"Tracker":"GGIT-LNG"}},{"type":"Feature","geometry":{"type":"Point","coordinates":[-67.108,45.0836]},"properties":{"PipelineName":"Downeast LNG Terminal","SegmentName":"Unit Import","Status":"cancelled","Wiki":"https://www.gem.wiki/Downeast_LNG_Terminal","ProjectID":"T100000130650","UnitID":"G100002065000","CountriesOrAreas":"United States","StartState/Province":"Maine","StartLocation":"Maine, United States","Owner":"Downeast LNG LLC [100%]","Operator":"","StartYear1":"","FuelType":"LNG","FacilityType":"import","LocationAccuracy":"approximate","Capacity":"3","CapacityUnits":"mtpa","CapacityMapScale":69900.0,"Tracker":"GGIT-LNG"}},{"type":"Feature","geometry":{"type":"Point","coordinates":[-67.108,45.0836]},"properties":{"PipelineName":"Downeast LNG Terminal","SegmentName":"Unit Export","Status":"cancelled","Wiki":"https://www.gem.wiki/Downeast_LNG_Terminal","ProjectID":"T100000130650","UnitID":"G100002065001","CountriesOrAreas":"United States","StartState/Province":"Maine","StartLocation":"Maine, United States","Owner":"Downeast LNG LLC [100%]","Operator":"","StartYear1":"","FuelType":"LNG","FacilityType":"export","LocationAccuracy":"approximate","Capacity":"3","CapacityUnits":"mtpa","CapacityMapScale":69900.0,"Tracker":"GGIT-LNG"}},{"type":"Feature","geometry":{"type":"Point","coordinates":[-4.99774,51.70453]},"properties":{"PipelineName":"Dragon LNG Terminal","SegmentName":"Unit Expansion","Status":"operating","Wiki":"https://www.gem.wiki/Dragon_LNG_Terminal","ProjectID":"T100000130551","UnitID":"G100001055227","CountriesOrAreas":"United Kingdom","StartState/Province":"Wales","StartLocation":"Wales, United Kingdom","Owner":"Shell PLC [50%]; VTTI BV [50%]","Operator":"Dragon LNG","StartYear1":"2013","FuelType":"LNG","FacilityType":"import","LocationAccuracy":"exact","Capacity":"1.2","CapacityUnits":"mtpa","CapacityMapScale":27960.0,"Tracker":"GGIT-LNG"}},{"type":"Feature","geometry":{"type":"Point","coordinates":[-4.99774,51.70453]},"properties":{"PipelineName":"Dragon LNG Terminal","SegmentName":"","Status":"operating","Wiki":"https://www.gem.wiki/Dragon_LNG_Terminal","ProjectID":"T100000130551","UnitID":"G100002055100","CountriesOrAreas":"United Kingdom","StartState/Province":"Wales","StartLocation":"Wales, United Kingdom","Owner":"Shell PLC [50%]; VTTI BV [50%]","Operator":"Dragon LNG","StartYear1":"2009","FuelType":"LNG","FacilityType":"import","LocationAccuracy":"exact","Capacity":"4.4","CapacityUnits":"mtpa","CapacityMapScale":102520.0,"Tracker":"GGIT-LNG"}},{"type":"Feature","geometry":{"type":"Point","coordinates":[115.8536196,7.385109]},"properties":{"PipelineName":"Dua FLNG Terminal","SegmentName":"","Status":"operating","Wiki":"https://www.gem.wiki/Dua_FLNG_Terminal","ProjectID":"T100000130289","UnitID":"G100002028901","CountriesOrAreas":"Malaysia","StartState/Province":"Sabah","StartLocation":"Sabah, Malaysia","Owner":"Petroliam Nasional Bhd [100%]","Operator":"Petroliam Nasional","StartYear1":"2021","FuelType":"LNG","FacilityType":"export","LocationAccuracy":"exact","Capacity":"1.5","CapacityUnits":"mtpa","CapacityMapScale":34950.0,"Tracker":"GGIT-LNG"}},{"type":"Feature","geometry":{"type":"Point","coordinates":[108.800181,15.4128525]},"properties":{"PipelineName":"Dung Quat LNG Terminal","SegmentName":"","Status":"proposed","Wiki":"https://www.gem.wiki/Dung_Quat_LNG_Terminal","ProjectID":"T100001084032","UnitID":"G100001095382","CountriesOrAreas":"Vietnam","StartState/Province":"","StartLocation":"Vietnam","Owner":"Van Tuong Energy JSC","Operator":"","StartYear1":"","FuelType":"LNG","FacilityType":"import","LocationAccuracy":"approximate","Capacity":"4.5","CapacityUnits":"mtpa","CapacityMapScale":104850.0,"Tracker":"GGIT-LNG"}},{"type":"Feature","geometry":{"type":"Point","coordinates":[2.19653,51.03361]},"properties":{"PipelineName":"Dunkirk LNG Terminal","SegmentName":"","Status":"operating","Wiki":"https://www.gem.wiki/Dunkirk_LNG_Terminal","ProjectID":"T100000130446","UnitID":"G100002044600","CountriesOrAreas":"France","StartState/Province":"Hauts-de-France","StartLocation":"Hauts-de-France, France","Owner":"Dunkerque LNG SAS [100%]","Operator":"Gaz-Opale","StartYear1":"2017","FuelType":"LNG","FacilityType":"import","LocationAccuracy":"exact","Capacity":"13","CapacityUnits":"bcm/y","CapacityMapScale":222631.5,"Tracker":"GGIT-LNG"}},{"type":"Feature","geometry":{"type":"Point","coordinates":[2.19653,51.03361]},"properties":{"PipelineName":"Dunkirk LNG Terminal","SegmentName":"Unit Debottlenecking","Status":"operating","Wiki":"https://www.gem.wiki/Dunkirk_LNG_Terminal","ProjectID":"T100000130446","UnitID":"G100002044601","CountriesOrAreas":"France","StartState/Province":"Hauts-de-France","StartLocation":"Hauts-de-France, France","Owner":"Dunkerque LNG SAS [100%]","Operator":"Gaz-Opale","StartYear1":"2023","FuelType":"LNG","FacilityType":"import","LocationAccuracy":"exact","Capacity":"","CapacityUnits":"","CapacityMapScale":"","Tracker":"GGIT-LNG"}},{"type":"Feature","geometry":{"type":"Point","coordinates":[2.19653,51.03361]},"properties":{"PipelineName":"Dunkirk LNG Terminal","SegmentName":"Unit Ammonia Import Terminal","Status":"proposed","Wiki":"https://www.gem.wiki/Dunkirk_LNG_Terminal","ProjectID":"T100000130446","UnitID":"G100002044602","CountriesOrAreas":"France","StartState/Province":"Hauts-de-France","StartLocation":"Hauts-de-France, France","Owner":"Dunkerque LNG SAS [100%]","Operator":"Gaz-Opale","StartYear1":"","FuelType":"NH3","FacilityType":"import","LocationAccuracy":"exact","Capacity":"","CapacityUnits":"","CapacityMapScale":"","Tracker":"GGIT-LNG"}},{"type":"Feature","geometry":{"type":"Point","coordinates":[31.054976,-29.878115]},"properties":{"PipelineName":"Durban LNG Terminal","SegmentName":"","Status":"proposed","Wiki":"https://www.gem.wiki/Durban_LNG_Terminal","ProjectID":"T100001083665","UnitID":"G100001094774","CountriesOrAreas":"South Africa","StartState/Province":"","StartLocation":"South Africa","Owner":"ACWA Power Co; Vitol; Vivo Energy Holding BV; VTTI BV","Operator":"","StartYear1":"","FuelType":"LNG","FacilityType":"import","LocationAccuracy":"approximate","Capacity":"","CapacityUnits":"","CapacityMapScale":"","Tracker":"GGIT-LNG"}},{"type":"Feature","geometry":{"type":"Point","coordinates":[19.483333,40.683333]},"properties":{"PipelineName":"Eagle FSRU","SegmentName":"","Status":"cancelled","Wiki":"https://www.gem.wiki/Eagle_FSRU","ProjectID":"T100000130424","UnitID":"G100002042400","CountriesOrAreas":"Albania","StartState/Province":"","StartLocation":"Albania","Owner":"Gruppo Falcione [100%]","Operator":"","StartYear1":"","FuelType":"LNG","FacilityType":"import","LocationAccuracy":"approximate","Capacity":"8.1","CapacityUnits":"mtpa","CapacityMapScale":188730.0,"Tracker":"GGIT-LNG"}},{"type":"Feature","geometry":{"type":"Point","coordinates":[-81.6104117,30.4087966]},"properties":{"PipelineName":"Eagle LNG Terminal","SegmentName":"Unit Import Terminal","Status":"cancelled","Wiki":"https://www.gem.wiki/Eagle_LNG_Terminal","ProjectID":"T100000130220","UnitID":"G100002022000","CountriesOrAreas":"United States","StartState/Province":"Florida","StartLocation":"Florida, United States","Owner":"Eagle LNG Partners Jacksonville LLC [100%]","Operator":"","StartYear1":"","FuelType":"LNG","FacilityType":"import","LocationAccuracy":"exact","Capacity":"","CapacityUnits":"","CapacityMapScale":"","Tracker":"GGIT-LNG"}},{"type":"Feature","geometry":{"type":"Point","coordinates":[-81.6104117,30.4087966]},"properties":{"PipelineName":"Eagle LNG Terminal","SegmentName":"Unit Export Terminal (T1-T3)","Status":"shelved","Wiki":"https://www.gem.wiki/Eagle_LNG_Terminal","ProjectID":"T100000130220","UnitID":"G100002022001","CountriesOrAreas":"United States","StartState/Province":"Florida","StartLocation":"Florida, United States","Owner":"Eagle LNG Partners Jacksonville LLC [100%]","Operator":"","StartYear1":"","FuelType":"LNG","FacilityType":"export","LocationAccuracy":"exact","Capacity":"1650000","CapacityUnits":"gal/day","CapacityMapScale":39285.7,"Tracker":"GGIT-LNG"}},{"type":"Feature","geometry":{"type":"Point","coordinates":[6.8492031,53.4445129]},"properties":{"PipelineName":"Eemshaven FSRU","SegmentName":"Unit Expansion","Status":"proposed","Wiki":"https://www.gem.wiki/Eemshaven_FSRU","ProjectID":"T100000130997","UnitID":"G100001096022","CountriesOrAreas":"Netherlands","StartState/Province":"","StartLocation":"Netherlands","Owner":"EemsEnergyTerminal BV","Operator":"EemsEnergyTerminal; Energos Infrastructure; Exmar; Nederlandse Gasunie","StartYear1":"","FuelType":"LNG","FacilityType":"import","LocationAccuracy":"exact","Capacity":"0.6","CapacityUnits":"MMcf/d","CapacityMapScale":107.2,"Tracker":"GGIT-LNG"}},{"type":"Feature","geometry":{"type":"Point","coordinates":[6.8492031,53.4445129]},"properties":{"PipelineName":"Eemshaven FSRU","SegmentName":"","Status":"operating","Wiki":"https://www.gem.wiki/Eemshaven_FSRU","ProjectID":"T100000130997","UnitID":"G100002099700","CountriesOrAreas":"Netherlands","StartState/Province":"","StartLocation":"Netherlands","Owner":"EemsEnergyTerminal BV","Operator":"EemsEnergyTerminal; Energos Infrastructure; Exmar; Nederlandse Gasunie","StartYear1":"2022","FuelType":"LNG","FacilityType":"import","LocationAccuracy":"exact","Capacity":"8","CapacityUnits":"bcm/y","CapacityMapScale":137004.0,"Tracker":"GGIT-LNG"}},{"type":"Feature","geometry":{"type":"Point","coordinates":[6.8492031,53.4445129]},"properties":{"PipelineName":"Eemshaven FSRU","SegmentName":"Unit Hydrogen Import Terminal","Status":"proposed","Wiki":"https://www.gem.wiki/Eemshaven_FSRU","ProjectID":"T100000130997","UnitID":"G100002099701","CountriesOrAreas":"Netherlands","StartState/Province":"","StartLocation":"Netherlands","Owner":"EemsEnergyTerminal BV","Operator":"EemsEnergyTerminal; Energos Infrastructure; Exmar; Nederlandse Gasunie","StartYear1":"","FuelType":"LH2","FacilityType":"import","LocationAccuracy":"exact","Capacity":"","CapacityUnits":"","CapacityMapScale":"","Tracker":"GGIT-LNG"}},{"type":"Feature","geometry":{"type":"Point","coordinates":[30.3186466,31.3490481]},"properties":{"PipelineName":"Egyptian LNG Terminal","SegmentName":"Unit T1","Status":"operating","Wiki":"https://www.gem.wiki/Egyptian_LNG_Terminal","ProjectID":"T100000130250","UnitID":"G100002025001","CountriesOrAreas":"Egypt","StartState/Province":"Beheira","StartLocation":"Beheira, Egypt","Owner":"","Operator":"Egyptian LNG","StartYear1":"2005","FuelType":"LNG","FacilityType":"export","LocationAccuracy":"exact","Capacity":"3.6","CapacityUnits":"mtpa","CapacityMapScale":83880.0,"Tracker":"GGIT-LNG"}},{"type":"Feature","geometry":{"type":"Point","coordinates":[30.3186466,31.3490481]},"properties":{"PipelineName":"Egyptian LNG Terminal","SegmentName":"Unit T2","Status":"operating","Wiki":"https://www.gem.wiki/Egyptian_LNG_Terminal","ProjectID":"T100000130250","UnitID":"G100002025002","CountriesOrAreas":"Egypt","StartState/Province":"Beheira","StartLocation":"Beheira, Egypt","Owner":"","Operator":"Egyptian LNG","StartYear1":"2005","FuelType":"LNG","FacilityType":"export","LocationAccuracy":"exact","Capacity":"3.6","CapacityUnits":"mtpa","CapacityMapScale":83880.0,"Tracker":"GGIT-LNG"}},{"type":"Feature","geometry":{"type":"Point","coordinates":[34.95,29.55]},"properties":{"PipelineName":"Eilat FLNG Terminal","SegmentName":"","Status":"cancelled","Wiki":"https://www.gem.wiki/Eilat_FLNG_Terminal","ProjectID":"T100000130588","UnitID":"G100002058801","CountriesOrAreas":"Israel","StartState/Province":"","StartLocation":"Israel","Owner":"Eilat Ashkelon Pipeline Co; Israel Natural Gas Pipelines [TO BE DELETED] Co","Operator":"","StartYear1":"","FuelType":"LNG","FacilityType":"export","LocationAccuracy":"approximate","Capacity":"7","CapacityUnits":"bcm/y","CapacityMapScale":119878.5,"Tracker":"GGIT-LNG"}},{"type":"Feature","geometry":{"type":"Point","coordinates":[-81.000278,32.091111]},"properties":{"PipelineName":"Elba Island LNG Terminal","SegmentName":"Unit Import Terminal","Status":"operating","Wiki":"https://www.gem.wiki/Elba_Island_LNG_Terminal","ProjectID":"T100000130221","UnitID":"G100002022100","CountriesOrAreas":"United States","StartState/Province":"Georgia","StartLocation":"Georgia, United States","Owner":"Southern LNG Co LLC [100%]","Operator":"Southern LNG","StartYear1":"1978","FuelType":"LNG","FacilityType":"import","LocationAccuracy":"exact","Capacity":"12","CapacityUnits":"mtpa","CapacityMapScale":279600.0,"Tracker":"GGIT-LNG"}},{"type":"Feature","geometry":{"type":"Point","coordinates":[-81.000278,32.091111]},"properties":{"PipelineName":"Elba Island LNG Terminal","SegmentName":"Unit T01","Status":"operating","Wiki":"https://www.gem.wiki/Elba_Island_LNG_Terminal","ProjectID":"T100000130221","UnitID":"G100002022101","CountriesOrAreas":"United States","StartState/Province":"Georgia","StartLocation":"Georgia, United States","Owner":"Southern LNG Co LLC [100%]","Operator":"Southern LNG","StartYear1":"2019","FuelType":"LNG","FacilityType":"export","LocationAccuracy":"exact","Capacity":"0.25","CapacityUnits":"mtpa","CapacityMapScale":5825.0,"Tracker":"GGIT-LNG"}},{"type":"Feature","geometry":{"type":"Point","coordinates":[-81.000278,32.091111]},"properties":{"PipelineName":"Elba Island LNG Terminal","SegmentName":"Unit T02","Status":"operating","Wiki":"https://www.gem.wiki/Elba_Island_LNG_Terminal","ProjectID":"T100000130221","UnitID":"G100002022102","CountriesOrAreas":"United States","StartState/Province":"Georgia","StartLocation":"Georgia, United States","Owner":"Southern LNG Co LLC [100%]","Operator":"Southern LNG","StartYear1":"2019","FuelType":"LNG","FacilityType":"export","LocationAccuracy":"exact","Capacity":"0.25","CapacityUnits":"mtpa","CapacityMapScale":5825.0,"Tracker":"GGIT-LNG"}},{"type":"Feature","geometry":{"type":"Point","coordinates":[-81.000278,32.091111]},"properties":{"PipelineName":"Elba Island LNG Terminal","SegmentName":"Unit T03","Status":"operating","Wiki":"https://www.gem.wiki/Elba_Island_LNG_Terminal","ProjectID":"T100000130221","UnitID":"G100002022103","CountriesOrAreas":"United States","StartState/Province":"Georgia","StartLocation":"Georgia, United States","Owner":"Southern LNG Co LLC [100%]","Operator":"Southern LNG","StartYear1":"2019","FuelType":"LNG","FacilityType":"export","LocationAccuracy":"exact","Capacity":"0.25","CapacityUnits":"mtpa","CapacityMapScale":5825.0,"Tracker":"GGIT-LNG"}},{"type":"Feature","geometry":{"type":"Point","coordinates":[-81.000278,32.091111]},"properties":{"PipelineName":"Elba Island LNG Terminal","SegmentName":"Unit T04","Status":"operating","Wiki":"https://www.gem.wiki/Elba_Island_LNG_Terminal","ProjectID":"T100000130221","UnitID":"G100002022104","CountriesOrAreas":"United States","StartState/Province":"Georgia","StartLocation":"Georgia, United States","Owner":"Southern LNG Co LLC [100%]","Operator":"Southern LNG","StartYear1":"2019","FuelType":"LNG","FacilityType":"export","LocationAccuracy":"exact","Capacity":"0.25","CapacityUnits":"mtpa","CapacityMapScale":5825.0,"Tracker":"GGIT-LNG"}},{"type":"Feature","geometry":{"type":"Point","coordinates":[-81.000278,32.091111]},"properties":{"PipelineName":"Elba Island LNG Terminal","SegmentName":"Unit T05","Status":"operating","Wiki":"https://www.gem.wiki/Elba_Island_LNG_Terminal","ProjectID":"T100000130221","UnitID":"G100002022105","CountriesOrAreas":"United States","StartState/Province":"Georgia","StartLocation":"Georgia, United States","Owner":"Southern LNG Co LLC [100%]","Operator":"Southern LNG","StartYear1":"2019","FuelType":"LNG","FacilityType":"export","LocationAccuracy":"exact","Capacity":"0.25","CapacityUnits":"mtpa","CapacityMapScale":5825.0,"Tracker":"GGIT-LNG"}},{"type":"Feature","geometry":{"type":"Point","coordinates":[-81.000278,32.091111]},"properties":{"PipelineName":"Elba Island LNG Terminal","SegmentName":"Unit T06","Status":"operating","Wiki":"https://www.gem.wiki/Elba_Island_LNG_Terminal","ProjectID":"T100000130221","UnitID":"G100002022106","CountriesOrAreas":"United States","StartState/Province":"Georgia","StartLocation":"Georgia, United States","Owner":"Southern LNG Co LLC [100%]","Operator":"Southern LNG","StartYear1":"2020","FuelType":"LNG","FacilityType":"export","LocationAccuracy":"exact","Capacity":"0.25","CapacityUnits":"mtpa","CapacityMapScale":5825.0,"Tracker":"GGIT-LNG"}},{"type":"Feature","geometry":{"type":"Point","coordinates":[-81.000278,32.091111]},"properties":{"PipelineName":"Elba Island LNG Terminal","SegmentName":"Unit T07","Status":"operating","Wiki":"https://www.gem.wiki/Elba_Island_LNG_Terminal","ProjectID":"T100000130221","UnitID":"G100002022107","CountriesOrAreas":"United States","StartState/Province":"Georgia","StartLocation":"Georgia, United States","Owner":"Southern LNG Co LLC [100%]","Operator":"Southern LNG","StartYear1":"2020","FuelType":"LNG","FacilityType":"export","LocationAccuracy":"exact","Capacity":"0.25","CapacityUnits":"mtpa","CapacityMapScale":5825.0,"Tracker":"GGIT-LNG"}},{"type":"Feature","geometry":{"type":"Point","coordinates":[-81.000278,32.091111]},"properties":{"PipelineName":"Elba Island LNG Terminal","SegmentName":"Unit T08","Status":"operating","Wiki":"https://www.gem.wiki/Elba_Island_LNG_Terminal","ProjectID":"T100000130221","UnitID":"G100002022108","CountriesOrAreas":"United States","StartState/Province":"Georgia","StartLocation":"Georgia, United States","Owner":"Southern LNG Co LLC [100%]","Operator":"Southern LNG","StartYear1":"2020","FuelType":"LNG","FacilityType":"export","LocationAccuracy":"exact","Capacity":"0.25","CapacityUnits":"mtpa","CapacityMapScale":5825.0,"Tracker":"GGIT-LNG"}},{"type":"Feature","geometry":{"type":"Point","coordinates":[-81.000278,32.091111]},"properties":{"PipelineName":"Elba Island LNG Terminal","SegmentName":"Unit T09","Status":"operating","Wiki":"https://www.gem.wiki/Elba_Island_LNG_Terminal","ProjectID":"T100000130221","UnitID":"G100002022109","CountriesOrAreas":"United States","StartState/Province":"Georgia","StartLocation":"Georgia, United States","Owner":"Southern LNG Co LLC [100%]","Operator":"Southern LNG","StartYear1":"2020","FuelType":"LNG","FacilityType":"export","LocationAccuracy":"exact","Capacity":"0.25","CapacityUnits":"mtpa","CapacityMapScale":5825.0,"Tracker":"GGIT-LNG"}},{"type":"Feature","geometry":{"type":"Point","coordinates":[-81.000278,32.091111]},"properties":{"PipelineName":"Elba Island LNG Terminal","SegmentName":"Unit T10","Status":"operating","Wiki":"https://www.gem.wiki/Elba_Island_LNG_Terminal","ProjectID":"T100000130221","UnitID":"G100002022110","CountriesOrAreas":"United States","StartState/Province":"Georgia","StartLocation":"Georgia, United States","Owner":"Southern LNG Co LLC [100%]","Operator":"Southern LNG","StartYear1":"2020","FuelType":"LNG","FacilityType":"export","LocationAccuracy":"exact","Capacity":"0.25","CapacityUnits":"mtpa","CapacityMapScale":5825.0,"Tracker":"GGIT-LNG"}},{"type":"Feature","geometry":{"type":"Point","coordinates":[-81.000278,32.091111]},"properties":{"PipelineName":"Elba Island LNG Terminal","SegmentName":"Unit Optimization Project","Status":"construction","Wiki":"https://www.gem.wiki/Elba_Island_LNG_Terminal","ProjectID":"T100000130221","UnitID":"G100002022111","CountriesOrAreas":"United States","StartState/Province":"Georgia","StartLocation":"Georgia, United States","Owner":"Southern LNG Co LLC [100%]","Operator":"Southern LNG","StartYear1":"","FuelType":"LNG","FacilityType":"export","LocationAccuracy":"exact","Capacity":"0.4","CapacityUnits":"mtpa","CapacityMapScale":9320.0,"Tracker":"GGIT-LNG"}},{"type":"Feature","geometry":{"type":"Point","coordinates":[-5.6934,43.5696]},"properties":{"PipelineName":"El Musel LNG Terminal","SegmentName":"","Status":"operating","Wiki":"https://www.gem.wiki/El_Musel_LNG_Terminal","ProjectID":"T100000130528","UnitID":"G100002052800","CountriesOrAreas":"Spain","StartState/Province":"Asturias","StartLocation":"Asturias, Spain","Owner":"Enagás SA [75%]; Reganosa Servicios SLU [25%]","Operator":"Musel Energy Hub","StartYear1":"2023","FuelType":"LNG","FacilityType":"import","LocationAccuracy":"exact","Capacity":"7","CapacityUnits":"bcm/y","CapacityMapScale":119878.5,"Tracker":"GGIT-LNG"}},{"type":"Feature","geometry":{"type":"Point","coordinates":[-75.883333,8.75]},"properties":{"PipelineName":"El Viajano Altenesol LNG Terminal","SegmentName":"","Status":"cancelled","Wiki":"https://www.gem.wiki/El_Viajano_Altenesol_LNG_Terminal","ProjectID":"T100000130564","UnitID":"G100002056400","CountriesOrAreas":"Colombia","StartState/Province":"Cordoba","StartLocation":"Cordoba, Colombia","Owner":"IAHL Corp [100%]","Operator":"","StartYear1":"","FuelType":"LNG","FacilityType":"import","LocationAccuracy":"approximate","Capacity":"","CapacityUnits":"","CapacityMapScale":"","Tracker":"GGIT-LNG"}},{"type":"Feature","geometry":{"type":"Point","coordinates":[67.334731,24.769704]},"properties":{"PipelineName":"Energas FSRU","SegmentName":"","Status":"proposed","Wiki":"https://www.gem.wiki/Energas_FSRU","ProjectID":"T100000130884","UnitID":"G100002088400","CountriesOrAreas":"Pakistan","StartState/Province":"Sindh","StartLocation":"Sindh, Pakistan","Owner":"Energas Terminal Pvt Ltd [100%]","Operator":"","StartYear1":"","FuelType":"LNG","FacilityType":"import","LocationAccuracy":"approximate","Capacity":"750","CapacityUnits":"MMcf/d","CapacityMapScale":134033.2,"Tracker":"GGIT-LNG"}},{"type":"Feature","geometry":{"type":"Point","coordinates":[-71.7326546,19.7185554]},"properties":{"PipelineName":"Energía 2000 Manzanillo FSRU","SegmentName":"","Status":"operating","Wiki":"https://www.gem.wiki/Manzanillo_(Dominican_Republic)_LNG_Terminal","ProjectID":"T100000131094","UnitID":"G100002109401","CountriesOrAreas":"Dominican Republic","StartState/Province":"Montecristi","StartLocation":"Montecristi, Dominican Republic","Owner":"Energía 2000 SRL","Operator":"Energía 2000; Energos Infrastructure","StartYear1":"2026","FuelType":"LNG","FacilityType":"import","LocationAccuracy":"exact","Capacity":"3.6","CapacityUnits":"mtpa","CapacityMapScale":83880.0,"Tracker":"GGIT-LNG"}},{"type":"Feature","geometry":{"type":"Point","coordinates":[-70.8309756,48.4014153]},"properties":{"PipelineName":"Energie Saguenay LNG Terminal","SegmentName":"Unit T1 & T2","Status":"cancelled","Wiki":"https://www.gem.wiki/Energie_Saguenay_LNG_Terminal","ProjectID":"T100000130630","UnitID":"G100002063001","CountriesOrAreas":"Canada","StartState/Province":"Quebec","StartLocation":"Quebec, Canada","Owner":"GNL Quebec Inc [100%]","Operator":"","StartYear1":"","FuelType":"LNG","FacilityType":"export","LocationAccuracy":"approximate","Capacity":"11","CapacityUnits":"mtpa","CapacityMapScale":256300.0,"Tracker":"GGIT-LNG"}},{"type":"Feature","geometry":{"type":"Point","coordinates":[67.333333,24.766667]},"properties":{"PipelineName":"Engro FSRU 2","SegmentName":"","Status":"cancelled","Wiki":"https://www.gem.wiki/Engro_FSRU_2","ProjectID":"T100000130611","UnitID":"G100002061100","CountriesOrAreas":"Pakistan","StartState/Province":"Sindh","StartLocation":"Sindh, Pakistan","Owner":"Engro Corp Ltd; Fatima Energy Ltd; Gunvor Group; Shell PLC","Operator":"","StartYear1":"","FuelType":"LNG","FacilityType":"import","LocationAccuracy":"approximate","Capacity":"4.5","CapacityUnits":"mtpa","CapacityMapScale":104850.0,"Tracker":"GGIT-LNG"}},{"type":"Feature","geometry":{"type":"Point","coordinates":[11.521946,-4.515222]},"properties":{"PipelineName":"Eni Congo FLNG II Terminal","SegmentName":"","Status":"operating","Wiki":"https://www.gem.wiki/Eni_Congo_FLNG_II_Terminal","ProjectID":"T100000131123","UnitID":"G100002112301","CountriesOrAreas":"Republic of the Congo","StartState/Province":"","StartLocation":"Republic of the Congo","Owner":"Eni Congo SAU [100%]","Operator":"Eni Congo","StartYear1":"2026","FuelType":"LNG","FacilityType":"export","LocationAccuracy":"exact","Capacity":"2.4","CapacityUnits":"mtpa","CapacityMapScale":55920.0,"Tracker":"GGIT-LNG"}},{"type":"Feature","geometry":{"type":"Point","coordinates":[-70.549,12.01]},"properties":{"PipelineName":"Eni/Repsol Perla FLNG","SegmentName":"","Status":"proposed","Wiki":"https://www.gem.wiki/Eni/Repsol_Perla_FLNG","ProjectID":"T100001084768","UnitID":"G100001096312","CountriesOrAreas":"Venezuela","StartState/Province":"","StartLocation":"Venezuela","Owner":"Eni SpA; Repsol SA","Operator":"","StartYear1":"","FuelType":"LNG","FacilityType":"export","LocationAccuracy":"approximate","Capacity":"","CapacityUnits":"","CapacityMapScale":"","Tracker":"GGIT-LNG"}},{"type":"Feature","geometry":{"type":"Point","coordinates":[80.3471876,13.2761459]},"properties":{"PipelineName":"Ennore LNG Terminal","SegmentName":"","Status":"operating","Wiki":"https://www.gem.wiki/Ennore_LNG_Terminal","ProjectID":"T100000130662","UnitID":"G100002066200","CountriesOrAreas":"India","StartState/Province":"Tamil Nadu","StartLocation":"Tamil Nadu, India","Owner":"","Operator":"Indian Oil LNG","StartYear1":"2019","FuelType":"LNG","FacilityType":"import","LocationAccuracy":"exact","Capacity":"5","CapacityUnits":"mtpa","CapacityMapScale":116500.0,"Tracker":"GGIT-LNG"}},{"type":"Feature","geometry":{"type":"Point","coordinates":[80.3471876,13.2761459]},"properties":{"PipelineName":"Ennore LNG Terminal","SegmentName":"Unit Expansion","Status":"proposed","Wiki":"https://www.gem.wiki/Ennore_LNG_Terminal","ProjectID":"T100000130662","UnitID":"G100002066201","CountriesOrAreas":"India","StartState/Province":"Tamil Nadu","StartLocation":"Tamil Nadu, India","Owner":"","Operator":"Indian Oil LNG","StartYear1":"","FuelType":"LNG","FacilityType":"import","LocationAccuracy":"exact","Capacity":"5","CapacityUnits":"mtpa","CapacityMapScale":116500.0,"Tracker":"GGIT-LNG"}},{"type":"Feature","geometry":{"type":"Point","coordinates":[-97.410844,25.950835]},"properties":{"PipelineName":"Eos FLNG Terminal","SegmentName":"","Status":"cancelled","Wiki":"https://www.gem.wiki/Eos_FLNG_Terminal","ProjectID":"T100000130222","UnitID":"G100002022201","CountriesOrAreas":"United States","StartState/Province":"Texas","StartLocation":"Texas, United States","Owner":"Eos LNG LLC [100%]","Operator":"","StartYear1":"","FuelType":"LNG","FacilityType":"export","LocationAccuracy":"approximate","Capacity":"1.6","CapacityUnits":"bcf/d","CapacityMapScale":285937.6,"Tracker":"GGIT-LNG"}},{"type":"Feature","geometry":{"type":"Point","coordinates":[114.811,-21.504]},"properties":{"PipelineName":"Equus FLNG Terminal","SegmentName":"","Status":"cancelled","Wiki":"https://www.gem.wiki/Equus_FLNG_Terminal","ProjectID":"T100000130860","UnitID":"G100002086000","CountriesOrAreas":"Australia","StartState/Province":"Western Australia","StartLocation":"Western Australia, Australia","Owner":"Western Gas Corporation Pty Ltd [100%]","Operator":"","StartYear1":"","FuelType":"LNG","FacilityType":"export","LocationAccuracy":"approximate","Capacity":"2","CapacityUnits":"mtpa","CapacityMapScale":46600.0,"Tracker":"GGIT-LNG"}},{"type":"Feature","geometry":{"type":"Point","coordinates":[-58.7630866,-34.2422966]},"properties":{"PipelineName":"Escobar FSRU","SegmentName":"","Status":"operating","Wiki":"https://www.gem.wiki/Escobar_FSRU","ProjectID":"T100000130542","UnitID":"G100002054200","CountriesOrAreas":"Argentina","StartState/Province":"Buenos Aires","StartLocation":"Buenos Aires, Argentina","Owner":"UTE Escobar JV [100%]","Operator":"Excelerate Energy","StartYear1":"2011","FuelType":"LNG","FacilityType":"import","LocationAccuracy":"exact","Capacity":"6.1","CapacityUnits":"mtpa","CapacityMapScale":142130.0,"Tracker":"GGIT-LNG"}},{"type":"Feature","geometry":{"type":"Point","coordinates":[8.903989,4.0237344]},"properties":{"PipelineName":"Etinde FLNG Terminal","SegmentName":"","Status":"shelved","Wiki":"https://www.gem.wiki/Etinde_FLNG_Terminal","ProjectID":"T100000130913","UnitID":"G100002091301","CountriesOrAreas":"Cameroon","StartState/Province":"","StartLocation":"Cameroon","Owner":"LUKOIL PJSC [37.5%]; New Age (African Global Energy) Ltd [37.5%]; Bowleven [25%]","Operator":"","StartYear1":"","FuelType":"LNG","FacilityType":"export","LocationAccuracy":"approximate","Capacity":"1.3","CapacityUnits":"mtpa","CapacityMapScale":30290.0,"Tracker":"GGIT-LNG"}},{"type":"Feature","geometry":{"type":"Point","coordinates":[26.895665,38.74443]},"properties":{"PipelineName":"Etki FSRU","SegmentName":"","Status":"operating","Wiki":"https://www.gem.wiki/Etki_FSRU","ProjectID":"T100000130541","UnitID":"G100002054100","CountriesOrAreas":"Türkiye","StartState/Province":"Aegean","StartLocation":"Aegean, Türkiye","Owner":"Etki Liman İşletmeleri Doğalgaz İthalat ve Ticaret AŞ","Operator":"Etki Liman İşletmeleri Doğalgaz İthalat ve Ticaret; Pardus Energy","StartYear1":"2016","FuelType":"LNG","FacilityType":"import","LocationAccuracy":"exact","Capacity":"5.7","CapacityUnits":"mtpa","CapacityMapScale":132810.0,"Tracker":"GGIT-LNG"}},{"type":"Feature","geometry":{"type":"Point","coordinates":[-71.05885,42.3923475]},"properties":{"PipelineName":"Everett Marine Terminal","SegmentName":"","Status":"operating","Wiki":"https://www.gem.wiki/Everett_Marine_Terminal","ProjectID":"T100000130631","UnitID":"G100002063100","CountriesOrAreas":"United States","StartState/Province":"Massachusetts","StartLocation":"Massachusetts, United States","Owner":"Constellation LNG LLC [100%]","Operator":"Constellation LNG","StartYear1":"1971","FuelType":"LNG","FacilityType":"import","LocationAccuracy":"exact","Capacity":"5.1","CapacityUnits":"mtpa","CapacityMapScale":118830.0,"Tracker":"GGIT-LNG"}},{"type":"Feature","geometry":{"type":"Point","coordinates":[13.543,43.741]},"properties":{"PipelineName":"Falconara Marittima LNG Terminal","SegmentName":"","Status":"cancelled","Wiki":"https://www.gem.wiki/Falconara_Marittima_LNG_Terminal","ProjectID":"T100000130470","UnitID":"G100002047000","CountriesOrAreas":"Italy","StartState/Province":"Marche","StartLocation":"Marche, Italy","Owner":"Api Nova Energia [100%]","Operator":"","StartYear1":"","FuelType":"LNG","FacilityType":"import","LocationAccuracy":"approximate","Capacity":"4","CapacityUnits":"bcm/y","CapacityMapScale":68502.0,"Tracker":"GGIT-LNG"}},{"type":"Feature","geometry":{"type":"Point","coordinates":[108.3547283,21.5885731]},"properties":{"PipelineName":"Fangchenggang LNG Terminal","SegmentName":"Unit Phase I","Status":"operating","Wiki":"https://www.gem.wiki/Fangchenggang_LNG_Terminal","ProjectID":"T100000130380","UnitID":"G100002038000","CountriesOrAreas":"China","StartState/Province":"Guangxi","StartLocation":"Guangxi, China","Owner":"State Pipe Network Group Guangxi Fangchenggang Natural Gas Co Ltd [100%]","Operator":"","StartYear1":"2019","FuelType":"LNG","FacilityType":"import","LocationAccuracy":"exact","Capacity":"0.6","CapacityUnits":"mtpa","CapacityMapScale":13980.0,"Tracker":"GGIT-LNG"}},{"type":"Feature","geometry":{"type":"Point","coordinates":[108.3547283,21.5885731]},"properties":{"PipelineName":"Fangchenggang LNG Terminal","SegmentName":"Unit Phase II","Status":"shelved","Wiki":"https://www.gem.wiki/Fangchenggang_LNG_Terminal","ProjectID":"T100000130380","UnitID":"G100002038001","CountriesOrAreas":"China","StartState/Province":"Guangxi","StartLocation":"Guangxi, China","Owner":"State Pipe Network Group Guangxi Fangchenggang Natural Gas Co Ltd [100%]","Operator":"","StartYear1":"","FuelType":"LNG","FacilityType":"import","LocationAccuracy":"exact","Capacity":"0.4","CapacityUnits":"mtpa","CapacityMapScale":9320.0,"Tracker":"GGIT-LNG"}},{"type":"Feature","geometry":{"type":"Point","coordinates":[140.77754,51.473482]},"properties":{"PipelineName":"Far East LNG Terminal","SegmentName":"Unit T1","Status":"shelved","Wiki":"https://www.gem.wiki/Far_East_LNG_Terminal","ProjectID":"T100000130506","UnitID":"G100002050601","CountriesOrAreas":"Russia","StartState/Province":"Khabaravosk Krai","StartLocation":"Khabaravosk Krai, Russia","Owner":"Sakhalin Oil and Gas Development Co Ltd [30%]; unknown [30%]; Oil and Natural Gas [TO BE DELETED] Corp Ltd [20%]; Sakhalinmorneftegaz-Shelf JSC [11.5%]; RN-Astra JSC [8.5%]","Operator":"Sakhalin-1","StartYear1":"","FuelType":"LNG","FacilityType":"export","LocationAccuracy":"approximate","Capacity":"6.2","CapacityUnits":"mtpa","CapacityMapScale":144460.0,"Tracker":"GGIT-LNG"}},{"type":"Feature","geometry":{"type":"Point","coordinates":[140.77754,51.473482]},"properties":{"PipelineName":"Far East LNG Terminal","SegmentName":"Unit T2","Status":"shelved","Wiki":"https://www.gem.wiki/Far_East_LNG_Terminal","ProjectID":"T100000130506","UnitID":"G100002050602","CountriesOrAreas":"Russia","StartState/Province":"Khabaravosk Krai","StartLocation":"Khabaravosk Krai, Russia","Owner":"Sakhalin Oil and Gas Development Co Ltd [30%]; unknown [30%]; Oil and Natural Gas [TO BE DELETED] Corp Ltd [20%]; Sakhalinmorneftegaz-Shelf JSC [11.5%]; RN-Astra JSC [8.5%]","Operator":"Sakhalin-1","StartYear1":"","FuelType":"LNG","FacilityType":"export","LocationAccuracy":"approximate","Capacity":"10","CapacityUnits":"mtpa","CapacityMapScale":233000.0,"Tracker":"GGIT-LNG"}},{"type":"Feature","geometry":{"type":"Point","coordinates":[-52.947832,46.974036]},"properties":{"PipelineName":"Fermeuse Energy FLNG Terminal","SegmentName":"","Status":"proposed","Wiki":"https://www.gem.wiki/Fermeuse_Energy_FLNG_Terminal","ProjectID":"T100001061412","UnitID":"G100001070359","CountriesOrAreas":"Canada","StartState/Province":"","StartLocation":"Canada","Owner":"Fermeuse Energy Ltd [100%]","Operator":"","StartYear1":"","FuelType":"LNG","FacilityType":"export","LocationAccuracy":"approximate","Capacity":"10","CapacityUnits":"mtpa","CapacityMapScale":233000.0,"Tracker":"GGIT-LNG"}},{"type":"Feature","geometry":{"type":"Point","coordinates":[121.0379218,13.7728992]},"properties":{"PipelineName":"FGEN Batangas FSRU","SegmentName":"","Status":"operating","Wiki":"https://www.gem.wiki/FGEN_Batangas_FSRU","ProjectID":"T100000131012","UnitID":"G100002101200","CountriesOrAreas":"Philippines","StartState/Province":"Batangas","StartLocation":"Batangas, Philippines","Owner":"FGEN LNG Corp [100%]","Operator":"BW LNG; FGEN LNG","StartYear1":"2023","FuelType":"LNG","FacilityType":"import","LocationAccuracy":"exact","Capacity":"5.3","CapacityUnits":"mtpa","CapacityMapScale":123490.0,"Tracker":"GGIT-LNG"}},{"type":"Feature","geometry":{"type":"Point","coordinates":[121.0379218,13.7728992]},"properties":{"PipelineName":"FGEN Batangas LNG Terminal","SegmentName":"","Status":"shelved","Wiki":"https://www.gem.wiki/FGEN_Batangas_LNG_Terminal","ProjectID":"T100000130610","UnitID":"G100002061000","CountriesOrAreas":"Philippines","StartState/Province":"Batangas","StartLocation":"Batangas, Philippines","Owner":"First Generation Holdings Corp [80%]; Tokyo Gas Co Ltd [20%]","Operator":"","StartYear1":"","FuelType":"LNG","FacilityType":"import","LocationAccuracy":"exact","Capacity":"5","CapacityUnits":"mtpa","CapacityMapScale":116500.0,"Tracker":"GGIT-LNG"}},{"type":"Feature","geometry":{"type":"Point","coordinates":[120.99401,13.726365]},"properties":{"PipelineName":"Filipinas LNG Gateway Project FSRU","SegmentName":"","Status":"shelved","Wiki":"https://www.gem.wiki/Filipinas_LNG_Gateway_Project_FSRU","ProjectID":"T100000130906","UnitID":"G100002090600","CountriesOrAreas":"Philippines","StartState/Province":"","StartLocation":"Philippines","Owner":"Luzon LNG Terminal Inc [100%]","Operator":"Luzon LNG Terminal","StartYear1":"","FuelType":"LNG","FacilityType":"import","LocationAccuracy":"approximate","Capacity":"4.4","CapacityUnits":"mtpa","CapacityMapScale":102520.0,"Tracker":"GGIT-LNG"}},{"type":"Feature","geometry":{"type":"Point","coordinates":[-56.990446,5.967844]},"properties":{"PipelineName":"Firebird LNG Terminal","SegmentName":"","Status":"proposed","Wiki":"https://www.gem.wiki/Firebird_LNG_Terminal","ProjectID":"T100000131139","UnitID":"G100002113900","CountriesOrAreas":"Suriname","StartState/Province":"","StartLocation":"Suriname","Owner":"Firebird LNG LLC [100%]","Operator":"","StartYear1":"","FuelType":"LNG","FacilityType":"export","LocationAccuracy":"approximate","Capacity":"2.7","CapacityUnits":"mtpa","CapacityMapScale":62910.0,"Tracker":"GGIT-LNG"}},{"type":"Feature","geometry":{"type":"Point","coordinates":[151.169399,-23.789582]},"properties":{"PipelineName":"Fishermans Landing LNG Terminal","SegmentName":"Unit T1-T2","Status":"cancelled","Wiki":"https://www.gem.wiki/Fishermans_Landing_LNG_Terminal","ProjectID":"T100000130332","UnitID":"G100002033201","CountriesOrAreas":"Australia","StartState/Province":"Queensland","StartLocation":"Queensland, Australia","Owner":"Gladstone LNG Pty Ltd [100%]","Operator":"Gladstone LNG","StartYear1":"","FuelType":"LNG","FacilityType":"export","LocationAccuracy":"exact","Capacity":"3.5","CapacityUnits":"mtpa","CapacityMapScale":81550.0,"Tracker":"GGIT-LNG"}},{"type":"Feature","geometry":{"type":"Point","coordinates":[-80.182677,27.163871]},"properties":{"PipelineName":"Floridian LNG Terminal","SegmentName":"","Status":"cancelled","Wiki":"https://www.gem.wiki/Floridian_LNG_Terminal","ProjectID":"T100000130223","UnitID":"G100002022301","CountriesOrAreas":"United States","StartState/Province":"Florida","StartLocation":"Florida, United States","Owner":"Floridian Natural Gas Storage Company LLC [100%]","Operator":"","StartYear1":"","FuelType":"LNG","FacilityType":"export","LocationAccuracy":"approximate","Capacity":"0.1","CapacityUnits":"bcf/d","CapacityMapScale":17871.1,"Tracker":"GGIT-LNG"}},{"type":"Feature","geometry":{"type":"Point","coordinates":[7.6,3.2]},"properties":{"PipelineName":"Fortuna FLNG Terminal","SegmentName":"Unit Second Proposal","Status":"shelved","Wiki":"https://www.gem.wiki/Fortuna_FLNG_Terminal","ProjectID":"T100000130251","UnitID":"G100002025101","CountriesOrAreas":"Equatorial Guinea","StartState/Province":"","StartLocation":"Equatorial Guinea","Owner":"","Operator":"","StartYear1":"","FuelType":"LNG","FacilityType":"export","LocationAccuracy":"approximate","Capacity":"","CapacityUnits":"","CapacityMapScale":"","Tracker":"GGIT-LNG"}},{"type":"Feature","geometry":{"type":"Point","coordinates":[7.6,3.2]},"properties":{"PipelineName":"Fortuna FLNG Terminal","SegmentName":"Unit First Proposal","Status":"cancelled","Wiki":"https://www.gem.wiki/Fortuna_FLNG_Terminal","ProjectID":"T100000130251","UnitID":"G100002025102","CountriesOrAreas":"Equatorial Guinea","StartState/Province":"","StartLocation":"Equatorial Guinea","Owner":"","Operator":"","StartYear1":"","FuelType":"LNG","FacilityType":"export","LocationAccuracy":"approximate","Capacity":"2.5","CapacityUnits":"mtpa","CapacityMapScale":58250.0,"Tracker":"GGIT-LNG"}},{"type":"Feature","geometry":{"type":"Point","coordinates":[4.90102,43.41963]},"properties":{"PipelineName":"Fos Cavaou LNG Terminal","SegmentName":"","Status":"operating","Wiki":"https://www.gem.wiki/Fos_Cavaou_LNG_Terminal","ProjectID":"T100000130448","UnitID":"G100002044800","CountriesOrAreas":"France","StartState/Province":"Provence-Alpes-Côte d'Azur","StartLocation":"Provence-Alpes-Côte d'Azur, France","Owner":"Fosmax LNG SAS [100%]","Operator":"Elengy","StartYear1":"2010","FuelType":"LNG","FacilityType":"import","LocationAccuracy":"exact","Capacity":"10","CapacityUnits":"bcm/y","CapacityMapScale":171255.0,"Tracker":"GGIT-LNG"}},{"type":"Feature","geometry":{"type":"Point","coordinates":[4.90102,43.41963]},"properties":{"PipelineName":"Fos Cavaou LNG Terminal","SegmentName":"Unit Expansion 1 (Debottlenecking)","Status":"operating","Wiki":"https://www.gem.wiki/Fos_Cavaou_LNG_Terminal","ProjectID":"T100000130448","UnitID":"G100002044801","CountriesOrAreas":"France","StartState/Province":"Provence-Alpes-Côte d'Azur","StartLocation":"Provence-Alpes-Côte d'Azur, France","Owner":"Fosmax LNG SAS [100%]","Operator":"Elengy","StartYear1":"2022","FuelType":"LNG","FacilityType":"import","LocationAccuracy":"exact","Capacity":"","CapacityUnits":"","CapacityMapScale":"","Tracker":"GGIT-LNG"}},{"type":"Feature","geometry":{"type":"Point","coordinates":[4.90102,43.41963]},"properties":{"PipelineName":"Fos Cavaou LNG Terminal","SegmentName":"Unit Expansion 2","Status":"construction","Wiki":"https://www.gem.wiki/Fos_Cavaou_LNG_Terminal","ProjectID":"T100000130448","UnitID":"G100002044802","CountriesOrAreas":"France","StartState/Province":"Provence-Alpes-Côte d'Azur","StartLocation":"Provence-Alpes-Côte d'Azur, France","Owner":"Fosmax LNG SAS [100%]","Operator":"Elengy","StartYear1":"","FuelType":"LNG","FacilityType":"import","LocationAccuracy":"exact","Capacity":"2","CapacityUnits":"bcm/y","CapacityMapScale":34251.0,"Tracker":"GGIT-LNG"}},{"type":"Feature","geometry":{"type":"Point","coordinates":[4.87237,43.40705]},"properties":{"PipelineName":"Fos Lavera Marseille LNG Terminal","SegmentName":"","Status":"cancelled","Wiki":"https://www.gem.wiki/Fos_Lavera_Marseille_LNG_Terminal","ProjectID":"T100000130450","UnitID":"G100002045000","CountriesOrAreas":"France","StartState/Province":"Provence-Alpes-Côte d'Azur","StartLocation":"Provence-Alpes-Côte d'Azur, France","Owner":"Fos Faster LNG Terminal SAS [100%]","Operator":"","StartYear1":"","FuelType":"LNG","FacilityType":"import","LocationAccuracy":"approximate","Capacity":"5.4","CapacityUnits":"mtpa","CapacityMapScale":125820.0,"Tracker":"GGIT-LNG"}},{"type":"Feature","geometry":{"type":"Point","coordinates":[4.85167,43.454]},"properties":{"PipelineName":"Fos Tonkin LNG Terminal","SegmentName":"","Status":"operating","Wiki":"https://www.gem.wiki/Fos_Tonkin_LNG_Terminal","ProjectID":"T100000130452","UnitID":"G100002045200","CountriesOrAreas":"France","StartState/Province":"Provence-Alpes-Côte d'Azur","StartLocation":"Provence-Alpes-Côte d'Azur, France","Owner":"Elengy SA [100%]","Operator":"Elengy","StartYear1":"1972","FuelType":"LNG","FacilityType":"import","LocationAccuracy":"exact","Capacity":"1.5","CapacityUnits":"bcm/y","CapacityMapScale":25688.2,"Tracker":"GGIT-LNG"}},{"type":"Feature","geometry":{"type":"Point","coordinates":[4.85167,43.454]},"properties":{"PipelineName":"Fos Tonkin LNG Terminal","SegmentName":"Unit Ammonia Import Terminal","Status":"proposed","Wiki":"https://www.gem.wiki/Fos_Tonkin_LNG_Terminal","ProjectID":"T100000130452","UnitID":"G100002045201","CountriesOrAreas":"France","StartState/Province":"Provence-Alpes-Côte d'Azur","StartLocation":"Provence-Alpes-Côte d'Azur, France","Owner":"Elengy SA [100%]","Operator":"Elengy","StartYear1":"","FuelType":"NH3","FacilityType":"import","LocationAccuracy":"exact","Capacity":"0.2","CapacityUnits":"mtpa","CapacityMapScale":4660.0,"Tracker":"GGIT-LNG"}},{"type":"Feature","geometry":{"type":"Point","coordinates":[-90.194444,29.105833]},"properties":{"PipelineName":"Fourchon LNG Terminal","SegmentName":"Unit Phase 1","Status":"cancelled","Wiki":"https://www.gem.wiki/Fourchon_LNG_Terminal","ProjectID":"T100000130205","UnitID":"G100002020501","CountriesOrAreas":"United States","StartState/Province":"Louisiana","StartLocation":"Louisiana, United States","Owner":"Fourchon LNG LLC [100%]","Operator":"","StartYear1":"","FuelType":"LNG","FacilityType":"export","LocationAccuracy":"approximate","Capacity":"2","CapacityUnits":"mtpa","CapacityMapScale":46600.0,"Tracker":"GGIT-LNG"}},{"type":"Feature","geometry":{"type":"Point","coordinates":[-90.194444,29.105833]},"properties":{"PipelineName":"Fourchon LNG Terminal","SegmentName":"Unit Phase 2","Status":"cancelled","Wiki":"https://www.gem.wiki/Fourchon_LNG_Terminal","ProjectID":"T100000130205","UnitID":"G100002020502","CountriesOrAreas":"United States","StartState/Province":"Louisiana","StartLocation":"Louisiana, United States","Owner":"Fourchon LNG LLC [100%]","Operator":"","StartYear1":"","FuelType":"LNG","FacilityType":"export","LocationAccuracy":"approximate","Capacity":"3","CapacityUnits":"mtpa","CapacityMapScale":69900.0,"Tracker":"GGIT-LNG"}},{"type":"Feature","geometry":{"type":"Point","coordinates":[10.9595717,59.1875329]},"properties":{"PipelineName":"Fredrikstad LNG Terminal","SegmentName":"","Status":"operating","Wiki":"https://www.gem.wiki/Fredrikstad_LNG_Terminal","ProjectID":"T100000130730","UnitID":"G100002073000","CountriesOrAreas":"Norway","StartState/Province":"","StartLocation":"Norway","Owner":"Gasum Oyj [100%]","Operator":"","StartYear1":"2011","FuelType":"LNG","FacilityType":"import","LocationAccuracy":"exact","Capacity":"0.1","CapacityUnits":"mtpa","CapacityMapScale":2330.0,"Tracker":"GGIT-LNG"}},{"type":"Feature","geometry":{"type":"Point","coordinates":[-95.317355,28.932003]},"properties":{"PipelineName":"Freeport LNG Terminal","SegmentName":"Unit Import Terminal","Status":"retired","Wiki":"https://www.gem.wiki/Freeport_LNG_Terminal","ProjectID":"T100000130224","UnitID":"G100002022400","CountriesOrAreas":"United States","StartState/Province":"Texas","StartLocation":"Texas, United States","Owner":"","Operator":"","StartYear1":"2008","FuelType":"LNG","FacilityType":"import","LocationAccuracy":"exact","Capacity":"13.2","CapacityUnits":"mtpa","CapacityMapScale":307560.0,"Tracker":"GGIT-LNG"}},{"type":"Feature","geometry":{"type":"Point","coordinates":[-95.317355,28.932003]},"properties":{"PipelineName":"Freeport LNG Terminal","SegmentName":"Unit T1","Status":"operating","Wiki":"https://www.gem.wiki/Freeport_LNG_Terminal","ProjectID":"T100000130224","UnitID":"G100002022401","CountriesOrAreas":"United States","StartState/Province":"Texas","StartLocation":"Texas, United States","Owner":"","Operator":"","StartYear1":"2019","FuelType":"LNG","FacilityType":"export","LocationAccuracy":"exact","Capacity":"5","CapacityUnits":"mtpa","CapacityMapScale":116500.0,"Tracker":"GGIT-LNG"}},{"type":"Feature","geometry":{"type":"Point","coordinates":[-95.317355,28.932003]},"properties":{"PipelineName":"Freeport LNG Terminal","SegmentName":"Unit T2","Status":"operating","Wiki":"https://www.gem.wiki/Freeport_LNG_Terminal","ProjectID":"T100000130224","UnitID":"G100002022402","CountriesOrAreas":"United States","StartState/Province":"Texas","StartLocation":"Texas, United States","Owner":"","Operator":"","StartYear1":"2019","FuelType":"LNG","FacilityType":"export","LocationAccuracy":"exact","Capacity":"5","CapacityUnits":"mtpa","CapacityMapScale":116500.0,"Tracker":"GGIT-LNG"}},{"type":"Feature","geometry":{"type":"Point","coordinates":[-95.317355,28.932003]},"properties":{"PipelineName":"Freeport LNG Terminal","SegmentName":"Unit T3","Status":"operating","Wiki":"https://www.gem.wiki/Freeport_LNG_Terminal","ProjectID":"T100000130224","UnitID":"G100002022403","CountriesOrAreas":"United States","StartState/Province":"Texas","StartLocation":"Texas, United States","Owner":"","Operator":"","StartYear1":"2020","FuelType":"LNG","FacilityType":"export","LocationAccuracy":"exact","Capacity":"5","CapacityUnits":"mtpa","CapacityMapScale":116500.0,"Tracker":"GGIT-LNG"}},{"type":"Feature","geometry":{"type":"Point","coordinates":[-95.317355,28.932003]},"properties":{"PipelineName":"Freeport LNG Terminal","SegmentName":"Unit T4","Status":"proposed","Wiki":"https://www.gem.wiki/Freeport_LNG_Terminal","ProjectID":"T100000130224","UnitID":"G100002022404","CountriesOrAreas":"United States","StartState/Province":"Texas","StartLocation":"Texas, United States","Owner":"","Operator":"","StartYear1":"","FuelType":"LNG","FacilityType":"export","LocationAccuracy":"exact","Capacity":"5.1","CapacityUnits":"mtpa","CapacityMapScale":118830.0,"Tracker":"GGIT-LNG"}},{"type":"Feature","geometry":{"type":"Point","coordinates":[-95.317355,28.932003]},"properties":{"PipelineName":"Freeport LNG Terminal","SegmentName":"Unit Debottlenecking","Status":"operating","Wiki":"https://www.gem.wiki/Freeport_LNG_Terminal","ProjectID":"T100000130224","UnitID":"G100002022405","CountriesOrAreas":"United States","StartState/Province":"Texas","StartLocation":"Texas, United States","Owner":"","Operator":"","StartYear1":"2024","FuelType":"LNG","FacilityType":"export","LocationAccuracy":"exact","Capacity":"1.5","CapacityUnits":"mtpa","CapacityMapScale":34950.0,"Tracker":"GGIT-LNG"}},{"type":"Feature","geometry":{"type":"Point","coordinates":[56.375397,25.319096]},"properties":{"PipelineName":"Fujairah LNG Terminal","SegmentName":"Unit Original Project","Status":"cancelled","Wiki":"https://www.gem.wiki/Fujairah_LNG_Terminal","ProjectID":"T100000130602","UnitID":"G100002060200","CountriesOrAreas":"United Arab Emirates","StartState/Province":"Fujairah","StartLocation":"Fujairah, United Arab Emirates","Owner":"","Operator":"","StartYear1":"","FuelType":"LNG","FacilityType":"import","LocationAccuracy":"approximate","Capacity":"9","CapacityUnits":"mtpa","CapacityMapScale":209700.0,"Tracker":"GGIT-LNG"}},{"type":"Feature","geometry":{"type":"Point","coordinates":[56.375397,25.319096]},"properties":{"PipelineName":"Fujairah LNG Terminal","SegmentName":"Unit Revived Project T1","Status":"cancelled","Wiki":"https://www.gem.wiki/Fujairah_LNG_Terminal","ProjectID":"T100000130602","UnitID":"G100002060201","CountriesOrAreas":"United Arab Emirates","StartState/Province":"Fujairah","StartLocation":"Fujairah, United Arab Emirates","Owner":"","Operator":"","StartYear1":"","FuelType":"LNG","FacilityType":"export","LocationAccuracy":"approximate","Capacity":"4.8","CapacityUnits":"mtpa","CapacityMapScale":111840.0,"Tracker":"GGIT-LNG"}},{"type":"Feature","geometry":{"type":"Point","coordinates":[56.375397,25.319096]},"properties":{"PipelineName":"Fujairah LNG Terminal","SegmentName":"Unit Revived Project T2","Status":"cancelled","Wiki":"https://www.gem.wiki/Fujairah_LNG_Terminal","ProjectID":"T100000130602","UnitID":"G100002060202","CountriesOrAreas":"United Arab Emirates","StartState/Province":"Fujairah","StartLocation":"Fujairah, United Arab Emirates","Owner":"","Operator":"","StartYear1":"","FuelType":"LNG","FacilityType":"export","LocationAccuracy":"approximate","Capacity":"4.8","CapacityUnits":"mtpa","CapacityMapScale":111840.0,"Tracker":"GGIT-LNG"}},{"type":"Feature","geometry":{"type":"Point","coordinates":[118.9983,25.2135]},"properties":{"PipelineName":"Fujian LNG Terminal","SegmentName":"Unit Phase I","Status":"operating","Wiki":"https://www.gem.wiki/Fujian_LNG_Terminal","ProjectID":"T100000130381","UnitID":"G100002038100","CountriesOrAreas":"China","StartState/Province":"Fujian","StartLocation":"Fujian, China","Owner":"CNOOC Fujian LNG Co Ltd [100%]","Operator":"","StartYear1":"2008","FuelType":"LNG","FacilityType":"import","LocationAccuracy":"exact","Capacity":"2.6","CapacityUnits":"mtpa","CapacityMapScale":60580.0,"Tracker":"GGIT-LNG"}},{"type":"Feature","geometry":{"type":"Point","coordinates":[118.9983,25.2135]},"properties":{"PipelineName":"Fujian LNG Terminal","SegmentName":"Unit Phase II (Expansion)","Status":"operating","Wiki":"https://www.gem.wiki/Fujian_LNG_Terminal","ProjectID":"T100000130381","UnitID":"G100002038101","CountriesOrAreas":"China","StartState/Province":"Fujian","StartLocation":"Fujian, China","Owner":"CNOOC Fujian LNG Co Ltd [100%]","Operator":"","StartYear1":"2019","FuelType":"LNG","FacilityType":"import","LocationAccuracy":"exact","Capacity":"3.7","CapacityUnits":"mtpa","CapacityMapScale":86210.0,"Tracker":"GGIT-LNG"}},{"type":"Feature","geometry":{"type":"Point","coordinates":[130.4074,33.617457]},"properties":{"PipelineName":"Fukuoka LNG Terminal","SegmentName":"","Status":"retired","Wiki":"https://www.gem.wiki/Fukuoka_LNG_Terminal","ProjectID":"T100000130465","UnitID":"G100002046500","CountriesOrAreas":"Japan","StartState/Province":"Kyushu","StartLocation":"Kyushu, Japan","Owner":"Saibu Gas Holdings Co Ltd [100%]","Operator":"","StartYear1":"1993","FuelType":"LNG","FacilityType":"import","LocationAccuracy":"exact","Capacity":"0.88","CapacityUnits":"bcm/y","CapacityMapScale":15070.4,"Tracker":"GGIT-LNG"}},{"type":"Feature","geometry":{"type":"Point","coordinates":[119.5897406,25.3425952]},"properties":{"PipelineName":"Fuqing LNG Terminal","SegmentName":"Unit Phase 1","Status":"construction","Wiki":"https://www.gem.wiki/Fuqing_LNG_Terminal","ProjectID":"T100000130382","UnitID":"G100002038200","CountriesOrAreas":"China","StartState/Province":"Fujian","StartLocation":"Fujian, China","Owner":"PetroChina Kunlun Gas Co Ltd Fujian Branch [100%]","Operator":"","StartYear1":"","FuelType":"LNG","FacilityType":"import","LocationAccuracy":"exact","Capacity":"3","CapacityUnits":"mtpa","CapacityMapScale":69900.0,"Tracker":"GGIT-LNG"}},{"type":"Feature","geometry":{"type":"Point","coordinates":[139.8213313,35.3451724]},"properties":{"PipelineName":"Futtsu LNG Terminal","SegmentName":"Unit Expansion","Status":"operating","Wiki":"https://www.gem.wiki/Futtsu_LNG_Terminal","ProjectID":"T100000130467","UnitID":"G100001094143","CountriesOrAreas":"Japan","StartState/Province":"Kanto","StartLocation":"Kanto, Japan","Owner":"JERA Co Inc [100%]","Operator":"","StartYear1":"2021","FuelType":"LNG","FacilityType":"import","LocationAccuracy":"exact","Capacity":"3.8","CapacityUnits":"mtpa","CapacityMapScale":88540.0,"Tracker":"GGIT-LNG"}},{"type":"Feature","geometry":{"type":"Point","coordinates":[139.8213313,35.3451724]},"properties":{"PipelineName":"Futtsu LNG Terminal","SegmentName":"","Status":"operating","Wiki":"https://www.gem.wiki/Futtsu_LNG_Terminal","ProjectID":"T100000130467","UnitID":"G100002046700","CountriesOrAreas":"Japan","StartState/Province":"Kanto","StartLocation":"Kanto, Japan","Owner":"JERA Co Inc [100%]","Operator":"","StartYear1":"1985","FuelType":"LNG","FacilityType":"import","LocationAccuracy":"exact","Capacity":"19.1","CapacityUnits":"mtpa","CapacityMapScale":445030.0,"Tracker":"GGIT-LNG"}},{"type":"Feature","geometry":{"type":"Point","coordinates":[-93.3596,29.811571]},"properties":{"PipelineName":"G2 LNG Terminal","SegmentName":"Unit T1-T10","Status":"cancelled","Wiki":"https://www.gem.wiki/G2_LNG_Terminal","ProjectID":"T100000130226","UnitID":"G100002022601","CountriesOrAreas":"United States","StartState/Province":"Louisiana","StartLocation":"Louisiana, United States","Owner":"G2 Net-Zero LLC [100%]","Operator":"","StartYear1":"","FuelType":"LNG","FacilityType":"export","LocationAccuracy":"approximate","Capacity":"13","CapacityUnits":"mtpa","CapacityMapScale":302900.0,"Tracker":"GGIT-LNG"}},{"type":"Feature","geometry":{"type":"Point","coordinates":[82.279,16.975]},"properties":{"PipelineName":"GAIL Kakinada FSRU","SegmentName":"","Status":"cancelled","Wiki":"https://www.gem.wiki/GAIL_Kakinada_FSRU","ProjectID":"T100000130445","UnitID":"G100002044500","CountriesOrAreas":"India","StartState/Province":"Andhra Pradesh","StartLocation":"Andhra Pradesh, India","Owner":"Andhra Pradesh Gas Distribution Corp Ltd [100%]","Operator":"","StartYear1":"","FuelType":"LNG","FacilityType":"import","LocationAccuracy":"approximate","Capacity":"5","CapacityUnits":"mtpa","CapacityMapScale":116500.0,"Tracker":"GGIT-LNG"}},{"type":"Feature","geometry":{"type":"Point","coordinates":[-94.89321,29.370473]},"properties":{"PipelineName":"Galveston Bay LNG Terminal","SegmentName":"Unit T1-T3","Status":"cancelled","Wiki":"https://www.gem.wiki/Galveston_Bay_LNG_Terminal","ProjectID":"T100000130640","UnitID":"G100002064001","CountriesOrAreas":"United States","StartState/Province":"Texas","StartLocation":"Texas, United States","Owner":"Galveston Bay LNG LLC [100%]","Operator":"","StartYear1":"","FuelType":"LNG","FacilityType":"export","LocationAccuracy":"approximate","Capacity":"5.5","CapacityUnits":"mtpa","CapacityMapScale":128150.0,"Tracker":"GGIT-LNG"}},{"type":"Feature","geometry":{"type":"Point","coordinates":[83.233333,17.616667]},"properties":{"PipelineName":"Gangavaram LNG Terminal","SegmentName":"","Status":"cancelled","Wiki":"https://www.gem.wiki/Gangavaram_LNG_Terminal","ProjectID":"T100000130433","UnitID":"G100002043300","CountriesOrAreas":"India","StartState/Province":"Andhra Pradesh","StartLocation":"Andhra Pradesh, India","Owner":"Petronet LNG Ltd [100%]","Operator":"","StartYear1":"","FuelType":"LNG","FacilityType":"import","LocationAccuracy":"exact","Capacity":"10","CapacityUnits":"mtpa","CapacityMapScale":233000.0,"Tracker":"GGIT-LNG"}},{"type":"Feature","geometry":{"type":"Point","coordinates":[119.296956,35.027561]},"properties":{"PipelineName":"Ganyu LNG Terminal","SegmentName":"","Status":"construction","Wiki":"https://www.gem.wiki/Ganyu_LNG_Terminal","ProjectID":"T100000130383","UnitID":"G100002038300","CountriesOrAreas":"China","StartState/Province":"Jiangsu","StartLocation":"Jiangsu, China","Owner":"Jiangsu Huadian Ganyu LNG Co Ltd [100%]","Operator":"","StartYear1":"","FuelType":"LNG","FacilityType":"import","LocationAccuracy":"exact","Capacity":"3","CapacityUnits":"mtpa","CapacityMapScale":69900.0,"Tracker":"GGIT-LNG"}},{"type":"Feature","geometry":{"type":"Point","coordinates":[-70.45,-23.1]},"properties":{"PipelineName":"Gas Atacama FLNG Terminal","SegmentName":"","Status":"cancelled","Wiki":"https://www.gem.wiki/Gas_Atacama_FLNG_Terminal","ProjectID":"T100000130554","UnitID":"G100002055400","CountriesOrAreas":"Chile","StartState/Province":"Antofagasta","StartLocation":"Antofagasta, Chile","Owner":"GasAtacama [100%]","Operator":"","StartYear1":"","FuelType":"LNG","FacilityType":"import","LocationAccuracy":"approximate","Capacity":"1.4","CapacityUnits":"mtpa","CapacityMapScale":32620.0,"Tracker":"GGIT-LNG"}},{"type":"Feature","geometry":{"type":"Point","coordinates":[67.2880104,24.775182]},"properties":{"PipelineName":"GasPort FSRU","SegmentName":"","Status":"operating","Wiki":"https://www.gem.wiki/GasPort_FSRU","ProjectID":"T100000130299","UnitID":"G100002029900","CountriesOrAreas":"Pakistan","StartState/Province":"Sindh","StartLocation":"Sindh, Pakistan","Owner":"Pakistan GasPort Consortium Ltd [100%]","Operator":"BW Group; Mitsui &; Pakistan GasPort Consortium","StartYear1":"2017","FuelType":"LNG","FacilityType":"import","LocationAccuracy":"exact","Capacity":"5","CapacityUnits":"mtpa","CapacityMapScale":116500.0,"Tracker":"GGIT-LNG"}},{"type":"Feature","geometry":{"type":"Point","coordinates":[67.334731,24.769704]},"properties":{"PipelineName":"GasPort FSRU 2","SegmentName":"","Status":"proposed","Wiki":"https://www.gem.wiki/GasPort_FSRU_2","ProjectID":"T100000130886","UnitID":"G100002088600","CountriesOrAreas":"Pakistan","StartState/Province":"","StartLocation":"Pakistan","Owner":"Pakistan GasPort Consortium Ltd [100%]","Operator":"Pakistan GasPort Consortium","StartYear1":"","FuelType":"LNG","FacilityType":"import","LocationAccuracy":"approximate","Capacity":"90","CapacityUnits":"MMcf/d","CapacityMapScale":16084.0,"Tracker":"GGIT-LNG"}},{"type":"Feature","geometry":{"type":"Point","coordinates":[4.068889,51.971111]},"properties":{"PipelineName":"Gate LNG Terminal","SegmentName":"","Status":"operating","Wiki":"https://www.gem.wiki/Gate_LNG_Terminal","ProjectID":"T100000130492","UnitID":"G100002049200","CountriesOrAreas":"Netherlands","StartState/Province":"South Holland","StartLocation":"South Holland, Netherlands","Owner":"Gate Terminal BV [100%]","Operator":"Gate Terminal","StartYear1":"2011","FuelType":"LNG","FacilityType":"import","LocationAccuracy":"exact","Capacity":"16","CapacityUnits":"bcm/y","CapacityMapScale":274008.0,"Tracker":"GGIT-LNG"}},{"type":"Feature","geometry":{"type":"Point","coordinates":[4.068889,51.971111]},"properties":{"PipelineName":"Gate LNG Terminal","SegmentName":"Unit Expansion","Status":"construction","Wiki":"https://www.gem.wiki/Gate_LNG_Terminal","ProjectID":"T100000130492","UnitID":"G100002049201","CountriesOrAreas":"Netherlands","StartState/Province":"South Holland","StartLocation":"South Holland, Netherlands","Owner":"Gate Terminal BV [100%]","Operator":"Gate Terminal","StartYear1":"","FuelType":"LNG","FacilityType":"import","LocationAccuracy":"exact","Capacity":"4","CapacityUnits":"bcm/y","CapacityMapScale":68502.0,"Tracker":"GGIT-LNG"}},{"type":"Feature","geometry":{"type":"Point","coordinates":[-104.273765,19.015597]},"properties":{"PipelineName":"Gato Negro Manzanillo LNG Terminal","SegmentName":"","Status":"proposed","Wiki":"https://www.gem.wiki/Gato_Negro_Manzanillo_LNG_Terminal","ProjectID":"T100000131178","UnitID":"G100002117800","CountriesOrAreas":"Mexico","StartState/Province":"Colima","StartLocation":"Colima, Mexico","Owner":"Gato Negro Permitium Uno, S.A.P. I. de CV [100%]","Operator":"","StartYear1":"","FuelType":"LNG","FacilityType":"export","LocationAccuracy":"approximate","Capacity":"6","CapacityUnits":"mtpa","CapacityMapScale":139800.0,"Tracker":"GGIT-LNG"}},{"type":"Feature","geometry":{"type":"Point","coordinates":[17.182174,60.681256]},"properties":{"PipelineName":"Gävle LNG Terminal","SegmentName":"","Status":"cancelled","Wiki":"https://www.gem.wiki/Gävle_LNG_Terminal","ProjectID":"T100000130732","UnitID":"G100002073200","CountriesOrAreas":"Sweden","StartState/Province":"","StartLocation":"Sweden","Owner":"Gasum Oyj [100%]","Operator":"","StartYear1":"","FuelType":"LNG","FacilityType":"import","LocationAccuracy":"approximate","Capacity":"","CapacityUnits":"","CapacityMapScale":"","Tracker":"GGIT-LNG"}},{"type":"Feature","geometry":{"type":"Point","coordinates":[144.3887,-38.0887]},"properties":{"PipelineName":"Geelong FSRU","SegmentName":"","Status":"proposed","Wiki":"https://www.gem.wiki/Geelong_FSRU","ProjectID":"T100000130982","UnitID":"G100002098200","CountriesOrAreas":"Australia","StartState/Province":"Victoria","StartLocation":"Victoria, Australia","Owner":"Viva Energy Gas Australia Pty Ltd [100%]","Operator":"","StartYear1":"","FuelType":"LNG","FacilityType":"import","LocationAccuracy":"approximate","Capacity":"2.9","CapacityUnits":"mtpa","CapacityMapScale":67570.0,"Tracker":"GGIT-LNG"}},{"type":"Feature","geometry":{"type":"Point","coordinates":[67.3302695,24.7650965]},"properties":{"PipelineName":"GEIL FSRU","SegmentName":"","Status":"cancelled","Wiki":"https://www.gem.wiki/GEIL_FSRU","ProjectID":"T100000131078","UnitID":"G100002107800","CountriesOrAreas":"Pakistan","StartState/Province":"Sindh","StartLocation":"Sindh, Pakistan","Owner":"GEIL [100%]","Operator":"","StartYear1":"","FuelType":"LNG","FacilityType":"import","LocationAccuracy":"approximate","Capacity":"","CapacityUnits":"","CapacityMapScale":"","Tracker":"GGIT-LNG"}},{"type":"Feature","geometry":{"type":"Point","coordinates":[-44.368472,-2.579534]},"properties":{"PipelineName":"Geramar FSRU","SegmentName":"","Status":"shelved","Wiki":"https://www.gem.wiki/Geramar_FSRU","ProjectID":"T100000130928","UnitID":"G100002092800","CountriesOrAreas":"Brazil","StartState/Province":"Maranhão","StartLocation":"Maranhão, Brazil","Owner":"unknown","Operator":"","StartYear1":"","FuelType":"LNG","FacilityType":"import","LocationAccuracy":"approximate","Capacity":"","CapacityUnits":"","CapacityMapScale":"","Tracker":"GGIT-LNG"}},{"type":"Feature","geometry":{"type":"Point","coordinates":[-75.299108,39.841886]},"properties":{"PipelineName":"Gibbstown Deepwater Port LNG Terminal","SegmentName":"","Status":"proposed","Wiki":"https://www.gem.wiki/Gibbstown_Deepwater_Port_LNG_Terminal","ProjectID":"T100000130853","UnitID":"G100002085301","CountriesOrAreas":"United States","StartState/Province":"New Jersey","StartLocation":"New Jersey, United States","Owner":"Delaware River Partners LLC [100%]","Operator":"","StartYear1":"","FuelType":"LNG","FacilityType":"export","LocationAccuracy":"exact","Capacity":"1.5","CapacityUnits":"mtpa","CapacityMapScale":34950.0,"Tracker":"GGIT-LNG"}},{"type":"Feature","geometry":{"type":"Point","coordinates":[-5.3650668,36.1490582]},"properties":{"PipelineName":"Gibraltar LNG Terminal","SegmentName":"","Status":"operating","Wiki":"https://www.gem.wiki/Gibraltar_LNG_Terminal","ProjectID":"T100000130682","UnitID":"G100002068200","CountriesOrAreas":"Gibraltar","StartState/Province":"","StartLocation":"Gibraltar","Owner":"Shell PLC [51%]; Government of Gibraltar [49%]","Operator":"PX Group","StartYear1":"2019","FuelType":"LNG","FacilityType":"import","LocationAccuracy":"exact","Capacity":"0.1","CapacityUnits":"mtpa","CapacityMapScale":2330.0,"Tracker":"GGIT-LNG"}},{"type":"Feature","geometry":{"type":"Point","coordinates":[15.8994,38.4247]},"properties":{"PipelineName":"Gioia Tauro LNG Terminal","SegmentName":"","Status":"proposed","Wiki":"https://www.gem.wiki/Gioia_Tauro_LNG_Terminal","ProjectID":"T100000130472","UnitID":"G100002047200","CountriesOrAreas":"Italy","StartState/Province":"Apulia","StartLocation":"Apulia, Italy","Owner":"LNG Medgas Terminal SRL","Operator":"","StartYear1":"","FuelType":"LNG","FacilityType":"import","LocationAccuracy":"approximate","Capacity":"12","CapacityUnits":"bcm/y","CapacityMapScale":205506.0,"Tracker":"GGIT-LNG"}},{"type":"Feature","geometry":{"type":"Point","coordinates":[151.2103,-23.776]},"properties":{"PipelineName":"Gladstone LNG Terminal","SegmentName":"Unit T1","Status":"operating","Wiki":"https://www.gem.wiki/Gladstone_LNG_Terminal","ProjectID":"T100000130333","UnitID":"G100002033301","CountriesOrAreas":"Australia","StartState/Province":"Queensland","StartLocation":"Queensland, Australia","Owner":"Santos Ltd [30%]; Petroliam Nasional Bhd [27.5%]; TotalEnergies SE [27.5%]; KOGAS Canada Ltd [15%]","Operator":"Petroliam Nasional; Santos","StartYear1":"2015","FuelType":"LNG","FacilityType":"export","LocationAccuracy":"exact","Capacity":"3.9","CapacityUnits":"mtpa","CapacityMapScale":90870.0,"Tracker":"GGIT-LNG"}},{"type":"Feature","geometry":{"type":"Point","coordinates":[151.2103,-23.776]},"properties":{"PipelineName":"Gladstone LNG Terminal","SegmentName":"Unit T2","Status":"operating","Wiki":"https://www.gem.wiki/Gladstone_LNG_Terminal","ProjectID":"T100000130333","UnitID":"G100002033302","CountriesOrAreas":"Australia","StartState/Province":"Queensland","StartLocation":"Queensland, Australia","Owner":"Santos Ltd [30%]; Petroliam Nasional Bhd [27.5%]; TotalEnergies SE [27.5%]; KOGAS Canada Ltd [15%]","Operator":"Petroliam Nasional; Santos","StartYear1":"2016","FuelType":"LNG","FacilityType":"export","LocationAccuracy":"exact","Capacity":"3.9","CapacityUnits":"mtpa","CapacityMapScale":90870.0,"Tracker":"GGIT-LNG"}},{"type":"Feature","geometry":{"type":"Point","coordinates":[-56.2780338,-34.901342]},"properties":{"PipelineName":"GNL Del Plata FSRU","SegmentName":"","Status":"cancelled","Wiki":"https://www.gem.wiki/GNL_Del_Plata_FSRU","ProjectID":"T100000130580","UnitID":"G100002058000","CountriesOrAreas":"Uruguay","StartState/Province":"Montevideo","StartLocation":"Montevideo, Uruguay","Owner":"Gas Sayago SA","Operator":"Gas Sayago; Mitsui O.S.K. Lines","StartYear1":"","FuelType":"LNG","FacilityType":"import","LocationAccuracy":"exact","Capacity":"0.1","CapacityUnits":"mtpa","CapacityMapScale":2330.0,"Tracker":"GGIT-LNG"}},{"type":"Feature","geometry":{"type":"Point","coordinates":[3.373252,6.450737]},"properties":{"PipelineName":"Golar Lagos FSRU","SegmentName":"","Status":"cancelled","Wiki":"https://www.gem.wiki/Golar_Lagos_FSRU","ProjectID":"T100000130967","UnitID":"G100002096700","CountriesOrAreas":"Nigeria","StartState/Province":"","StartLocation":"Nigeria","Owner":"Golar LNG Ltd [100%]","Operator":"","StartYear1":"","FuelType":"LNG","FacilityType":"import","LocationAccuracy":"approximate","Capacity":"5.7","CapacityUnits":"mtpa","CapacityMapScale":132810.0,"Tracker":"GGIT-LNG"}},{"type":"Feature","geometry":{"type":"Point","coordinates":[5.771377,4.191751]},"properties":{"PipelineName":"Golar Nigeria FLNG Terminal","SegmentName":"","Status":"shelved","Wiki":"https://www.gem.wiki/Golar_Nigeria_FLNG_Terminal","ProjectID":"T100000131125","UnitID":"G100002112501","CountriesOrAreas":"Nigeria","StartState/Province":"","StartLocation":"Nigeria","Owner":"Golar LNG Ltd [100%]","Operator":"Golar LNG","StartYear1":"","FuelType":"LNG","FacilityType":"export","LocationAccuracy":"approximate","Capacity":"","CapacityUnits":"","CapacityMapScale":"","Tracker":"GGIT-LNG"}},{"type":"Feature","geometry":{"type":"Point","coordinates":[-61.628717,45.16584]},"properties":{"PipelineName":"Goldboro LNG Terminal","SegmentName":"Unit T1","Status":"cancelled","Wiki":"https://www.gem.wiki/Goldboro_LNG_Terminal","ProjectID":"T100000130354","UnitID":"G100002035401","CountriesOrAreas":"Canada","StartState/Province":"Nova Scotia","StartLocation":"Nova Scotia, Canada","Owner":"Cavvy Energy Ltd [100%]","Operator":"","StartYear1":"","FuelType":"LNG","FacilityType":"export","LocationAccuracy":"approximate","Capacity":"","CapacityUnits":"","CapacityMapScale":"","Tracker":"GGIT-LNG"}},{"type":"Feature","geometry":{"type":"Point","coordinates":[-61.628717,45.16584]},"properties":{"PipelineName":"Goldboro LNG Terminal","SegmentName":"Unit T2","Status":"cancelled","Wiki":"https://www.gem.wiki/Goldboro_LNG_Terminal","ProjectID":"T100000130354","UnitID":"G100002035402","CountriesOrAreas":"Canada","StartState/Province":"Nova Scotia","StartLocation":"Nova Scotia, Canada","Owner":"Cavvy Energy Ltd [100%]","Operator":"","StartYear1":"","FuelType":"LNG","FacilityType":"export","LocationAccuracy":"approximate","Capacity":"","CapacityUnits":"","CapacityMapScale":"","Tracker":"GGIT-LNG"}},{"type":"Feature","geometry":{"type":"Point","coordinates":[-93.919418,29.761394]},"properties":{"PipelineName":"Golden Pass LNG Terminal","SegmentName":"Unit Import Terminal","Status":"mothballed","Wiki":"https://www.gem.wiki/Golden_Pass_LNG_Terminal","ProjectID":"T100000130227","UnitID":"G100002022700","CountriesOrAreas":"United States","StartState/Province":"Texas","StartLocation":"Texas, United States","Owner":"","Operator":"","StartYear1":"2010","FuelType":"LNG","FacilityType":"import","LocationAccuracy":"exact","Capacity":"15.7","CapacityUnits":"mtpa","CapacityMapScale":365810.0,"Tracker":"GGIT-LNG"}},{"type":"Feature","geometry":{"type":"Point","coordinates":[-93.919418,29.761394]},"properties":{"PipelineName":"Golden Pass LNG Terminal","SegmentName":"Unit T1","Status":"operating","Wiki":"https://www.gem.wiki/Golden_Pass_LNG_Terminal","ProjectID":"T100000130227","UnitID":"G100002022701","CountriesOrAreas":"United States","StartState/Province":"Texas","StartLocation":"Texas, United States","Owner":"","Operator":"","StartYear1":"2026","FuelType":"LNG","FacilityType":"export","LocationAccuracy":"exact","Capacity":"6","CapacityUnits":"mtpa","CapacityMapScale":139800.0,"Tracker":"GGIT-LNG"}},{"type":"Feature","geometry":{"type":"Point","coordinates":[-93.919418,29.761394]},"properties":{"PipelineName":"Golden Pass LNG Terminal","SegmentName":"Unit T2","Status":"construction","Wiki":"https://www.gem.wiki/Golden_Pass_LNG_Terminal","ProjectID":"T100000130227","UnitID":"G100002022702","CountriesOrAreas":"United States","StartState/Province":"Texas","StartLocation":"Texas, United States","Owner":"","Operator":"","StartYear1":"","FuelType":"LNG","FacilityType":"export","LocationAccuracy":"exact","Capacity":"6","CapacityUnits":"mtpa","CapacityMapScale":139800.0,"Tracker":"GGIT-LNG"}},{"type":"Feature","geometry":{"type":"Point","coordinates":[-93.919418,29.761394]},"properties":{"PipelineName":"Golden Pass LNG Terminal","SegmentName":"Unit T3","Status":"construction","Wiki":"https://www.gem.wiki/Golden_Pass_LNG_Terminal","ProjectID":"T100000130227","UnitID":"G100002022703","CountriesOrAreas":"United States","StartState/Province":"Texas","StartLocation":"Texas, United States","Owner":"","Operator":"","StartYear1":"","FuelType":"LNG","FacilityType":"export","LocationAccuracy":"exact","Capacity":"6","CapacityUnits":"mtpa","CapacityMapScale":139800.0,"Tracker":"GGIT-LNG"}},{"type":"Feature","geometry":{"type":"Point","coordinates":[84.966246,19.301786]},"properties":{"PipelineName":"Gopalpur LNG Terminal","SegmentName":"","Status":"proposed","Wiki":"https://www.gem.wiki/Gopalpur_LNG_Terminal","ProjectID":"T100000131145","UnitID":"G100002114500","CountriesOrAreas":"India","StartState/Province":"Odisha","StartLocation":"Odisha, India","Owner":"Petronet LNG Ltd [100%]","Operator":"","StartYear1":"","FuelType":"LNG","FacilityType":"import","LocationAccuracy":"approximate","Capacity":"5","CapacityUnits":"mtpa","CapacityMapScale":116500.0,"Tracker":"GGIT-LNG"}},{"type":"Feature","geometry":{"type":"Point","coordinates":[115.44965,-20.79]},"properties":{"PipelineName":"Gorgon LNG Terminal","SegmentName":"Unit T1","Status":"operating","Wiki":"https://www.gem.wiki/Gorgon_LNG_Terminal","ProjectID":"T100000130334","UnitID":"G100002033401","CountriesOrAreas":"Australia","StartState/Province":"Western Australia","StartLocation":"Western Australia, Australia","Owner":"Chevron Australia Pty Ltd [47.3%]; ExxonMobil Australia Pty Ltd [25%]; Shell Australia Pty Ltd [25%]; Osaka Gas Australia Pty Ltd [1.25%]; MidOcean Energy LLC [1%]; JERA Co Inc [0.42%]","Operator":"Chevron Australia","StartYear1":"2016","FuelType":"LNG","FacilityType":"export","LocationAccuracy":"exact","Capacity":"5.2","CapacityUnits":"mtpa","CapacityMapScale":121160.0,"Tracker":"GGIT-LNG"}},{"type":"Feature","geometry":{"type":"Point","coordinates":[115.44965,-20.79]},"properties":{"PipelineName":"Gorgon LNG Terminal","SegmentName":"Unit T2","Status":"operating","Wiki":"https://www.gem.wiki/Gorgon_LNG_Terminal","ProjectID":"T100000130334","UnitID":"G100002033402","CountriesOrAreas":"Australia","StartState/Province":"Western Australia","StartLocation":"Western Australia, Australia","Owner":"Chevron Australia Pty Ltd [47.3%]; ExxonMobil Australia Pty Ltd [25%]; Shell Australia Pty Ltd [25%]; Osaka Gas Australia Pty Ltd [1.25%]; MidOcean Energy LLC [1%]; JERA Co Inc [0.42%]","Operator":"Chevron Australia","StartYear1":"2016","FuelType":"LNG","FacilityType":"export","LocationAccuracy":"exact","Capacity":"5.2","CapacityUnits":"mtpa","CapacityMapScale":121160.0,"Tracker":"GGIT-LNG"}},{"type":"Feature","geometry":{"type":"Point","coordinates":[115.44965,-20.79]},"properties":{"PipelineName":"Gorgon LNG Terminal","SegmentName":"Unit T3","Status":"operating","Wiki":"https://www.gem.wiki/Gorgon_LNG_Terminal","ProjectID":"T100000130334","UnitID":"G100002033403","CountriesOrAreas":"Australia","StartState/Province":"Western Australia","StartLocation":"Western Australia, Australia","Owner":"Chevron Australia Pty Ltd [47.3%]; ExxonMobil Australia Pty Ltd [25%]; Shell Australia Pty Ltd [25%]; Osaka Gas Australia Pty Ltd [1.25%]; MidOcean Energy LLC [1%]; JERA Co Inc [0.42%]","Operator":"Chevron Australia","StartYear1":"2017","FuelType":"LNG","FacilityType":"export","LocationAccuracy":"exact","Capacity":"5.2","CapacityUnits":"mtpa","CapacityMapScale":121160.0,"Tracker":"GGIT-LNG"}},{"type":"Feature","geometry":{"type":"Point","coordinates":[115.44965,-20.79]},"properties":{"PipelineName":"Gorgon LNG Terminal","SegmentName":"Unit T4","Status":"cancelled","Wiki":"https://www.gem.wiki/Gorgon_LNG_Terminal","ProjectID":"T100000130334","UnitID":"G100002033404","CountriesOrAreas":"Australia","StartState/Province":"Western Australia","StartLocation":"Western Australia, Australia","Owner":"Chevron Australia Pty Ltd [47.3%]; ExxonMobil Australia Pty Ltd [25%]; Shell Australia Pty Ltd [25%]; Osaka Gas Australia Pty Ltd [1.25%]; MidOcean Energy LLC [1%]; JERA Co Inc [0.42%]","Operator":"Chevron Australia","StartYear1":"","FuelType":"LNG","FacilityType":"export","LocationAccuracy":"exact","Capacity":"5.2","CapacityUnits":"mtpa","CapacityMapScale":121160.0,"Tracker":"GGIT-LNG"}},{"type":"Feature","geometry":{"type":"Point","coordinates":[122.00735,0.46419]},"properties":{"PipelineName":"Gorontalo FSRU","SegmentName":"","Status":"operating","Wiki":"https://www.gem.wiki/Gorontalo_FSRU","ProjectID":"T100000130699","UnitID":"G100002069900","CountriesOrAreas":"Indonesia","StartState/Province":"Sulawesi","StartLocation":"Sulawesi, Indonesia","Owner":"PT Sulawesi Satu [100%]","Operator":"PT GTS Internasional; Zhejiang Huaxiang","StartYear1":"2022","FuelType":"LNG","FacilityType":"import","LocationAccuracy":"exact","Capacity":"0.2","CapacityUnits":"mtpa","CapacityMapScale":4660.0,"Tracker":"GGIT-LNG"}},{"type":"Feature","geometry":{"type":"Point","coordinates":[29.951994,60.026647]},"properties":{"PipelineName":"Gorskaya FLNG Terminal","SegmentName":"Unit T1","Status":"cancelled","Wiki":"https://www.gem.wiki/Gorskaya_FLNG_Terminal","ProjectID":"T100000130617","UnitID":"G100002061701","CountriesOrAreas":"Russia","StartState/Province":"Leningrad Oblast","StartLocation":"Leningrad Oblast, Russia","Owner":"LNG Gorskaya LLC [100%]","Operator":"","StartYear1":"","FuelType":"LNG","FacilityType":"export","LocationAccuracy":"approximate","Capacity":"0.42","CapacityUnits":"mtpa","CapacityMapScale":9786.0,"Tracker":"GGIT-LNG"}},{"type":"Feature","geometry":{"type":"Point","coordinates":[29.951994,60.026647]},"properties":{"PipelineName":"Gorskaya FLNG Terminal","SegmentName":"Unit T2","Status":"cancelled","Wiki":"https://www.gem.wiki/Gorskaya_FLNG_Terminal","ProjectID":"T100000130617","UnitID":"G100002061702","CountriesOrAreas":"Russia","StartState/Province":"Leningrad Oblast","StartLocation":"Leningrad Oblast, Russia","Owner":"LNG Gorskaya LLC [100%]","Operator":"","StartYear1":"","FuelType":"LNG","FacilityType":"export","LocationAccuracy":"approximate","Capacity":"0.42","CapacityUnits":"mtpa","CapacityMapScale":9786.0,"Tracker":"GGIT-LNG"}},{"type":"Feature","geometry":{"type":"Point","coordinates":[29.951994,60.026647]},"properties":{"PipelineName":"Gorskaya FLNG Terminal","SegmentName":"Unit T3","Status":"cancelled","Wiki":"https://www.gem.wiki/Gorskaya_FLNG_Terminal","ProjectID":"T100000130617","UnitID":"G100002061703","CountriesOrAreas":"Russia","StartState/Province":"Leningrad Oblast","StartLocation":"Leningrad Oblast, Russia","Owner":"LNG Gorskaya LLC [100%]","Operator":"","StartYear1":"","FuelType":"LNG","FacilityType":"export","LocationAccuracy":"approximate","Capacity":"0.42","CapacityUnits":"mtpa","CapacityMapScale":9786.0,"Tracker":"GGIT-LNG"}},{"type":"Feature","geometry":{"type":"Point","coordinates":[11.947963,57.70177]},"properties":{"PipelineName":"Gothenburg LNG Terminal","SegmentName":"","Status":"cancelled","Wiki":"https://www.gem.wiki/Gothenburg_LNG_Terminal","ProjectID":"T100000130663","UnitID":"G100002066300","CountriesOrAreas":"Sweden","StartState/Province":"","StartLocation":"Sweden","Owner":"Royal Vopak NV; Swedegas AB","Operator":"","StartYear1":"","FuelType":"LNG","FacilityType":"import","LocationAccuracy":"approximate","Capacity":"0.4","CapacityUnits":"mtpa","CapacityMapScale":9320.0,"Tracker":"GGIT-LNG"}},{"type":"Feature","geometry":{"type":"Point","coordinates":[0.67987,51.45107]},"properties":{"PipelineName":"Grain LNG Terminal","SegmentName":"Unit Phase 2","Status":"operating","Wiki":"https://www.gem.wiki/Grain_LNG_Terminal","ProjectID":"T100000130553","UnitID":"G100001094748","CountriesOrAreas":"United Kingdom","StartState/Province":"Kent","StartLocation":"Kent, United Kingdom","Owner":"Centrica PLC [50%]; Energy Capital Partners Management LP [50%]","Operator":"Grain LNG","StartYear1":"2008","FuelType":"LNG","FacilityType":"import","LocationAccuracy":"exact","Capacity":"6.5","CapacityUnits":"mtpa","CapacityMapScale":151450.0,"Tracker":"GGIT-LNG"}},{"type":"Feature","geometry":{"type":"Point","coordinates":[0.67987,51.45107]},"properties":{"PipelineName":"Grain LNG Terminal","SegmentName":"Unit Phase 3","Status":"operating","Wiki":"https://www.gem.wiki/Grain_LNG_Terminal","ProjectID":"T100000130553","UnitID":"G100001094749","CountriesOrAreas":"United Kingdom","StartState/Province":"Kent","StartLocation":"Kent, United Kingdom","Owner":"Centrica PLC [50%]; Energy Capital Partners Management LP [50%]","Operator":"Grain LNG","StartYear1":"2010","FuelType":"LNG","FacilityType":"import","LocationAccuracy":"exact","Capacity":"5","CapacityUnits":"mtpa","CapacityMapScale":116500.0,"Tracker":"GGIT-LNG"}},{"type":"Feature","geometry":{"type":"Point","coordinates":[0.67987,51.45107]},"properties":{"PipelineName":"Grain LNG Terminal","SegmentName":"Unit Phase 1","Status":"operating","Wiki":"https://www.gem.wiki/Grain_LNG_Terminal","ProjectID":"T100000130553","UnitID":"G100002055300","CountriesOrAreas":"United Kingdom","StartState/Province":"Kent","StartLocation":"Kent, United Kingdom","Owner":"Centrica PLC [50%]; Energy Capital Partners Management LP [50%]","Operator":"Grain LNG","StartYear1":"2005","FuelType":"LNG","FacilityType":"import","LocationAccuracy":"exact","Capacity":"3.3","CapacityUnits":"mtpa","CapacityMapScale":76890.0,"Tracker":"GGIT-LNG"}},{"type":"Feature","geometry":{"type":"Point","coordinates":[0.67987,51.45107]},"properties":{"PipelineName":"Grain LNG Terminal","SegmentName":"Unit Expansion","Status":"construction","Wiki":"https://www.gem.wiki/Grain_LNG_Terminal","ProjectID":"T100000130553","UnitID":"G100002055301","CountriesOrAreas":"United Kingdom","StartState/Province":"Kent","StartLocation":"Kent, United Kingdom","Owner":"Centrica PLC [50%]; Energy Capital Partners Management LP [50%]","Operator":"Grain LNG","StartYear1":"","FuelType":"LNG","FacilityType":"import","LocationAccuracy":"exact","Capacity":"8.7","CapacityUnits":"mtpa","CapacityMapScale":202710.0,"Tracker":"GGIT-LNG"}},{"type":"Feature","geometry":{"type":"Point","coordinates":[-15.401621,27.851956]},"properties":{"PipelineName":"Gran Canaria LNG Terminal","SegmentName":"","Status":"cancelled","Wiki":"https://www.gem.wiki/Gran_Canaria_LNG_Terminal","ProjectID":"T100000130530","UnitID":"G100002053000","CountriesOrAreas":"Spain","StartState/Province":"Las Palmas","StartLocation":"Las Palmas, Spain","Owner":"Enagás SA [100%]","Operator":"","StartYear1":"","FuelType":"LNG","FacilityType":"import","LocationAccuracy":"approximate","Capacity":"1.3","CapacityUnits":"bcm/y","CapacityMapScale":22263.2,"Tracker":"GGIT-LNG"}},{"type":"Feature","geometry":{"type":"Point","coordinates":[-89.9921,29.039441]},"properties":{"PipelineName":"Grand Isle Deepwater Port Terminal","SegmentName":"Unit Phase 1 (Platform 1)","Status":"cancelled","Wiki":"https://www.gem.wiki/Grand_Isle_Deepwater_Port_Terminal","ProjectID":"T100000131129","UnitID":"G100002112901","CountriesOrAreas":"United States","StartState/Province":"Louisiana","StartLocation":"Louisiana, United States","Owner":"Grand Isle LNG Operating Company LLC [100%]","Operator":"Grand Isle LNG Operating Company","StartYear1":"","FuelType":"LNG","FacilityType":"export","LocationAccuracy":"approximate","Capacity":"2.1","CapacityUnits":"mtpa","CapacityMapScale":48930.0,"Tracker":"GGIT-LNG"}},{"type":"Feature","geometry":{"type":"Point","coordinates":[-89.9921,29.039441]},"properties":{"PipelineName":"Grand Isle Deepwater Port Terminal","SegmentName":"Unit Phase 2 (Platform 2)","Status":"cancelled","Wiki":"https://www.gem.wiki/Grand_Isle_Deepwater_Port_Terminal","ProjectID":"T100000131129","UnitID":"G100002112902","CountriesOrAreas":"United States","StartState/Province":"Louisiana","StartLocation":"Louisiana, United States","Owner":"Grand Isle LNG Operating Company LLC [100%]","Operator":"Grand Isle LNG Operating Company","StartYear1":"","FuelType":"LNG","FacilityType":"export","LocationAccuracy":"approximate","Capacity":"2.1","CapacityUnits":"mtpa","CapacityMapScale":48930.0,"Tracker":"GGIT-LNG"}},{"type":"Feature","geometry":{"type":"Point","coordinates":[-3.6767875,56.0298318]},"properties":{"PipelineName":"Grangemouth FSRU","SegmentName":"","Status":"proposed","Wiki":"https://www.gem.wiki/Grangemouth_FSRU","ProjectID":"T100000131134","UnitID":"G100002113400","CountriesOrAreas":"United Kingdom","StartState/Province":"Scotland","StartLocation":"Scotland, United Kingdom","Owner":"Crown LNG Holdings Ltd [100%]","Operator":"","StartYear1":"","FuelType":"LNG","FacilityType":"import","LocationAccuracy":"approximate","Capacity":"5","CapacityUnits":"mtpa","CapacityMapScale":116500.0,"Tracker":"GGIT-LNG"}},{"type":"Feature","geometry":{"type":"Point","coordinates":[-130.327083,54.312194]},"properties":{"PipelineName":"Grassy Point LNG Terminal","SegmentName":"Unit Phase 1","Status":"cancelled","Wiki":"https://www.gem.wiki/Grassy_Point_LNG_Terminal","ProjectID":"T100000130355","UnitID":"G100002035501","CountriesOrAreas":"Canada","StartState/Province":"British Columbia","StartLocation":"British Columbia, Canada","Owner":"Woodside Energy Group Ltd [100%]","Operator":"","StartYear1":"","FuelType":"LNG","FacilityType":"export","LocationAccuracy":"approximate","Capacity":"15","CapacityUnits":"mtpa","CapacityMapScale":349500.0,"Tracker":"GGIT-LNG"}},{"type":"Feature","geometry":{"type":"Point","coordinates":[-130.327083,54.312194]},"properties":{"PipelineName":"Grassy Point LNG Terminal","SegmentName":"Unit Phase 2","Status":"cancelled","Wiki":"https://www.gem.wiki/Grassy_Point_LNG_Terminal","ProjectID":"T100000130355","UnitID":"G100002035502","CountriesOrAreas":"Canada","StartState/Province":"British Columbia","StartLocation":"British Columbia, Canada","Owner":"Woodside Energy Group Ltd [100%]","Operator":"","StartYear1":"","FuelType":"LNG","FacilityType":"export","LocationAccuracy":"approximate","Capacity":"5","CapacityUnits":"mtpa","CapacityMapScale":116500.0,"Tracker":"GGIT-LNG"}},{"type":"Feature","geometry":{"type":"Point","coordinates":[-16.6029167,16.0651144]},"properties":{"PipelineName":"Greater Tortue Ahmeyim FLNG Terminal","SegmentName":"Unit Phase 1","Status":"operating","Wiki":"https://www.gem.wiki/Greater_Tortue_Ahmeyim_FLNG_Terminal","ProjectID":"T100000130661","UnitID":"G100002066101","CountriesOrAreas":"Mauritania","StartState/Province":"","StartLocation":"Mauritania","Owner":"BP PLC [56.29%]; Kosmos Energy Ltd [26.71%]; Societé des Petroles du Sénégal [10%]; Société Mauritanienne des Hydrocarbures SA [7%]","Operator":"BP; Golar LNG [TO BE DELETED]","StartYear1":"2025","FuelType":"LNG","FacilityType":"export","LocationAccuracy":"exact","Capacity":"2.5","CapacityUnits":"mtpa","CapacityMapScale":58250.0,"Tracker":"GGIT-LNG"}},{"type":"Feature","geometry":{"type":"Point","coordinates":[-16.6029167,16.0651144]},"properties":{"PipelineName":"Greater Tortue Ahmeyim FLNG Terminal","SegmentName":"Unit Phase 2","Status":"proposed","Wiki":"https://www.gem.wiki/Greater_Tortue_Ahmeyim_FLNG_Terminal","ProjectID":"T100000130661","UnitID":"G100002066105","CountriesOrAreas":"Mauritania","StartState/Province":"","StartLocation":"Mauritania","Owner":"BP PLC [56.29%]; Kosmos Energy Ltd [26.71%]; Societé des Petroles du Sénégal [10%]; Société Mauritanienne des Hydrocarbures SA [7%]","Operator":"BP; Golar LNG [TO BE DELETED]","StartYear1":"","FuelType":"LNG","FacilityType":"export","LocationAccuracy":"exact","Capacity":"3","CapacityUnits":"mtpa","CapacityMapScale":69900.0,"Tracker":"GGIT-LNG"}},{"type":"Feature","geometry":{"type":"Point","coordinates":[112.602216,-7.086928]},"properties":{"PipelineName":"Gresik LNG Terminal","SegmentName":"","Status":"shelved","Wiki":"https://www.gem.wiki/Gresik_LNG_Terminal","ProjectID":"T100000131164","UnitID":"G100002116400","CountriesOrAreas":"Indonesia","StartState/Province":"Indonesia","StartLocation":"Indonesia, Indonesia","Owner":"BP Gas & Power Investments; PT AKR Corporindo [TO BE DELETED]","Operator":"","StartYear1":"","FuelType":"LNG","FacilityType":"import","LocationAccuracy":"approximate","Capacity":"109","CapacityUnits":"MMcf/d","CapacityMapScale":19479.5,"Tracker":"GGIT-LNG"}},{"type":"Feature","geometry":{"type":"Point","coordinates":[-43.1322384,-22.7819585]},"properties":{"PipelineName":"Guanabara Bay FSRU","SegmentName":"","Status":"operating","Wiki":"https://www.gem.wiki/Guanabara_Bay_FSRU","ProjectID":"T100000130546","UnitID":"G100002054600","CountriesOrAreas":"Brazil","StartState/Province":"Rio de Janeiro","StartLocation":"Rio de Janeiro, Brazil","Owner":"Petróleo Brasileiro SA [100%]","Operator":"Excelerate Energy; Petróleo Brasileiro","StartYear1":"2009","FuelType":"LNG","FacilityType":"import","LocationAccuracy":"exact","Capacity":"22.5","CapacityUnits":"","CapacityMapScale":"","Tracker":"GGIT-LNG"}},{"type":"Feature","geometry":{"type":"Point","coordinates":[114.4345,22.5796]},"properties":{"PipelineName":"Guangdong Dapeng LNG Terminal","SegmentName":"Unit Phase 1","Status":"operating","Wiki":"https://www.gem.wiki/Guangdong_Dapeng_LNG_Terminal","ProjectID":"T100000130384","UnitID":"G100002038400","CountriesOrAreas":"China","StartState/Province":"Guangdong","StartLocation":"Guangdong, China","Owner":"GUANG DONG DAPENG LNG Co Ltd [100%]","Operator":"","StartYear1":"2006","FuelType":"LNG","FacilityType":"import","LocationAccuracy":"exact","Capacity":"7.7","CapacityUnits":"mtpa","CapacityMapScale":179410.0,"Tracker":"GGIT-LNG"}},{"type":"Feature","geometry":{"type":"Point","coordinates":[114.4345,22.5796]},"properties":{"PipelineName":"Guangdong Dapeng LNG Terminal","SegmentName":"Unit Expansion","Status":"proposed","Wiki":"https://www.gem.wiki/Guangdong_Dapeng_LNG_Terminal","ProjectID":"T100000130384","UnitID":"G100002038401","CountriesOrAreas":"China","StartState/Province":"Guangdong","StartLocation":"Guangdong, China","Owner":"GUANG DONG DAPENG LNG Co Ltd [100%]","Operator":"","StartYear1":"","FuelType":"LNG","FacilityType":"import","LocationAccuracy":"exact","Capacity":"2","CapacityUnits":"mtpa","CapacityMapScale":46600.0,"Tracker":"GGIT-LNG"}},{"type":"Feature","geometry":{"type":"Point","coordinates":[113.5601836,22.8396933]},"properties":{"PipelineName":"Guangzhou Nansha LNG Terminal","SegmentName":"Unit Phase 1","Status":"operating","Wiki":"https://www.gem.wiki/Guangzhou_Nansha_LNG_Terminal","ProjectID":"T100000130793","UnitID":"G100002079300","CountriesOrAreas":"China","StartState/Province":"Guangdong","StartLocation":"Guangdong, China","Owner":"Guangdong (Panyu) Petrochemical Storage & Transportation Ltd [100%]","Operator":"","StartYear1":"2023","FuelType":"LNG","FacilityType":"import","LocationAccuracy":"exact","Capacity":"1","CapacityUnits":"mtpa","CapacityMapScale":23300.0,"Tracker":"GGIT-LNG"}},{"type":"Feature","geometry":{"type":"Point","coordinates":[113.5601836,22.8396933]},"properties":{"PipelineName":"Guangzhou Nansha LNG Terminal","SegmentName":"Unit Phase 2","Status":"proposed","Wiki":"https://www.gem.wiki/Guangzhou_Nansha_LNG_Terminal","ProjectID":"T100000130793","UnitID":"G100002079301","CountriesOrAreas":"China","StartState/Province":"Guangdong","StartLocation":"Guangdong, China","Owner":"Guangdong (Panyu) Petrochemical Storage & Transportation Ltd [100%]","Operator":"","StartYear1":"","FuelType":"LNG","FacilityType":"import","LocationAccuracy":"exact","Capacity":"1","CapacityUnits":"mtpa","CapacityMapScale":23300.0,"Tracker":"GGIT-LNG"}},{"type":"Feature","geometry":{"type":"Point","coordinates":[-14.6149,10.6523]},"properties":{"PipelineName":"Guinea LNG Terminal","SegmentName":"Unit Import Terminal","Status":"proposed","Wiki":"https://www.gem.wiki/Guinea_LNG_Terminal","ProjectID":"T100000131050","UnitID":"G100002105000","CountriesOrAreas":"Guinea","StartState/Province":"","StartLocation":"Guinea","Owner":"West Africa LNG Group [100%]","Operator":"West Africa LNG Group","StartYear1":"","FuelType":"LNG","FacilityType":"import","LocationAccuracy":"approximate","Capacity":"","CapacityUnits":"","CapacityMapScale":"","Tracker":"GGIT-LNG"}},{"type":"Feature","geometry":{"type":"Point","coordinates":[-14.6149,10.6523]},"properties":{"PipelineName":"Guinea LNG Terminal","SegmentName":"Unit Export Terminal","Status":"proposed","Wiki":"https://www.gem.wiki/Guinea_LNG_Terminal","ProjectID":"T100000131050","UnitID":"G100002105001","CountriesOrAreas":"Guinea","StartState/Province":"","StartLocation":"Guinea","Owner":"West Africa LNG Group [100%]","Operator":"West Africa LNG Group","StartYear1":"","FuelType":"LNG","FacilityType":"export","LocationAccuracy":"approximate","Capacity":"","CapacityUnits":"","CapacityMapScale":"","Tracker":"GGIT-LNG"}},{"type":"Feature","geometry":{"type":"Point","coordinates":[-93.2,29.85]},"properties":{"PipelineName":"Gulf Gateway Deepwater Port LNG Terminal","SegmentName":"","Status":"retired","Wiki":"https://www.gem.wiki/Gulf_Gateway_Deepwater_Port_LNG_Terminal","ProjectID":"T100000130642","UnitID":"G100002064200","CountriesOrAreas":"United States","StartState/Province":"Louisiana","StartLocation":"Louisiana, United States","Owner":"Excelerate Energy LP [100%]","Operator":"","StartYear1":"2005","FuelType":"LNG","FacilityType":"import","LocationAccuracy":"approximate","Capacity":"5.3","CapacityUnits":"mtpa","CapacityMapScale":123490.0,"Tracker":"GGIT-LNG"}},{"type":"Feature","geometry":{"type":"Point","coordinates":[-88.503663,30.322382]},"properties":{"PipelineName":"Gulf LNG Terminal","SegmentName":"Unit Import Terminal","Status":"operating","Wiki":"https://www.gem.wiki/Gulf_LNG_Terminal","ProjectID":"T100000130228","UnitID":"G100002022800","CountriesOrAreas":"United States","StartState/Province":"Mississippi","StartLocation":"Mississippi, United States","Owner":"","Operator":"","StartYear1":"2011","FuelType":"LNG","FacilityType":"import","LocationAccuracy":"exact","Capacity":"8.8","CapacityUnits":"mtpa","CapacityMapScale":205040.0,"Tracker":"GGIT-LNG"}},{"type":"Feature","geometry":{"type":"Point","coordinates":[-88.503663,30.322382]},"properties":{"PipelineName":"Gulf LNG Terminal","SegmentName":"Unit Export Terminal (T1-T2)","Status":"proposed","Wiki":"https://www.gem.wiki/Gulf_LNG_Terminal","ProjectID":"T100000130228","UnitID":"G100002022801","CountriesOrAreas":"United States","StartState/Province":"Mississippi","StartLocation":"Mississippi, United States","Owner":"","Operator":"","StartYear1":"","FuelType":"LNG","FacilityType":"export","LocationAccuracy":"exact","Capacity":"10.86","CapacityUnits":"mtpa","CapacityMapScale":253038.0,"Tracker":"GGIT-LNG"}},{"type":"Feature","geometry":{"type":"Point","coordinates":[26.6553211,40.6341475]},"properties":{"PipelineName":"Gulf of Saros FSRU","SegmentName":"","Status":"operating","Wiki":"https://www.gem.wiki/Gulf_of_Saros_FSRU","ProjectID":"T100000130807","UnitID":"G100002080700","CountriesOrAreas":"Türkiye","StartState/Province":"","StartLocation":"Türkiye","Owner":"BOTAŞ AŞ [100%]","Operator":"BOTAŞ","StartYear1":"2023","FuelType":"LNG","FacilityType":"import","LocationAccuracy":"exact","Capacity":"5.7","CapacityUnits":"mtpa","CapacityMapScale":132810.0,"Tracker":"GGIT-LNG"}},{"type":"Feature","geometry":{"type":"Point","coordinates":[100.836715,12.271182]},"properties":{"PipelineName":"Gulf of Thailand FSRU","SegmentName":"","Status":"cancelled","Wiki":"https://www.gem.wiki/Gulf_of_Thailand_FSRU","ProjectID":"T100000130896","UnitID":"G100002089600","CountriesOrAreas":"Thailand","StartState/Province":"","StartLocation":"Thailand","Owner":"EGAT [100%]","Operator":"","StartYear1":"","FuelType":"LNG","FacilityType":"import","LocationAccuracy":"approximate","Capacity":"5","CapacityUnits":"mtpa","CapacityMapScale":116500.0,"Tracker":"GGIT-LNG"}},{"type":"Feature","geometry":{"type":"Point","coordinates":[-89.816741,29.575938]},"properties":{"PipelineName":"Gulfstream LNG Terminal","SegmentName":"","Status":"proposed","Wiki":"https://www.gem.wiki/Gulfstream_LNG_Terminal","ProjectID":"T100000131128","UnitID":"G100002112801","CountriesOrAreas":"United States","StartState/Province":"Louisiana","StartLocation":"Louisiana, United States","Owner":"Gulfstream LNG Development LLC [100%]","Operator":"Gulfstream LNG Development","StartYear1":"","FuelType":"LNG","FacilityType":"export","LocationAccuracy":"approximate","Capacity":"4.2","CapacityUnits":"mtpa","CapacityMapScale":97860.0,"Tracker":"GGIT-LNG"}},{"type":"Feature","geometry":{"type":"Point","coordinates":[-57.274096,8.548292]},"properties":{"PipelineName":"Guyana LNG Terminal","SegmentName":"","Status":"proposed","Wiki":"https://www.gem.wiki/Guyana_LNG_Terminal","ProjectID":"T100001061364","UnitID":"G100001070296","CountriesOrAreas":"Guyana","StartState/Province":"","StartLocation":"Guyana","Owner":"Fulcrum LNG Inc [100%]","Operator":"","StartYear1":"","FuelType":"LNG","FacilityType":"export","LocationAccuracy":"approximate","Capacity":"","CapacityUnits":"","CapacityMapScale":"","Tracker":"GGIT-LNG"}},{"type":"Feature","geometry":{"type":"Point","coordinates":[127.778499,34.892641]},"properties":{"PipelineName":"Gwangyang 2 LNG Terminal","SegmentName":"","Status":"construction","Wiki":"https://www.gem.wiki/Gwangyang_2_LNG_Terminal","ProjectID":"T100001055027","UnitID":"G100001062921","CountriesOrAreas":"South Korea","StartState/Province":"","StartLocation":"South Korea","Owner":"POSCO International Corp [100%]","Operator":"","StartYear1":"","FuelType":"LNG","FacilityType":"import","LocationAccuracy":"exact","Capacity":"2.1","CapacityUnits":"mtpa","CapacityMapScale":48930.0,"Tracker":"GGIT-LNG"}},{"type":"Feature","geometry":{"type":"Point","coordinates":[127.7815,34.889]},"properties":{"PipelineName":"Gwangyang LNG Terminal","SegmentName":"","Status":"operating","Wiki":"https://www.gem.wiki/Gwangyang_LNG_Terminal","ProjectID":"T100000130311","UnitID":"G100002031100","CountriesOrAreas":"South Korea","StartState/Province":"South Jeolla","StartLocation":"South Jeolla, South Korea","Owner":"POSCO International Corp [100%]","Operator":"","StartYear1":"2005","FuelType":"LNG","FacilityType":"import","LocationAccuracy":"exact","Capacity":"7.1","CapacityUnits":"mtpa","CapacityMapScale":165430.0,"Tracker":"GGIT-LNG"}},{"type":"Feature","geometry":{"type":"Point","coordinates":[141.5245369,40.5432392]},"properties":{"PipelineName":"Hachinohe LNG Terminal","SegmentName":"","Status":"operating","Wiki":"https://www.gem.wiki/Hachinohe_LNG_Terminal","ProjectID":"T100000130469","UnitID":"G100002046900","CountriesOrAreas":"Japan","StartState/Province":"Tohoku","StartLocation":"Tohoku, Japan","Owner":"ENEOS Corp [100%]","Operator":"","StartYear1":"2015","FuelType":"LNG","FacilityType":"import","LocationAccuracy":"exact","Capacity":"1.1","CapacityUnits":"mtpa","CapacityMapScale":25630.0,"Tracker":"GGIT-LNG"}},{"type":"Feature","geometry":{"type":"Point","coordinates":[34.916667,32.45]},"properties":{"PipelineName":"Hadera FSRU Terminal","SegmentName":"","Status":"idled","Wiki":"https://www.gem.wiki/Hadera_FSRU_Terminal","ProjectID":"T100000130589","UnitID":"G100002058900","CountriesOrAreas":"Israel","StartState/Province":"Sharon","StartLocation":"Sharon, Israel","Owner":"Israel Natural Gas Lines Ltd [100%]","Operator":"","StartYear1":"2013","FuelType":"LNG","FacilityType":"import","LocationAccuracy":"approximate","Capacity":"3.8","CapacityUnits":"mtpa","CapacityMapScale":88540.0,"Tracker":"GGIT-LNG"}},{"type":"Feature","geometry":{"type":"Point","coordinates":[107.1154,16.9944]},"properties":{"PipelineName":"Hai Lang LNG Terminal","SegmentName":"","Status":"proposed","Wiki":"https://www.gem.wiki/Hai_Lang_LNG_Terminal","ProjectID":"T100000131059","UnitID":"G100002105900","CountriesOrAreas":"Vietnam","StartState/Province":"Quảng Trị","StartLocation":"Quảng Trị, Vietnam","Owner":"T&T Group JSC [40%]; Hanwha Energy Corp [20%]; Korea Gas Corp [20%]; Korea Southern Power Co Ltd [20%]","Operator":"","StartYear1":"","FuelType":"LNG","FacilityType":"import","LocationAccuracy":"approximate","Capacity":"1.5","CapacityUnits":"mtpa","CapacityMapScale":34950.0,"Tracker":"GGIT-LNG"}},{"type":"Feature","geometry":{"type":"Point","coordinates":[109.180655,19.722623]},"properties":{"PipelineName":"Hainan LNG Terminal","SegmentName":"Unit Phase I","Status":"operating","Wiki":"https://www.gem.wiki/Hainan_LNG_Terminal","ProjectID":"T100000130386","UnitID":"G100002038600","CountriesOrAreas":"China","StartState/Province":"Hainan","StartLocation":"Hainan, China","Owner":"CNOOC Hainan Gas Co Ltd [100%]","Operator":"","StartYear1":"2014","FuelType":"LNG","FacilityType":"import","LocationAccuracy":"exact","Capacity":"3","CapacityUnits":"mtpa","CapacityMapScale":69900.0,"Tracker":"GGIT-LNG"}},{"type":"Feature","geometry":{"type":"Point","coordinates":[109.180655,19.722623]},"properties":{"PipelineName":"Hainan LNG Terminal","SegmentName":"Unit Phase II (Expansion)","Status":"construction","Wiki":"https://www.gem.wiki/Hainan_LNG_Terminal","ProjectID":"T100000130386","UnitID":"G100002038601","CountriesOrAreas":"China","StartState/Province":"Hainan","StartLocation":"Hainan, China","Owner":"CNOOC Hainan Gas Co Ltd [100%]","Operator":"","StartYear1":"","FuelType":"LNG","FacilityType":"import","LocationAccuracy":"exact","Capacity":"3","CapacityUnits":"mtpa","CapacityMapScale":69900.0,"Tracker":"GGIT-LNG"}},{"type":"Feature","geometry":{"type":"Point","coordinates":[110.057687,19.977562]},"properties":{"PipelineName":"Hainan Shennan LNG Storage Facility","SegmentName":"Unit Phase 1","Status":"operating","Wiki":"https://www.gem.wiki/Hainan_Shennan_LNG_Storage_Facility","ProjectID":"T100000130753","UnitID":"G100002075300","CountriesOrAreas":"China","StartState/Province":"Hainan","StartLocation":"Hainan, China","Owner":"Hainan Shennan Energy Co Ltd [100%]","Operator":"","StartYear1":"2014","FuelType":"LNG","FacilityType":"import","LocationAccuracy":"exact","Capacity":"0.27","CapacityUnits":"mtpa","CapacityMapScale":6291.0,"Tracker":"GGIT-LNG"}},{"type":"Feature","geometry":{"type":"Point","coordinates":[106.684464,20.831692]},"properties":{"PipelineName":"Haiphong FSRU","SegmentName":"","Status":"construction","Wiki":"https://www.gem.wiki/Haiphong_FSRU","ProjectID":"T100001061416","UnitID":"G100001070364","CountriesOrAreas":"Vietnam","StartState/Province":"","StartLocation":"Vietnam","Owner":"VinEnergo JSC; Vingroup JSC","Operator":"","StartYear1":"","FuelType":"LNG","FacilityType":"import","LocationAccuracy":"approximate","Capacity":"","CapacityUnits":"","CapacityMapScale":"","Tracker":"GGIT-LNG"}},{"type":"Feature","geometry":{"type":"Point","coordinates":[88.087662,22.037345]},"properties":{"PipelineName":"Haldia FSRU","SegmentName":"Unit Phase 1","Status":"proposed","Wiki":"https://www.gem.wiki/Haldia_FSRU","ProjectID":"T100001061415","UnitID":"G100001070362","CountriesOrAreas":"India","StartState/Province":"","StartLocation":"India","Owner":"Excelerate Holdings LLC; Invenire Petrodyne Ltd","Operator":"","StartYear1":"","FuelType":"LNG","FacilityType":"import","LocationAccuracy":"approximate","Capacity":"1.5","CapacityUnits":"mtpa","CapacityMapScale":34950.0,"Tracker":"GGIT-LNG"}},{"type":"Feature","geometry":{"type":"Point","coordinates":[88.087662,22.037345]},"properties":{"PipelineName":"Haldia FSRU","SegmentName":"Unit Phase 2","Status":"proposed","Wiki":"https://www.gem.wiki/Haldia_FSRU","ProjectID":"T100001061415","UnitID":"G100001070363","CountriesOrAreas":"India","StartState/Province":"","StartLocation":"India","Owner":"Excelerate Holdings LLC; Invenire Petrodyne Ltd","Operator":"","StartYear1":"","FuelType":"LNG","FacilityType":"import","LocationAccuracy":"approximate","Capacity":"1.5","CapacityUnits":"mtpa","CapacityMapScale":34950.0,"Tracker":"GGIT-LNG"}},{"type":"Feature","geometry":{"type":"Point","coordinates":[88.1,22.033333]},"properties":{"PipelineName":"Haldia LNG Terminal","SegmentName":"","Status":"cancelled","Wiki":"https://www.gem.wiki/Haldia_LNG_Terminal","ProjectID":"T100000130435","UnitID":"G100002043500","CountriesOrAreas":"India","StartState/Province":"West Bengal","StartLocation":"West Bengal, India","Owner":"Essar Ports [100%]","Operator":"","StartYear1":"","FuelType":"LNG","FacilityType":"import","LocationAccuracy":"approximate","Capacity":"1","CapacityUnits":"mtpa","CapacityMapScale":23300.0,"Tracker":"GGIT-LNG"}},{"type":"Feature","geometry":{"type":"Point","coordinates":[81.10897,6.117128]},"properties":{"PipelineName":"Hambantota LNG Terminal","SegmentName":"","Status":"cancelled","Wiki":"https://www.gem.wiki/Hambantota_LNG_Terminal","ProjectID":"T100000130970","UnitID":"G100002097000","CountriesOrAreas":"Sri Lanka","StartState/Province":"","StartLocation":"Sri Lanka","Owner":"Pearl Energy Pvt Ltd; Socar Trading SA","Operator":"","StartYear1":"","FuelType":"LNG","FacilityType":"import","LocationAccuracy":"approximate","Capacity":"1","CapacityUnits":"mtpa","CapacityMapScale":23300.0,"Tracker":"GGIT-LNG"}},{"type":"Feature","geometry":{"type":"Point","coordinates":[27.1598368,60.517973]},"properties":{"PipelineName":"Hamina LNG Terminal","SegmentName":"","Status":"operating","Wiki":"https://www.gem.wiki/Hamina_LNG_Terminal","ProjectID":"T100000130438","UnitID":"G100002043800","CountriesOrAreas":"Finland","StartState/Province":"Kymenlaakso","StartLocation":"Kymenlaakso, Finland","Owner":"Alexela AS; Wärtsilä Oyj","Operator":"Hamina LNG","StartYear1":"2022","FuelType":"LNG","FacilityType":"import","LocationAccuracy":"exact","Capacity":"6000","CapacityUnits":"MWh/d","CapacityMapScale":"","Tracker":"GGIT-LNG"}},{"type":"Feature","geometry":{"type":"Point","coordinates":[23.59,70.6854]},"properties":{"PipelineName":"Hammerfest LNG Snohvit Terminal","SegmentName":"","Status":"operating","Wiki":"https://www.gem.wiki/Hammerfest_LNG_Snohvit_Terminal","ProjectID":"T100000130494","UnitID":"G100002049401","CountriesOrAreas":"Norway","StartState/Province":"Finnmark","StartLocation":"Finnmark, Norway","Owner":"Equinor ASA [36.8%]; Petoro AS [30%]; TotalEnergies SE [18.4%]; Eni Energy Group Ltd [12%]; Wintershall Dea GmbH [2.8%]","Operator":"Equinor","StartYear1":"2007","FuelType":"LNG","FacilityType":"export","LocationAccuracy":"exact","Capacity":"4.2","CapacityUnits":"mtpa","CapacityMapScale":97860.0,"Tracker":"GGIT-LNG"}},{"type":"Feature","geometry":{"type":"Point","coordinates":[-97.071743,27.846375]},"properties":{"PipelineName":"Harbor Island (Axis Midstream) Oil Terminal","SegmentName":"","Status":"cancelled","Wiki":"https://www.gem.wiki/Harbor_Island_(Axis_Midstream)_Oil_Terminal","ProjectID":"T100000130735","UnitID":"G100002073500","CountriesOrAreas":"United States","StartState/Province":"Texas","StartLocation":"Texas, United States","Owner":"Axis Midstream Holdings LLC [100%]","Operator":"","StartYear1":"","FuelType":"Oil","FacilityType":"export","LocationAccuracy":"approximate","Capacity":"2000000","CapacityUnits":"bpd","CapacityMapScale":2000000.0,"Tracker":"GGIT-LNG"}},{"type":"Feature","geometry":{"type":"Point","coordinates":[-97.05847,27.846909]},"properties":{"PipelineName":"Harbor Island (Lone Star) Oil Terminal","SegmentName":"","Status":"cancelled","Wiki":"https://www.gem.wiki/Harbor_Island_(Lone_Star)_Oil_Terminal","ProjectID":"T100000130736","UnitID":"G100002073600","CountriesOrAreas":"United States","StartState/Province":"Texas","StartLocation":"Texas, United States","Owner":"Lone Star Ports LLC [100%]","Operator":"","StartYear1":"","FuelType":"Oil","FacilityType":"export","LocationAccuracy":"exact","Capacity":"1200000","CapacityUnits":"bpd","CapacityMapScale":1200000.0,"Tracker":"GGIT-LNG"}},{"type":"Feature","geometry":{"type":"Point","coordinates":[132.339621,34.3405327]},"properties":{"PipelineName":"Hatsukaichi LNG Terminal","SegmentName":"","Status":"operating","Wiki":"https://www.gem.wiki/Hatsukaichi_LNG_Terminal","ProjectID":"T100000130473","UnitID":"G100002047300","CountriesOrAreas":"Japan","StartState/Province":"Chugoku","StartLocation":"Chugoku, Japan","Owner":"Hiroshima Gas Co Ltd [100%]","Operator":"","StartYear1":"1996","FuelType":"LNG","FacilityType":"import","LocationAccuracy":"exact","Capacity":"0.8","CapacityUnits":"mtpa","CapacityMapScale":18640.0,"Tracker":"GGIT-LNG"}},{"type":"Feature","geometry":{"type":"Point","coordinates":[72.624,21.098]},"properties":{"PipelineName":"Hazira FSRU","SegmentName":"","Status":"cancelled","Wiki":"https://www.gem.wiki/Hazira_FSRU","ProjectID":"T100000130441","UnitID":"G100002044100","CountriesOrAreas":"India","StartState/Province":"Gujarat","StartLocation":"Gujarat, India","Owner":"Essar Global Holdings Ltd [100%]","Operator":"","StartYear1":"","FuelType":"LNG","FacilityType":"import","LocationAccuracy":"approximate","Capacity":"5","CapacityUnits":"mtpa","CapacityMapScale":116500.0,"Tracker":"GGIT-LNG"}},{"type":"Feature","geometry":{"type":"Point","coordinates":[72.624,21.098]},"properties":{"PipelineName":"Hazira LNG Terminal","SegmentName":"Unit Expansion (Updated Proposal)","Status":"proposed","Wiki":"https://www.gem.wiki/Hazira_LNG_Terminal","ProjectID":"T100000130439","UnitID":"G100001064511","CountriesOrAreas":"India","StartState/Province":"Gujarat","StartLocation":"Gujarat, India","Owner":"Shell Energy India Pvt Ltd [100%]","Operator":"","StartYear1":"","FuelType":"LNG","FacilityType":"import","LocationAccuracy":"exact","Capacity":"19.92","CapacityUnits":"mtpa","CapacityMapScale":464136.0,"Tracker":"GGIT-LNG"}},{"type":"Feature","geometry":{"type":"Point","coordinates":[72.624,21.098]},"properties":{"PipelineName":"Hazira LNG Terminal","SegmentName":"","Status":"operating","Wiki":"https://www.gem.wiki/Hazira_LNG_Terminal","ProjectID":"T100000130439","UnitID":"G100002043900","CountriesOrAreas":"India","StartState/Province":"Gujarat","StartLocation":"Gujarat, India","Owner":"Shell Energy India Pvt Ltd [100%]","Operator":"","StartYear1":"2005","FuelType":"LNG","FacilityType":"import","LocationAccuracy":"exact","Capacity":"5.2","CapacityUnits":"mtpa","CapacityMapScale":121160.0,"Tracker":"GGIT-LNG"}},{"type":"Feature","geometry":{"type":"Point","coordinates":[72.624,21.098]},"properties":{"PipelineName":"Hazira LNG Terminal","SegmentName":"Unit Expansion (Original Proposal)","Status":"cancelled","Wiki":"https://www.gem.wiki/Hazira_LNG_Terminal","ProjectID":"T100000130439","UnitID":"G100002043901","CountriesOrAreas":"India","StartState/Province":"Gujarat","StartLocation":"Gujarat, India","Owner":"Shell Energy India Pvt Ltd [100%]","Operator":"","StartYear1":"","FuelType":"LNG","FacilityType":"import","LocationAccuracy":"exact","Capacity":"5","CapacityUnits":"mtpa","CapacityMapScale":116500.0,"Tracker":"GGIT-LNG"}},{"type":"Feature","geometry":{"type":"Point","coordinates":[82.279,16.975]},"properties":{"PipelineName":"H-Energy Kakinada LNG Terminal","SegmentName":"","Status":"cancelled","Wiki":"https://www.gem.wiki/H-Energy_Kakinada_LNG_Terminal","ProjectID":"T100000130801","UnitID":"G100002080100","CountriesOrAreas":"India","StartState/Province":"Andhra Pradesh","StartLocation":"Andhra Pradesh, India","Owner":"East Coast Concessions Pvt Ltd [100%]","Operator":"","StartYear1":"","FuelType":"LNG","FacilityType":"import","LocationAccuracy":"approximate","Capacity":"4","CapacityUnits":"mtpa","CapacityMapScale":93200.0,"Tracker":"GGIT-LNG"}},{"type":"Feature","geometry":{"type":"Point","coordinates":[130.778885,33.9305]},"properties":{"PipelineName":"Hibiki LNG Terminal","SegmentName":"","Status":"operating","Wiki":"https://www.gem.wiki/Hibiki_LNG_Terminal","ProjectID":"T100000130475","UnitID":"G100002047500","CountriesOrAreas":"Japan","StartState/Province":"Kyushu","StartLocation":"Kyushu, Japan","Owner":"Hibiki LNG Co Ltd [100%]","Operator":"","StartYear1":"2014","FuelType":"LNG","FacilityType":"import","LocationAccuracy":"exact","Capacity":"2.4","CapacityUnits":"mtpa","CapacityMapScale":55920.0,"Tracker":"GGIT-LNG"}},{"type":"Feature","geometry":{"type":"Point","coordinates":[130.778885,33.9305]},"properties":{"PipelineName":"Hibiki LNG Terminal","SegmentName":"Unit Expansion","Status":"construction","Wiki":"https://www.gem.wiki/Hibiki_LNG_Terminal","ProjectID":"T100000130475","UnitID":"G100002047501","CountriesOrAreas":"Japan","StartState/Province":"Kyushu","StartLocation":"Kyushu, Japan","Owner":"Hibiki LNG Co Ltd [100%]","Operator":"","StartYear1":"","FuelType":"LNG","FacilityType":"import","LocationAccuracy":"exact","Capacity":"","CapacityUnits":"","CapacityMapScale":"","Tracker":"GGIT-LNG"}},{"type":"Feature","geometry":{"type":"Point","coordinates":[-48.736698,-1.504466]},"properties":{"PipelineName":"Hidrovias do Brasil FSRU","SegmentName":"","Status":"cancelled","Wiki":"https://www.gem.wiki/Hidrovias_do_Brasil_FSRU","ProjectID":"T100000130929","UnitID":"G100002092900","CountriesOrAreas":"Brazil","StartState/Province":"Pará","StartLocation":"Pará, Brazil","Owner":"Hidrovias do Brasil Vila do Conde SA [100%]","Operator":"","StartYear1":"","FuelType":"LNG","FacilityType":"import","LocationAccuracy":"approximate","Capacity":"5.11","CapacityUnits":"bcm/y","CapacityMapScale":87511.3,"Tracker":"GGIT-LNG"}},{"type":"Feature","geometry":{"type":"Point","coordinates":[106.7465,10.642]},"properties":{"PipelineName":"Hiep Phuoc LNG Terminal","SegmentName":"","Status":"construction","Wiki":"https://www.gem.wiki/Hiep_Phuoc_LNG_Terminal","ProjectID":"T100001084037","UnitID":"G100001095390","CountriesOrAreas":"Vietnam","StartState/Province":"","StartLocation":"Vietnam","Owner":"Hiep Phuoc Power Co Ltd","Operator":"","StartYear1":"","FuelType":"LNG","FacilityType":"import","LocationAccuracy":"approximate","Capacity":"2.15","CapacityUnits":"mtpa","CapacityMapScale":50095.0,"Tracker":"GGIT-LNG"}},{"type":"Feature","geometry":{"type":"Point","coordinates":[139.2373,37.99625]},"properties":{"PipelineName":"Higashi Niigata LNG Terminal","SegmentName":"","Status":"operating","Wiki":"https://www.gem.wiki/Higashi_Niigata_LNG_Terminal","ProjectID":"T100000130477","UnitID":"G100002047700","CountriesOrAreas":"Japan","StartState/Province":"Chūbu","StartLocation":"Chūbu, Japan","Owner":"Nihonkai LNG Co Ltd [100%]","Operator":"","StartYear1":"1984","FuelType":"LNG","FacilityType":"import","LocationAccuracy":"exact","Capacity":"8.5","CapacityUnits":"mtpa","CapacityMapScale":198050.0,"Tracker":"GGIT-LNG"}},{"type":"Feature","geometry":{"type":"Point","coordinates":[139.745,35.4954]},"properties":{"PipelineName":"Higashi Ohgishima LNG Terminal","SegmentName":"","Status":"operating","Wiki":"https://www.gem.wiki/Higashi_Ohgishima_LNG_Terminal","ProjectID":"T100000130479","UnitID":"G100002047900","CountriesOrAreas":"Japan","StartState/Province":"Kanagawa","StartLocation":"Kanagawa, Japan","Owner":"","Operator":"","StartYear1":"1984","FuelType":"LNG","FacilityType":"import","LocationAccuracy":"exact","Capacity":"13.2","CapacityUnits":"mtpa","CapacityMapScale":307560.0,"Tracker":"GGIT-LNG"}},{"type":"Feature","geometry":{"type":"Point","coordinates":[139.745,35.4954]},"properties":{"PipelineName":"Higashi Ohgishima LNG Terminal","SegmentName":"Unit Expansion","Status":"cancelled","Wiki":"https://www.gem.wiki/Higashi_Ohgishima_LNG_Terminal","ProjectID":"T100000130479","UnitID":"G100002047901","CountriesOrAreas":"Japan","StartState/Province":"Kanagawa","StartLocation":"Kanagawa, Japan","Owner":"","Operator":"","StartYear1":"","FuelType":"LNG","FacilityType":"import","LocationAccuracy":"exact","Capacity":"6","CapacityUnits":"mtpa","CapacityMapScale":139800.0,"Tracker":"GGIT-LNG"}},{"type":"Feature","geometry":{"type":"Point","coordinates":[8.5592,39.86]},"properties":{"PipelineName":"HIGAS LNG Terminal","SegmentName":"","Status":"operating","Wiki":"https://www.gem.wiki/HIGAS_LNG_Terminal","ProjectID":"T100000130724","UnitID":"G100002072400","CountriesOrAreas":"Italy","StartState/Province":"Sardinia","StartLocation":"Sardinia, Italy","Owner":"HIGAS [100%]","Operator":"HIGAS","StartYear1":"2021","FuelType":"LNG","FacilityType":"import","LocationAccuracy":"exact","Capacity":"0.2","CapacityUnits":"mtpa","CapacityMapScale":4660.0,"Tracker":"GGIT-LNG"}},{"type":"Feature","geometry":{"type":"Point","coordinates":[134.683333,34.816667]},"properties":{"PipelineName":"Himeji Joint LNG Terminal","SegmentName":"","Status":"operating","Wiki":"https://www.gem.wiki/Himeji_Joint_LNG_Terminal","ProjectID":"T100000130481","UnitID":"G100002048100","CountriesOrAreas":"Japan","StartState/Province":"Kansai","StartLocation":"Kansai, Japan","Owner":"Kansai Electric Power [TO BE DELETED] [100%]","Operator":"","StartYear1":"1979","FuelType":"LNG","FacilityType":"import","LocationAccuracy":"exact","Capacity":"8.1","CapacityUnits":"mtpa","CapacityMapScale":188730.0,"Tracker":"GGIT-LNG"}},{"type":"Feature","geometry":{"type":"Point","coordinates":[134.683333,34.816667]},"properties":{"PipelineName":"Himeji LNG Terminal","SegmentName":"","Status":"operating","Wiki":"https://www.gem.wiki/Himeji_LNG_Terminal","ProjectID":"T100000130483","UnitID":"G100002048300","CountriesOrAreas":"Japan","StartState/Province":"Kansai","StartLocation":"Kansai, Japan","Owner":"Osaka Gas Co Ltd [100%]","Operator":"","StartYear1":"1984","FuelType":"LNG","FacilityType":"import","LocationAccuracy":"exact","Capacity":"6.7","CapacityUnits":"mtpa","CapacityMapScale":156110.0,"Tracker":"GGIT-LNG"}},{"type":"Feature","geometry":{"type":"Point","coordinates":[140.618882,36.4842787]},"properties":{"PipelineName":"Hitachi LNG Terminal","SegmentName":"","Status":"operating","Wiki":"https://www.gem.wiki/Hitachi_LNG_Terminal","ProjectID":"T100000130485","UnitID":"G100002048500","CountriesOrAreas":"Japan","StartState/Province":"Kanto","StartLocation":"Kanto, Japan","Owner":"Tokyo Gas Co Ltd [100%]","Operator":"","StartYear1":"2016","FuelType":"LNG","FacilityType":"import","LocationAccuracy":"exact","Capacity":"1.7","CapacityUnits":"mtpa","CapacityMapScale":39610.0,"Tracker":"GGIT-LNG"}},{"type":"Feature","geometry":{"type":"Point","coordinates":[140.618882,36.4842787]},"properties":{"PipelineName":"Hitachi LNG Terminal","SegmentName":"Unit Expansion","Status":"operating","Wiki":"https://www.gem.wiki/Hitachi_LNG_Terminal","ProjectID":"T100000130485","UnitID":"G100002048501","CountriesOrAreas":"Japan","StartState/Province":"Kanto","StartLocation":"Kanto, Japan","Owner":"Tokyo Gas Co Ltd [100%]","Operator":"","StartYear1":"2019","FuelType":"LNG","FacilityType":"import","LocationAccuracy":"exact","Capacity":"3.6","CapacityUnits":"mtpa","CapacityMapScale":83880.0,"Tracker":"GGIT-LNG"}},{"type":"Feature","geometry":{"type":"Point","coordinates":[33.323549,34.710168]},"properties":{"PipelineName":"Hoegh Cyprus FSRU","SegmentName":"","Status":"cancelled","Wiki":"https://www.gem.wiki/Hoegh_Cyprus_FSRU","ProjectID":"T100000130828","UnitID":"G100002082800","CountriesOrAreas":"Cyprus","StartState/Province":"Larnaca","StartLocation":"Larnaca, Cyprus","Owner":"Höegh Evi [TO BE DELETED] [100%]","Operator":"","StartYear1":"","FuelType":"LNG","FacilityType":"import","LocationAccuracy":"approximate","Capacity":"","CapacityUnits":"","CapacityMapScale":"","Tracker":"GGIT-LNG"}},{"type":"Feature","geometry":{"type":"Point","coordinates":[141.7950285,42.6077086]},"properties":{"PipelineName":"Hokkaido Electric Tomakomai LNG Terminal","SegmentName":"","Status":"proposed","Wiki":"https://www.gem.wiki/Hokkaido_Electric_Tomakomai_LNG_Terminal","ProjectID":"T100001083517","UnitID":"G100001094487","CountriesOrAreas":"Japan","StartState/Province":"","StartLocation":"Japan","Owner":"Hokkaido Electric Power Co Inc [100%]","Operator":"","StartYear1":"","FuelType":"LNG","FacilityType":"import","LocationAccuracy":"exact","Capacity":"","CapacityUnits":"","CapacityMapScale":"","Tracker":"GGIT-LNG"}},{"type":"Feature","geometry":{"type":"Point","coordinates":[141.7902716,42.6065858]},"properties":{"PipelineName":"Hokkaido Gas Tomakomai LNG Terminal","SegmentName":"","Status":"proposed","Wiki":"https://www.gem.wiki/Hokkaido_Gas_Tomakomai_LNG_Terminal","ProjectID":"T100001083509","UnitID":"G100001094481","CountriesOrAreas":"Japan","StartState/Province":"","StartLocation":"Japan","Owner":"Hokkaido Gas Co Ltd","Operator":"","StartYear1":"","FuelType":"LNG","FacilityType":"import","LocationAccuracy":"exact","Capacity":"","CapacityUnits":"","CapacityMapScale":"","Tracker":"GGIT-LNG"}},{"type":"Feature","geometry":{"type":"Point","coordinates":[113.9637415,22.1542687]},"properties":{"PipelineName":"Hong Kong FSRU","SegmentName":"","Status":"operating","Wiki":"https://www.gem.wiki/Hong_Kong_FSRU","ProjectID":"T100000130388","UnitID":"G100002038800","CountriesOrAreas":"Hong Kong","StartState/Province":"Hong Kong","StartLocation":"Hong Kong, Hong Kong","Owner":"Hong Kong LNG Terminal Co Ltd [100%]","Operator":"Hong Kong LNG Terminal Limited; Mitsui O.S.K. Lines","StartYear1":"2023","FuelType":"LNG","FacilityType":"import","LocationAccuracy":"exact","Capacity":"6.1","CapacityUnits":"mtpa","CapacityMapScale":142130.0,"Tracker":"GGIT-LNG"}},{"type":"Feature","geometry":{"type":"Point","coordinates":[113.556552,22.953596]},"properties":{"PipelineName":"Hongmei LNG Terminal","SegmentName":"Unit Phase 1","Status":"operating","Wiki":"https://www.gem.wiki/Hongmei_LNG_Terminal","ProjectID":"T100000130389","UnitID":"G100002038900","CountriesOrAreas":"China","StartState/Province":"Guangdong","StartLocation":"Guangdong, China","Owner":"JOVO LNG Storage and Transportation Co.,ltd.dongguan [100%]","Operator":"","StartYear1":"2012","FuelType":"LNG","FacilityType":"import","LocationAccuracy":"exact","Capacity":"1.5","CapacityUnits":"mtpa","CapacityMapScale":34950.0,"Tracker":"GGIT-LNG"}},{"type":"Feature","geometry":{"type":"Point","coordinates":[92.7548827,11.6138661]},"properties":{"PipelineName":"Hope Town FSRU","SegmentName":"","Status":"proposed","Wiki":"https://www.gem.wiki/Hope_Town_FSRU","ProjectID":"T100001084826","UnitID":"G100001096374","CountriesOrAreas":"India","StartState/Province":"","StartLocation":"India","Owner":"NTPC VIDYUT VYAPAR NIGAM LIMITED (NVVN)","Operator":"","StartYear1":"","FuelType":"LNG","FacilityType":"","LocationAccuracy":"approximate","Capacity":"","CapacityUnits":"","CapacityMapScale":"","Tracker":"GGIT-LNG"}},{"type":"Feature","geometry":{"type":"Point","coordinates":[121.7349555,25.1606024]},"properties":{"PipelineName":"Hsieh-Ho LNG Terminal","SegmentName":"Unit Phase 1 (Temporary FSRU)","Status":"proposed","Wiki":"https://www.gem.wiki/Hsieh-Ho_LNG_Terminal","ProjectID":"T100000130613","UnitID":"G100002061300","CountriesOrAreas":"Taiwan","StartState/Province":"Keelung","StartLocation":"Keelung, Taiwan","Owner":"","Operator":"","StartYear1":"","FuelType":"LNG","FacilityType":"import","LocationAccuracy":"exact","Capacity":"1.5","CapacityUnits":"mtpa","CapacityMapScale":34950.0,"Tracker":"GGIT-LNG"}},{"type":"Feature","geometry":{"type":"Point","coordinates":[-6.911,37.17355]},"properties":{"PipelineName":"Huelva LNG Terminal","SegmentName":"","Status":"operating","Wiki":"https://www.gem.wiki/Huelva_LNG_Terminal","ProjectID":"T100000130532","UnitID":"G100002053200","CountriesOrAreas":"Spain","StartState/Province":"Andalusia","StartLocation":"Andalusia, Spain","Owner":"Enagás SA [100%]","Operator":"Enagás","StartYear1":"1988","FuelType":"LNG","FacilityType":"import","LocationAccuracy":"exact","Capacity":"11.8","CapacityUnits":"mtpa","CapacityMapScale":274940.0,"Tracker":"GGIT-LNG"}},{"type":"Feature","geometry":{"type":"Point","coordinates":[114.742272,22.611927]},"properties":{"PipelineName":"Huizhou LNG Terminal","SegmentName":"Unit Phase 1","Status":"operating","Wiki":"https://www.gem.wiki/Huizhou_LNG_Terminal","ProjectID":"T100000130794","UnitID":"G100002079400","CountriesOrAreas":"China","StartState/Province":"Guangdong","StartLocation":"Guangdong, China","Owner":"Guangdong Huizhou LNG Co Ltd [100%]","Operator":"","StartYear1":"2024","FuelType":"LNG","FacilityType":"import","LocationAccuracy":"exact","Capacity":"4","CapacityUnits":"mtpa","CapacityMapScale":93200.0,"Tracker":"GGIT-LNG"}},{"type":"Feature","geometry":{"type":"Point","coordinates":[114.742272,22.611927]},"properties":{"PipelineName":"Huizhou LNG Terminal","SegmentName":"Unit Phase 2","Status":"proposed","Wiki":"https://www.gem.wiki/Huizhou_LNG_Terminal","ProjectID":"T100000130794","UnitID":"G100002079401","CountriesOrAreas":"China","StartState/Province":"Guangdong","StartLocation":"Guangdong, China","Owner":"Guangdong Huizhou LNG Co Ltd [100%]","Operator":"","StartYear1":"","FuelType":"LNG","FacilityType":"import","LocationAccuracy":"exact","Capacity":"3.45","CapacityUnits":"mtpa","CapacityMapScale":80385.0,"Tracker":"GGIT-LNG"}},{"type":"Feature","geometry":{"type":"Point","coordinates":[122.7873,-14.0555]},"properties":{"PipelineName":"Ichthys FLNG Terminal","SegmentName":"Unit T1","Status":"operating","Wiki":"https://www.gem.wiki/Ichthys_FLNG_Terminal","ProjectID":"T100000130335","UnitID":"G100002033501","CountriesOrAreas":"Australia","StartState/Province":"Western Australia","StartLocation":"Western Australia, Australia","Owner":"Ichthys LNG Pty Ltd [100%]","Operator":"INPEX","StartYear1":"2018","FuelType":"LNG","FacilityType":"export","LocationAccuracy":"exact","Capacity":"4.65","CapacityUnits":"mtpa","CapacityMapScale":108345.0,"Tracker":"GGIT-LNG"}},{"type":"Feature","geometry":{"type":"Point","coordinates":[122.7873,-14.0555]},"properties":{"PipelineName":"Ichthys FLNG Terminal","SegmentName":"Unit T2","Status":"operating","Wiki":"https://www.gem.wiki/Ichthys_FLNG_Terminal","ProjectID":"T100000130335","UnitID":"G100002033502","CountriesOrAreas":"Australia","StartState/Province":"Western Australia","StartLocation":"Western Australia, Australia","Owner":"Ichthys LNG Pty Ltd [100%]","Operator":"INPEX","StartYear1":"2018","FuelType":"LNG","FacilityType":"export","LocationAccuracy":"exact","Capacity":"4.65","CapacityUnits":"mtpa","CapacityMapScale":108345.0,"Tracker":"GGIT-LNG"}},{"type":"Feature","geometry":{"type":"Point","coordinates":[122.7873,-14.0555]},"properties":{"PipelineName":"Ichthys FLNG Terminal","SegmentName":"Unit T3","Status":"proposed","Wiki":"https://www.gem.wiki/Ichthys_FLNG_Terminal","ProjectID":"T100000130335","UnitID":"G100002033503","CountriesOrAreas":"Australia","StartState/Province":"Western Australia","StartLocation":"Western Australia, Australia","Owner":"Ichthys LNG Pty Ltd [100%]","Operator":"INPEX","StartYear1":"","FuelType":"LNG","FacilityType":"export","LocationAccuracy":"exact","Capacity":"","CapacityUnits":"","CapacityMapScale":"","Tracker":"GGIT-LNG"}},{"type":"Feature","geometry":{"type":"Point","coordinates":[-71.347902,-17.647268]},"properties":{"PipelineName":"Ilo LNG Terminal","SegmentName":"","Status":"cancelled","Wiki":"https://www.gem.wiki/Ilo_LNG_Terminal","ProjectID":"T100000130990","UnitID":"G100002099000","CountriesOrAreas":"Peru","StartState/Province":"Ilo","StartLocation":"Ilo, Peru","Owner":"Yacimientos Petrolíferos Fiscales Bolivianos Corp [100%]","Operator":"","StartYear1":"","FuelType":"LNG","FacilityType":"export","LocationAccuracy":"approximate","Capacity":"","CapacityUnits":"","CapacityMapScale":"","Tracker":"GGIT-LNG"}},{"type":"Feature","geometry":{"type":"Point","coordinates":[-40.074054,-19.857997]},"properties":{"PipelineName":"Imetame LNG Terminal","SegmentName":"","Status":"cancelled","Wiki":"https://www.gem.wiki/Imetame_LNG_Terminal","ProjectID":"T100000130930","UnitID":"G100002093000","CountriesOrAreas":"Brazil","StartState/Province":"Espírito Santo","StartLocation":"Espírito Santo, Brazil","Owner":"Imetame Energia SA [100%]","Operator":"","StartYear1":"","FuelType":"LNG","FacilityType":"import","LocationAccuracy":"approximate","Capacity":"","CapacityUnits":"","CapacityMapScale":"","Tracker":"GGIT-LNG"}},{"type":"Feature","geometry":{"type":"Point","coordinates":[-90.3294597,29.9417477]},"properties":{"PipelineName":"IMTT St. Rose Oil Terminal","SegmentName":"","Status":"operating","Wiki":"https://www.gem.wiki/IMTT_St._Rose_Oil_Terminal","ProjectID":"T100001083857","UnitID":"G100001095123","CountriesOrAreas":"United States","StartState/Province":"","StartLocation":"United States","Owner":"","Operator":"","StartYear1":"1922","FuelType":"Oil","FacilityType":"","LocationAccuracy":"exact","Capacity":"","CapacityUnits":"","CapacityMapScale":"","Tracker":"GGIT-LNG"}},{"type":"Feature","geometry":{"type":"Point","coordinates":[126.602,37.35124]},"properties":{"PipelineName":"Incheon LNG Terminal","SegmentName":"","Status":"operating","Wiki":"https://www.gem.wiki/Incheon_LNG_Terminal","ProjectID":"T100000130312","UnitID":"G100002031200","CountriesOrAreas":"South Korea","StartState/Province":"Seoul Capital Area","StartLocation":"Seoul Capital Area, South Korea","Owner":"Korea Gas Corp [100%]","Operator":"","StartYear1":"1996","FuelType":"LNG","FacilityType":"import","LocationAccuracy":"exact","Capacity":"54.5","CapacityUnits":"mtpa","CapacityMapScale":1269850.0,"Tracker":"GGIT-LNG"}},{"type":"Feature","geometry":{"type":"Point","coordinates":[-97.236891,27.854184]},"properties":{"PipelineName":"Ingleside Energy LNG Terminal","SegmentName":"","Status":"cancelled","Wiki":"https://www.gem.wiki/Ingleside_Energy_LNG_Terminal","ProjectID":"T100000130229","UnitID":"G100002022901","CountriesOrAreas":"United States","StartState/Province":"Texas","StartLocation":"Texas, United States","Owner":"Moda Midstream LLC [100%]","Operator":"","StartYear1":"","FuelType":"LNG","FacilityType":"export","LocationAccuracy":"approximate","Capacity":"1","CapacityUnits":"bcf/d","CapacityMapScale":178711.0,"Tracker":"GGIT-LNG"}},{"type":"Feature","geometry":{"type":"Point","coordinates":[23.9190388,60.014647]},"properties":{"PipelineName":"Inkoo FSRU","SegmentName":"","Status":"operating","Wiki":"https://www.gem.wiki/Inkoo_FSRU","ProjectID":"T100000131064","UnitID":"G100002106400","CountriesOrAreas":"Finland","StartState/Province":"Southern Finland","StartLocation":"Southern Finland, Finland","Owner":"Gasum Oyj [100%]","Operator":"Elering; Excelerate Energy; Gasgrid Finland","StartYear1":"2023","FuelType":"LNG","FacilityType":"import","LocationAccuracy":"exact","Capacity":"5","CapacityUnits":"bcm/y","CapacityMapScale":85627.5,"Tracker":"GGIT-LNG"}},{"type":"Feature","geometry":{"type":"Point","coordinates":[50.31,29.235481]},"properties":{"PipelineName":"Iran FLNG Terminal","SegmentName":"","Status":"cancelled","Wiki":"https://www.gem.wiki/Iran_FLNG_Terminal","ProjectID":"T100000130587","UnitID":"G100002058701","CountriesOrAreas":"Iran","StartState/Province":"","StartLocation":"Iran","Owner":"Exmar NV [100%]","Operator":"","StartYear1":"","FuelType":"LNG","FacilityType":"export","LocationAccuracy":"approximate","Capacity":"0.5","CapacityUnits":"mtpa","CapacityMapScale":11650.0,"Tracker":"GGIT-LNG"}},{"type":"Feature","geometry":{"type":"Point","coordinates":[52.1448819,27.7554689]},"properties":{"PipelineName":"Iran NIOC LNG Terminal","SegmentName":"Unit T1","Status":"construction","Wiki":"https://www.gem.wiki/Iran_NIOC_LNG_Terminal","ProjectID":"T100000130583","UnitID":"G100002058301","CountriesOrAreas":"Iran","StartState/Province":"Bushehr Province","StartLocation":"Bushehr Province, Iran","Owner":"Iran Pension Fund Organization [50%]; National Iranian Gas Exports Company [49%]; Iran Pension Fund Investment Organization [1%]","Operator":"","StartYear1":"","FuelType":"LNG","FacilityType":"export","LocationAccuracy":"exact","Capacity":"5.4","CapacityUnits":"mtpa","CapacityMapScale":125820.0,"Tracker":"GGIT-LNG"}},{"type":"Feature","geometry":{"type":"Point","coordinates":[52.1448819,27.7554689]},"properties":{"PipelineName":"Iran NIOC LNG Terminal","SegmentName":"Unit T2","Status":"construction","Wiki":"https://www.gem.wiki/Iran_NIOC_LNG_Terminal","ProjectID":"T100000130583","UnitID":"G100002058302","CountriesOrAreas":"Iran","StartState/Province":"Bushehr Province","StartLocation":"Bushehr Province, Iran","Owner":"Iran Pension Fund Organization [50%]; National Iranian Gas Exports Company [49%]; Iran Pension Fund Investment Organization [1%]","Operator":"","StartYear1":"","FuelType":"LNG","FacilityType":"export","LocationAccuracy":"exact","Capacity":"5.4","CapacityUnits":"mtpa","CapacityMapScale":125820.0,"Tracker":"GGIT-LNG"}},{"type":"Feature","geometry":{"type":"Point","coordinates":[52.1448819,27.7554689]},"properties":{"PipelineName":"Iran NIOC LNG Terminal","SegmentName":"Unit T3","Status":"construction","Wiki":"https://www.gem.wiki/Iran_NIOC_LNG_Terminal","ProjectID":"T100000130583","UnitID":"G100002058303","CountriesOrAreas":"Iran","StartState/Province":"Bushehr Province","StartLocation":"Bushehr Province, Iran","Owner":"Iran Pension Fund Organization [50%]; National Iranian Gas Exports Company [49%]; Iran Pension Fund Investment Organization [1%]","Operator":"","StartYear1":"","FuelType":"LNG","FacilityType":"export","LocationAccuracy":"exact","Capacity":"1.5","CapacityUnits":"mtpa","CapacityMapScale":34950.0,"Tracker":"GGIT-LNG"}},{"type":"Feature","geometry":{"type":"Point","coordinates":[141.293247,43.20997]},"properties":{"PipelineName":"Ishikari LNG Terminal","SegmentName":"Unit Expansion 1","Status":"operating","Wiki":"https://www.gem.wiki/Ishikari_LNG_Terminal","ProjectID":"T100000130487","UnitID":"G100001094263","CountriesOrAreas":"Japan","StartState/Province":"Hokkaido","StartLocation":"Hokkaido, Japan","Owner":"Hokkaido Gas Co Ltd [100%]","Operator":"","StartYear1":"2015","FuelType":"LNG","FacilityType":"import","LocationAccuracy":"exact","Capacity":"1","CapacityUnits":"mtpa","CapacityMapScale":23300.0,"Tracker":"GGIT-LNG"}},{"type":"Feature","geometry":{"type":"Point","coordinates":[141.293247,43.20997]},"properties":{"PipelineName":"Ishikari LNG Terminal","SegmentName":"Unit Expansion 2","Status":"operating","Wiki":"https://www.gem.wiki/Ishikari_LNG_Terminal","ProjectID":"T100000130487","UnitID":"G100001094264","CountriesOrAreas":"Japan","StartState/Province":"Hokkaido","StartLocation":"Hokkaido, Japan","Owner":"Hokkaido Gas Co Ltd [100%]","Operator":"","StartYear1":"2019","FuelType":"LNG","FacilityType":"import","LocationAccuracy":"exact","Capacity":"1.9","CapacityUnits":"mtpa","CapacityMapScale":44270.0,"Tracker":"GGIT-LNG"}},{"type":"Feature","geometry":{"type":"Point","coordinates":[141.293247,43.20997]},"properties":{"PipelineName":"Ishikari LNG Terminal","SegmentName":"","Status":"operating","Wiki":"https://www.gem.wiki/Ishikari_LNG_Terminal","ProjectID":"T100000130487","UnitID":"G100002048700","CountriesOrAreas":"Japan","StartState/Province":"Hokkaido","StartLocation":"Hokkaido, Japan","Owner":"Hokkaido Gas Co Ltd [100%]","Operator":"","StartYear1":"2012","FuelType":"LNG","FacilityType":"import","LocationAccuracy":"exact","Capacity":"1.7","CapacityUnits":"mtpa","CapacityMapScale":39610.0,"Tracker":"GGIT-LNG"}},{"type":"Feature","geometry":{"type":"Point","coordinates":[-77.3365837,25.0791776]},"properties":{"PipelineName":"Island Power Producers LNG Terminal","SegmentName":"","Status":"proposed","Wiki":"https://www.gem.wiki/Island_Power_Producers_LNG_Terminal","ProjectID":"T100001047792","UnitID":"G100001054688","CountriesOrAreas":"Bahamas","StartState/Province":"New Providence","StartLocation":"New Providence, Bahamas","Owner":"","Operator":"Island Power Producers","StartYear1":"","FuelType":"LNG","FacilityType":"import","LocationAccuracy":"approximate","Capacity":"","CapacityUnits":"","CapacityMapScale":"","Tracker":"GGIT-LNG"}},{"type":"Feature","geometry":{"type":"Point","coordinates":[-58.433795,-3.15492]},"properties":{"PipelineName":"Itacoatiara FSRU","SegmentName":"","Status":"cancelled","Wiki":"https://www.gem.wiki/Itacoatiara_FSRU","ProjectID":"T100000130931","UnitID":"G100002093100","CountriesOrAreas":"Brazil","StartState/Province":"Amazonas","StartLocation":"Amazonas, Brazil","Owner":"TISA (Termelétrica Itacoatiara SA) [100%]","Operator":"","StartYear1":"","FuelType":"LNG","FacilityType":"import","LocationAccuracy":"exact","Capacity":"5.11","CapacityUnits":"bcm/y","CapacityMapScale":87511.3,"Tracker":"GGIT-LNG"}},{"type":"Feature","geometry":{"type":"Point","coordinates":[-44.36869,-2.589554]},"properties":{"PipelineName":"Itaqui FSRU","SegmentName":"","Status":"shelved","Wiki":"https://www.gem.wiki/Itaqui_FSRU","ProjectID":"T100000131081","UnitID":"G100002108100","CountriesOrAreas":"Brazil","StartState/Province":"Maranhão","StartLocation":"Maranhão, Brazil","Owner":"Eneva [TO BE DELETED] [51%]; Servtec Energia [49%]","Operator":"","StartYear1":"","FuelType":"LNG","FacilityType":"import","LocationAccuracy":"approximate","Capacity":"7.67","CapacityUnits":"bcm/y","CapacityMapScale":131352.6,"Tracker":"GGIT-LNG"}},{"type":"Feature","geometry":{"type":"Point","coordinates":[-4.028744,5.272988]},"properties":{"PipelineName":"Ivory Coast FSRU","SegmentName":"","Status":"shelved","Wiki":"https://www.gem.wiki/Ivory_Coast_FSRU","ProjectID":"T100000130835","UnitID":"G100002083500","CountriesOrAreas":"Côte d'Ivoire","StartState/Province":"","StartLocation":"Côte d'Ivoire","Owner":"TotalEnergies SE [34%]; State Oil Company of Azerbaijan Republic [26%]; Shell PLC [13%]; Société Nationale d'Opérations Pétrolières de la Côte d'Ivoire [11%]; Golar LNG Ltd [6%]; CI-Energies [5%]; Endeavor Energy [5%]","Operator":"","StartYear1":"","FuelType":"LNG","FacilityType":"import","LocationAccuracy":"approximate","Capacity":"3","CapacityUnits":"mtpa","CapacityMapScale":69900.0,"Tracker":"GGIT-LNG"}},{"type":"Feature","geometry":{"type":"Point","coordinates":[26.9141109,38.8224549]},"properties":{"PipelineName":"Izmir Aliaga LNG Terminal","SegmentName":"","Status":"operating","Wiki":"https://www.gem.wiki/Izmir_Aliaga_LNG_Terminal","ProjectID":"T100000130543","UnitID":"G100002054300","CountriesOrAreas":"Türkiye","StartState/Province":"Izmir","StartLocation":"Izmir, Türkiye","Owner":"EgeGaz AS [100%]","Operator":"EgeGaz","StartYear1":"2006","FuelType":"LNG","FacilityType":"import","LocationAccuracy":"exact","Capacity":"10.7","CapacityUnits":"mtpa","CapacityMapScale":249310.0,"Tracker":"GGIT-LNG"}},{"type":"Feature","geometry":{"type":"Point","coordinates":[8.133333,53.516667]},"properties":{"PipelineName":"Jade Energy LNG Terminal","SegmentName":"Unit Expansion","Status":"proposed","Wiki":"https://www.gem.wiki/Wilhelmshaven_TES_LNG_Terminal","ProjectID":"T100000131001","UnitID":"G100001095736","CountriesOrAreas":"Germany","StartState/Province":"","StartLocation":"Germany","Owner":"Deutsche Grüngas und Energieversorgung GmbH","Operator":"","StartYear1":"","FuelType":"LNG","FacilityType":"import","LocationAccuracy":"approximate","Capacity":"5","CapacityUnits":"bcm/y","CapacityMapScale":85627.5,"Tracker":"GGIT-LNG"}},{"type":"Feature","geometry":{"type":"Point","coordinates":[8.133333,53.516667]},"properties":{"PipelineName":"Jade Energy LNG Terminal","SegmentName":"","Status":"proposed","Wiki":"https://www.gem.wiki/Wilhelmshaven_TES_LNG_Terminal","ProjectID":"T100000131001","UnitID":"G100002100100","CountriesOrAreas":"Germany","StartState/Province":"","StartLocation":"Germany","Owner":"Deutsche Grüngas und Energieversorgung GmbH","Operator":"","StartYear1":"","FuelType":"LNG","FacilityType":"import","LocationAccuracy":"approximate","Capacity":"15","CapacityUnits":"bcm/y","CapacityMapScale":256882.5,"Tracker":"GGIT-LNG"}},{"type":"Feature","geometry":{"type":"Point","coordinates":[8.133333,53.516667]},"properties":{"PipelineName":"Jade Energy LNG Terminal","SegmentName":"Unit eLNG Import Terminal","Status":"proposed","Wiki":"https://www.gem.wiki/Wilhelmshaven_TES_LNG_Terminal","ProjectID":"T100000131001","UnitID":"G100002100101","CountriesOrAreas":"Germany","StartState/Province":"","StartLocation":"Germany","Owner":"Deutsche Grüngas und Energieversorgung GmbH","Operator":"","StartYear1":"","FuelType":"eLNG","FacilityType":"import","LocationAccuracy":"approximate","Capacity":"","CapacityUnits":"bcm/y","CapacityMapScale":"","Tracker":"GGIT-LNG"}},{"type":"Feature","geometry":{"type":"Point","coordinates":[71.3667,20.8667]},"properties":{"PipelineName":"Jafrabad FSRU","SegmentName":"Unit Phase 1","Status":"construction","Wiki":"https://www.gem.wiki/Jafrabad_FSRU","ProjectID":"T100000130457","UnitID":"G100002045700","CountriesOrAreas":"India","StartState/Province":"Gujarat","StartLocation":"Gujarat, India","Owner":"Swan Corp Ltd [32.12%]; Indian Farmers Fertilizer Cooperative [30.87%]; Gujarat Maritime Board [15%]; Gujarat State Petronet Ltd [11%]; Mitsui Group [11%]","Operator":"","StartYear1":"","FuelType":"LNG","FacilityType":"import","LocationAccuracy":"approximate","Capacity":"5","CapacityUnits":"mtpa","CapacityMapScale":116500.0,"Tracker":"GGIT-LNG"}},{"type":"Feature","geometry":{"type":"Point","coordinates":[71.3667,20.8667]},"properties":{"PipelineName":"Jafrabad FSRU","SegmentName":"Unit Phase 2","Status":"proposed","Wiki":"https://www.gem.wiki/Jafrabad_FSRU","ProjectID":"T100000130457","UnitID":"G100002045701","CountriesOrAreas":"India","StartState/Province":"Gujarat","StartLocation":"Gujarat, India","Owner":"Swan Corp Ltd [32.12%]; Indian Farmers Fertilizer Cooperative [30.87%]; Gujarat Maritime Board [15%]; Gujarat State Petronet Ltd [11%]; Mitsui Group [11%]","Operator":"","StartYear1":"","FuelType":"LNG","FacilityType":"import","LocationAccuracy":"approximate","Capacity":"5","CapacityUnits":"mtpa","CapacityMapScale":116500.0,"Tracker":"GGIT-LNG"}},{"type":"Feature","geometry":{"type":"Point","coordinates":[73.2061395,17.3040113]},"properties":{"PipelineName":"Jaigarh LNG Terminal","SegmentName":"Unit Phase I","Status":"construction","Wiki":"https://www.gem.wiki/Jaigarh_LNG_Terminal","ProjectID":"T100000130443","UnitID":"G100002044300","CountriesOrAreas":"India","StartState/Province":"Maharashtra","StartLocation":"Maharashtra, India","Owner":"AGP City Gas Pvt Ltd","Operator":"","StartYear1":"","FuelType":"LNG","FacilityType":"import","LocationAccuracy":"approximate","Capacity":"6","CapacityUnits":"mtpa","CapacityMapScale":139800.0,"Tracker":"GGIT-LNG"}},{"type":"Feature","geometry":{"type":"Point","coordinates":[73.2061395,17.3040113]},"properties":{"PipelineName":"Jaigarh LNG Terminal","SegmentName":"Unit Phase II","Status":"proposed","Wiki":"https://www.gem.wiki/Jaigarh_LNG_Terminal","ProjectID":"T100000130443","UnitID":"G100002044301","CountriesOrAreas":"India","StartState/Province":"Maharashtra","StartLocation":"Maharashtra, India","Owner":"AGP City Gas Pvt Ltd","Operator":"","StartYear1":"","FuelType":"LNG","FacilityType":"import","LocationAccuracy":"approximate","Capacity":"8","CapacityUnits":"mtpa","CapacityMapScale":186400.0,"Tracker":"GGIT-LNG"}},{"type":"Feature","geometry":{"type":"Point","coordinates":[-80.132792,-3.13649]},"properties":{"PipelineName":"Jambelí FSRU","SegmentName":"","Status":"shelved","Wiki":"https://www.gem.wiki/Jambel%C3%AD_FSRU","ProjectID":"T100000130833","UnitID":"G100002083300","CountriesOrAreas":"Ecuador","StartState/Province":"El Oro Province","StartLocation":"El Oro Province, Ecuador","Owner":"Sycar - LNG SA [100%]","Operator":"Sycar - LNG","StartYear1":"","FuelType":"LNG","FacilityType":"import","LocationAccuracy":"approximate","Capacity":"0.38","CapacityUnits":"mtpa","CapacityMapScale":8854.0,"Tracker":"GGIT-LNG"}},{"type":"Feature","geometry":{"type":"Point","coordinates":[107.7432632,-6.1408108]},"properties":{"PipelineName":"Jawa Satu FSRU","SegmentName":"","Status":"operating","Wiki":"https://www.gem.wiki/Jawa_Satu_FSRU","ProjectID":"T100000130280","UnitID":"G100002028000","CountriesOrAreas":"Indonesia","StartState/Province":"West Java","StartLocation":"West Java, Indonesia","Owner":"Jawa Satu Regas [100%]","Operator":"MOL Indonesia; PT Jawa Satu Power","StartYear1":"2021","FuelType":"LNG","FacilityType":"import","LocationAccuracy":"exact","Capacity":"2.2","CapacityUnits":"mtpa","CapacityMapScale":51260.0,"Tracker":"GGIT-LNG"}},{"type":"Feature","geometry":{"type":"Point","coordinates":[55.0667,25.03103]},"properties":{"PipelineName":"Jebel Ali FLNG Terminal","SegmentName":"","Status":"operating","Wiki":"https://www.gem.wiki/Jebel_Ali_FLNG_Terminal","ProjectID":"T100000130603","UnitID":"G100002060300","CountriesOrAreas":"United Arab Emirates","StartState/Province":"Dubai","StartLocation":"Dubai, United Arab Emirates","Owner":"DUSUP [TO BE DELETED] [100%]","Operator":"DUSUP [TO BE DELETED]; Excelerate Energy","StartYear1":"2010","FuelType":"LNG","FacilityType":"import","LocationAccuracy":"exact","Capacity":"6","CapacityUnits":"mtpa","CapacityMapScale":139800.0,"Tracker":"GGIT-LNG"}},{"type":"Feature","geometry":{"type":"Point","coordinates":[126.3233004,33.470118]},"properties":{"PipelineName":"Jeju Aewol LNG Terminal","SegmentName":"","Status":"operating","Wiki":"https://www.gem.wiki/Jeju_Aewol_LNG_Terminal","ProjectID":"T100000130713","UnitID":"G100002071300","CountriesOrAreas":"South Korea","StartState/Province":"Jeju Island","StartLocation":"Jeju Island, South Korea","Owner":"Korea Gas Corp [100%]","Operator":"","StartYear1":"2019","FuelType":"LNG","FacilityType":"import","LocationAccuracy":"exact","Capacity":"1.1","CapacityUnits":"mtpa","CapacityMapScale":25630.0,"Tracker":"GGIT-LNG"}},{"type":"Feature","geometry":{"type":"Point","coordinates":[112.88815,21.876111]},"properties":{"PipelineName":"Jiangmen Guanghai Bay LNG Terminal","SegmentName":"Unit Phase 1","Status":"proposed","Wiki":"https://www.gem.wiki/Jiangmen_LNG_Terminal","ProjectID":"T100000130391","UnitID":"G100002039100","CountriesOrAreas":"China","StartState/Province":"Guangdong","StartLocation":"Guangdong, China","Owner":"Guangdong Guanghaiwan Energy Holdings Co Ltd [100%]","Operator":"","StartYear1":"","FuelType":"LNG","FacilityType":"import","LocationAccuracy":"exact","Capacity":"3","CapacityUnits":"mtpa","CapacityMapScale":69900.0,"Tracker":"GGIT-LNG"}},{"type":"Feature","geometry":{"type":"Point","coordinates":[112.88815,21.876111]},"properties":{"PipelineName":"Jiangmen Guanghai Bay LNG Terminal","SegmentName":"Unit Phase 2","Status":"proposed","Wiki":"https://www.gem.wiki/Jiangmen_LNG_Terminal","ProjectID":"T100000130391","UnitID":"G100002039102","CountriesOrAreas":"China","StartState/Province":"Guangdong","StartLocation":"Guangdong, China","Owner":"Guangdong Guanghaiwan Energy Holdings Co Ltd [100%]","Operator":"","StartYear1":"","FuelType":"LNG","FacilityType":"import","LocationAccuracy":"exact","Capacity":"9","CapacityUnits":"mtpa","CapacityMapScale":209700.0,"Tracker":"GGIT-LNG"}},{"type":"Feature","geometry":{"type":"Point","coordinates":[120.007213,31.949128]},"properties":{"PipelineName":"Jiangyin LNG Terminal (Garson Gas)","SegmentName":"","Status":"construction","Wiki":"https://www.gem.wiki/Jiangyin_LNG_Terminal_(Garson_Gas)","ProjectID":"T100000130948","UnitID":"G100002094800","CountriesOrAreas":"China","StartState/Province":"Jiangsu","StartLocation":"Jiangsu, China","Owner":"Jiangsu Jiasheng Investment Co Ltd [100%]","Operator":"","StartYear1":"","FuelType":"LNG","FacilityType":"import","LocationAccuracy":"exact","Capacity":"2","CapacityUnits":"mtpa","CapacityMapScale":46600.0,"Tracker":"GGIT-LNG"}},{"type":"Feature","geometry":{"type":"Point","coordinates":[120.108718,31.932055]},"properties":{"PipelineName":"Jiangyin LNG Terminal (Hanas)","SegmentName":"","Status":"cancelled","Wiki":"https://www.gem.wiki/Jiangyin_LNG_Terminal_(Hanas)","ProjectID":"T100000130393","UnitID":"G100002039300","CountriesOrAreas":"China","StartState/Province":"Jiangsu","StartLocation":"Jiangsu, China","Owner":"Ningxia Hanas LNG Co Ltd [100%]","Operator":"","StartYear1":"","FuelType":"LNG","FacilityType":"import","LocationAccuracy":"approximate","Capacity":"1","CapacityUnits":"mtpa","CapacityMapScale":23300.0,"Tracker":"GGIT-LNG"}},{"type":"Feature","geometry":{"type":"Point","coordinates":[120.1294682,31.9265543]},"properties":{"PipelineName":"Jiangyin LNG Terminal (Zhongtian Energy)","SegmentName":"","Status":"shelved","Wiki":"https://www.gem.wiki/Jiangyin_LNG_Terminal_(Zhongtian_Energy)","ProjectID":"T100000130394","UnitID":"G100002039400","CountriesOrAreas":"China","StartState/Province":"Jiangsu","StartLocation":"Jiangsu, China","Owner":"Jiangsu Honghai Energy Co Ltd [100%]","Operator":"","StartYear1":"","FuelType":"LNG","FacilityType":"import","LocationAccuracy":"exact","Capacity":"2","CapacityUnits":"mtpa","CapacityMapScale":46600.0,"Tracker":"GGIT-LNG"}},{"type":"Feature","geometry":{"type":"Point","coordinates":[116.2506755,22.9362588]},"properties":{"PipelineName":"Jieyang LNG Terminal (PetroChina)","SegmentName":"Unit Phase 1","Status":"shelved","Wiki":"https://www.gem.wiki/Jieyang_LNG_Terminal_(PetroChina)","ProjectID":"T100000131057","UnitID":"G100002105700","CountriesOrAreas":"China","StartState/Province":"Guangdong","StartLocation":"Guangdong, China","Owner":"Kunlun Energy Company Limited Co Ltd [100%]","Operator":"","StartYear1":"","FuelType":"LNG","FacilityType":"import","LocationAccuracy":"approximate","Capacity":"6.5","CapacityUnits":"mtpa","CapacityMapScale":151450.0,"Tracker":"GGIT-LNG"}},{"type":"Feature","geometry":{"type":"Point","coordinates":[116.371427,22.934479]},"properties":{"PipelineName":"Jieyang LNG Terminal (PipeChina)","SegmentName":"Unit Phase 2","Status":"construction","Wiki":"https://www.gem.wiki/Jieyang_LNG_Terminal_(PipeChina)","ProjectID":"T100000130395","UnitID":"G100001053177","CountriesOrAreas":"China","StartState/Province":"Guangdong","StartLocation":"Guangdong, China","Owner":"Pipechina Yuedong LNG Co Ltd [100%]","Operator":"","StartYear1":"","FuelType":"LNG","FacilityType":"import","LocationAccuracy":"exact","Capacity":"3","CapacityUnits":"mtpa","CapacityMapScale":69900.0,"Tracker":"GGIT-LNG"}},{"type":"Feature","geometry":{"type":"Point","coordinates":[116.371427,22.934479]},"properties":{"PipelineName":"Jieyang LNG Terminal (PipeChina)","SegmentName":"Unit Phase 1","Status":"operating","Wiki":"https://www.gem.wiki/Jieyang_LNG_Terminal_(PipeChina)","ProjectID":"T100000130395","UnitID":"G100002039500","CountriesOrAreas":"China","StartState/Province":"Guangdong","StartLocation":"Guangdong, China","Owner":"Pipechina Yuedong LNG Co Ltd [100%]","Operator":"","StartYear1":"2017","FuelType":"LNG","FacilityType":"import","LocationAccuracy":"exact","Capacity":"3","CapacityUnits":"mtpa","CapacityMapScale":69900.0,"Tracker":"GGIT-LNG"}},{"type":"Feature","geometry":{"type":"Point","coordinates":[119.387618,35.120877]},"properties":{"PipelineName":"Jingneng LNG Terminal","SegmentName":"","Status":"cancelled","Wiki":"https://www.gem.wiki/Jingneng_LNG_Terminal","ProjectID":"T100001082868","UnitID":"G100001093412","CountriesOrAreas":"China","StartState/Province":"Shandong","StartLocation":"Shandong, China","Owner":"Beijing Energy Group; LANDBRIDGE GROUP CO., LTD.","Operator":"","StartYear1":"","FuelType":"LNG","FacilityType":"import","LocationAccuracy":"approximate","Capacity":"5","CapacityUnits":"mtpa","CapacityMapScale":116500.0,"Tracker":"GGIT-LNG"}},{"type":"Feature","geometry":{"type":"Point","coordinates":[121.074382,40.79672]},"properties":{"PipelineName":"Jinzhou LNG Terminal","SegmentName":"","Status":"cancelled","Wiki":"https://www.gem.wiki/Jinzhou_FLNG_Terminal","ProjectID":"T100000130857","UnitID":"G100002085700","CountriesOrAreas":"China","StartState/Province":"Liaoning","StartLocation":"Liaoning, China","Owner":"Dongfang Group; Jinzhou Port Co Ltd; Trafigura Ltd; United Energy Group Ltd","Operator":"","StartYear1":"","FuelType":"LNG","FacilityType":"import","LocationAccuracy":"approximate","Capacity":"2.8","CapacityUnits":"mtpa","CapacityMapScale":65240.0,"Tracker":"GGIT-LNG"}},{"type":"Feature","geometry":{"type":"Point","coordinates":[116.2638593,29.7786154]},"properties":{"PipelineName":"Jiujiang LNG Terminal","SegmentName":"","Status":"cancelled","Wiki":"https://www.gem.wiki/Jiujiang_LNG_Terminal","ProjectID":"T100000130949","UnitID":"G100002094900","CountriesOrAreas":"China","StartState/Province":"Jiangxi","StartLocation":"Jiangxi, China","Owner":"Jiangxi Investment Gas Co Ltd [100%]","Operator":"","StartYear1":"","FuelType":"LNG","FacilityType":"import","LocationAccuracy":"approximate","Capacity":"","CapacityUnits":"","CapacityMapScale":"","Tracker":"GGIT-LNG"}},{"type":"Feature","geometry":{"type":"Point","coordinates":[138.276978,37.20902]},"properties":{"PipelineName":"Joetsu LNG Terminal","SegmentName":"","Status":"operating","Wiki":"https://www.gem.wiki/Joetsu_LNG_Terminal","ProjectID":"T100000130489","UnitID":"G100002048900","CountriesOrAreas":"Japan","StartState/Province":"Chūbu","StartLocation":"Chūbu, Japan","Owner":"JERA Co Inc [100%]","Operator":"","StartYear1":"2012","FuelType":"LNG","FacilityType":"import","LocationAccuracy":"exact","Capacity":"4.2","CapacityUnits":"mtpa","CapacityMapScale":97860.0,"Tracker":"GGIT-LNG"}},{"type":"Feature","geometry":{"type":"Point","coordinates":[-124.269,43.425]},"properties":{"PipelineName":"Jordan Cove LNG Terminal","SegmentName":"Unit T1-T5","Status":"cancelled","Wiki":"https://www.gem.wiki/Jordan_Cove_LNG_Terminal","ProjectID":"T100000130230","UnitID":"G100002023001","CountriesOrAreas":"United States","StartState/Province":"Oregon","StartLocation":"Oregon, United States","Owner":"Jordan Cove LNG LLC [100%]","Operator":"","StartYear1":"","FuelType":"LNG","FacilityType":"export","LocationAccuracy":"exact","Capacity":"7.5","CapacityUnits":"mtpa","CapacityMapScale":174750.0,"Tracker":"GGIT-LNG"}},{"type":"Feature","geometry":{"type":"Point","coordinates":[-8.62028,33.1267]},"properties":{"PipelineName":"Jorf Lasfar LNG Terminal","SegmentName":"","Status":"proposed","Wiki":"https://www.gem.wiki/Jorf_Lasfar_LNG_Terminal","ProjectID":"T100000130256","UnitID":"G100002025600","CountriesOrAreas":"Morocco","StartState/Province":"","StartLocation":"Morocco","Owner":"Office National de l’Electricite et de l’Eau Potable [100%]","Operator":"","StartYear1":"","FuelType":"LNG","FacilityType":"import","LocationAccuracy":"approximate","Capacity":"7","CapacityUnits":"bcm/y","CapacityMapScale":119878.5,"Tracker":"GGIT-LNG"}},{"type":"Feature","geometry":{"type":"Point","coordinates":[-97.047494,25.970836]},"properties":{"PipelineName":"Jupiter Offshore Loading Terminal (JOLT)","SegmentName":"","Status":"cancelled","Wiki":"https://www.gem.wiki/Jupiter_Offshore_Loading_Terminal_(JOLT)","ProjectID":"T100000131013","UnitID":"G100002101301","CountriesOrAreas":"United States","StartState/Province":"Texas","StartLocation":"Texas, United States","Owner":"Jupiter MLP LLC [100%]","Operator":"","StartYear1":"","FuelType":"Oil","FacilityType":"export","LocationAccuracy":"approximate","Capacity":"2000000","CapacityUnits":"bpd","CapacityMapScale":2000000.0,"Tracker":"GGIT-LNG"}},{"type":"Feature","geometry":{"type":"Point","coordinates":[130.529533,31.485155]},"properties":{"PipelineName":"Kagoshima LNG Terminal","SegmentName":"","Status":"operating","Wiki":"https://www.gem.wiki/Kagoshima_LNG_Terminal","ProjectID":"T100000130491","UnitID":"G100002049100","CountriesOrAreas":"Japan","StartState/Province":"Kyushu","StartLocation":"Kyushu, Japan","Owner":"Nippon Gas Co Ltd [100%]","Operator":"","StartYear1":"1996","FuelType":"LNG","FacilityType":"import","LocationAccuracy":"exact","Capacity":"0.3","CapacityUnits":"mtpa","CapacityMapScale":6990.0,"Tracker":"GGIT-LNG"}},{"type":"Feature","geometry":{"type":"Point","coordinates":[97.7998512,14.4828035]},"properties":{"PipelineName":"Kanbauk FSRU","SegmentName":"","Status":"cancelled","Wiki":"https://www.gem.wiki/Kanbauk_FSRU","ProjectID":"T100000130907","UnitID":"G100002090700","CountriesOrAreas":"Myanmar","StartState/Province":"","StartLocation":"Myanmar","Owner":"Siemens Myanmar; TotalEnergies Gas & Power","Operator":"","StartYear1":"","FuelType":"LNG","FacilityType":"import","LocationAccuracy":"exact","Capacity":"4","CapacityUnits":"mtpa","CapacityMapScale":93200.0,"Tracker":"GGIT-LNG"}},{"type":"Feature","geometry":{"type":"Point","coordinates":[52.6075,27.476111]},"properties":{"PipelineName":"Kangan LNG Terminal","SegmentName":"","Status":"shelved","Wiki":"https://www.gem.wiki/Kangan_LNG_Terminal","ProjectID":"T100000130585","UnitID":"G100002058501","CountriesOrAreas":"Iran","StartState/Province":"Bushehr Province","StartLocation":"Bushehr Province, Iran","Owner":"MahTaab Parto Kangan LNG Co [100%]","Operator":"","StartYear1":"","FuelType":"LNG","FacilityType":"export","LocationAccuracy":"approximate","Capacity":"2","CapacityUnits":"mtpa","CapacityMapScale":46600.0,"Tracker":"GGIT-LNG"}},{"type":"Feature","geometry":{"type":"Point","coordinates":[79.8438253,10.911092]},"properties":{"PipelineName":"Karaikal FSRU","SegmentName":"Unit Phase 1","Status":"proposed","Wiki":"https://www.gem.wiki/Karaikal_FSRU","ProjectID":"T100000130803","UnitID":"G100002080300","CountriesOrAreas":"India","StartState/Province":"Puducherry","StartLocation":"Puducherry, India","Owner":"Atlantic Gulf and Pacific Co [100%]","Operator":"Abu Dhabi National Oil; Atlantic Gulf and Pacific","StartYear1":"","FuelType":"LNG","FacilityType":"import","LocationAccuracy":"approximate","Capacity":"1","CapacityUnits":"mtpa","CapacityMapScale":23300.0,"Tracker":"GGIT-LNG"}},{"type":"Feature","geometry":{"type":"Point","coordinates":[79.8438253,10.911092]},"properties":{"PipelineName":"Karaikal FSRU","SegmentName":"Unit Phase 2","Status":"proposed","Wiki":"https://www.gem.wiki/Karaikal_FSRU","ProjectID":"T100000130803","UnitID":"G100002080301","CountriesOrAreas":"India","StartState/Province":"Puducherry","StartLocation":"Puducherry, India","Owner":"Atlantic Gulf and Pacific Co [100%]","Operator":"Abu Dhabi National Oil; Atlantic Gulf and Pacific","StartYear1":"","FuelType":"LNG","FacilityType":"import","LocationAccuracy":"approximate","Capacity":"2","CapacityUnits":"mtpa","CapacityMapScale":46600.0,"Tracker":"GGIT-LNG"}},{"type":"Feature","geometry":{"type":"Point","coordinates":[55.183809,70.7893987]},"properties":{"PipelineName":"Kara LNG Terminal","SegmentName":"","Status":"shelved","Wiki":"https://www.gem.wiki/Kara_LNG_Terminal","ProjectID":"T100000131067","UnitID":"G100002106701","CountriesOrAreas":"Russia","StartState/Province":"","StartLocation":"Russia","Owner":"Rosneft PJSC [100%]","Operator":"","StartYear1":"","FuelType":"LNG","FacilityType":"export","LocationAccuracy":"approximate","Capacity":"22.5","CapacityUnits":"mtpa","CapacityMapScale":524250.0,"Tracker":"GGIT-LNG"}},{"type":"Feature","geometry":{"type":"Point","coordinates":[103.433783,0.988745]},"properties":{"PipelineName":"Karimun Island LNG Terminal","SegmentName":"","Status":"cancelled","Wiki":"https://www.gem.wiki/Karimun_Island_LNG_Terminal","ProjectID":"T100000130904","UnitID":"G100002090400","CountriesOrAreas":"Indonesia","StartState/Province":"Pulau Asam","StartLocation":"Pulau Asam, Indonesia","Owner":"PT Nusatama Properta Panbil [100%]","Operator":"","StartYear1":"","FuelType":"LNG","FacilityType":"import","LocationAccuracy":"approximate","Capacity":"","CapacityUnits":"","CapacityMapScale":"","Tracker":"GGIT-LNG"}},{"type":"Feature","geometry":{"type":"Point","coordinates":[-17.4323,14.6893]},"properties":{"PipelineName":"Karmol Dakar FSRU","SegmentName":"","Status":"operating","Wiki":"https://www.gem.wiki/Karmol_Dakar_FSRU","ProjectID":"T100000131049","UnitID":"G100002104900","CountriesOrAreas":"Senegal","StartState/Province":"","StartLocation":"Senegal","Owner":"KARMOL [100%]","Operator":"KARMOL","StartYear1":"2025","FuelType":"LNG","FacilityType":"import","LocationAccuracy":"exact","Capacity":"0.5","CapacityUnits":"mtpa","CapacityMapScale":11650.0,"Tracker":"GGIT-LNG"}},{"type":"Feature","geometry":{"type":"Point","coordinates":[74.135,14.82]},"properties":{"PipelineName":"Karwar FSRU","SegmentName":"","Status":"cancelled","Wiki":"https://www.gem.wiki/Karwar_FSRU","ProjectID":"T100000130453","UnitID":"G100002045300","CountriesOrAreas":"India","StartState/Province":"Karnataka","StartLocation":"Karnataka, India","Owner":"Fox Petroleum Ltd [100%]","Operator":"","StartYear1":"","FuelType":"LNG","FacilityType":"import","LocationAccuracy":"approximate","Capacity":"7","CapacityUnits":"mtpa","CapacityMapScale":163100.0,"Tracker":"GGIT-LNG"}},{"type":"Feature","geometry":{"type":"Point","coordinates":[136.697007,35.01]},"properties":{"PipelineName":"Kawagoe LNG Terminal","SegmentName":"Unit Expansion","Status":"operating","Wiki":"https://www.gem.wiki/Kawagoe_LNG_Terminal","ProjectID":"T100000130493","UnitID":"G100001094283","CountriesOrAreas":"Japan","StartState/Province":"Kansai","StartLocation":"Kansai, Japan","Owner":"JERA Co Inc [100%]","Operator":"","StartYear1":"2021","FuelType":"LNG","FacilityType":"import","LocationAccuracy":"exact","Capacity":"3.5","CapacityUnits":"mtpa","CapacityMapScale":81550.0,"Tracker":"GGIT-LNG"}},{"type":"Feature","geometry":{"type":"Point","coordinates":[136.697007,35.01]},"properties":{"PipelineName":"Kawagoe LNG Terminal","SegmentName":"","Status":"operating","Wiki":"https://www.gem.wiki/Kawagoe_LNG_Terminal","ProjectID":"T100000130493","UnitID":"G100002049300","CountriesOrAreas":"Japan","StartState/Province":"Kansai","StartLocation":"Kansai, Japan","Owner":"JERA Co Inc [100%]","Operator":"","StartYear1":"1997","FuelType":"LNG","FacilityType":"import","LocationAccuracy":"exact","Capacity":"5.2","CapacityUnits":"mtpa","CapacityMapScale":121160.0,"Tracker":"GGIT-LNG"}},{"type":"Feature","geometry":{"type":"Point","coordinates":[103.4786436,4.290137]},"properties":{"PipelineName":"Kemaman LNG Terminal","SegmentName":"","Status":"proposed","Wiki":"https://www.gem.wiki/Kemaman_LNG_Terminal","ProjectID":"T100001057503","UnitID":"G100001065734","CountriesOrAreas":"Malaysia","StartState/Province":"","StartLocation":"Malaysia","Owner":"E&H Energy Sdn Bhd [100%]","Operator":"E&H Energy","StartYear1":"","FuelType":"LNG","FacilityType":"import","LocationAccuracy":"approximate","Capacity":"3.6","CapacityUnits":"mtpa","CapacityMapScale":83880.0,"Tracker":"GGIT-LNG"}},{"type":"Feature","geometry":{"type":"Point","coordinates":[-151.38834,60.679484]},"properties":{"PipelineName":"Kenai LNG Terminal","SegmentName":"Unit Import Terminal","Status":"proposed","Wiki":"https://www.gem.wiki/Kenai_LNG_Terminal","ProjectID":"T100000130231","UnitID":"G100002023100","CountriesOrAreas":"United States","StartState/Province":"Alaska","StartLocation":"Alaska, United States","Owner":"Harvest Alaska LLC [100%]","Operator":"Harvest Alaska","StartYear1":"","FuelType":"LNG","FacilityType":"import","LocationAccuracy":"exact","Capacity":"0.4","CapacityUnits":"mtpa","CapacityMapScale":9320.0,"Tracker":"GGIT-LNG"}},{"type":"Feature","geometry":{"type":"Point","coordinates":[-151.38834,60.679484]},"properties":{"PipelineName":"Kenai LNG Terminal","SegmentName":"Unit Export Terminal","Status":"mothballed","Wiki":"https://www.gem.wiki/Kenai_LNG_Terminal","ProjectID":"T100000130231","UnitID":"G100002023101","CountriesOrAreas":"United States","StartState/Province":"Alaska","StartLocation":"Alaska, United States","Owner":"Harvest Alaska LLC [100%]","Operator":"Harvest Alaska","StartYear1":"1969","FuelType":"LNG","FacilityType":"export","LocationAccuracy":"exact","Capacity":"1.5","CapacityUnits":"mtpa","CapacityMapScale":34950.0,"Tracker":"GGIT-LNG"}},{"type":"Feature","geometry":{"type":"Point","coordinates":[79.8636832,7.0111339]},"properties":{"PipelineName":"Kerawalapitiya LNG Terminal","SegmentName":"","Status":"proposed","Wiki":"https://www.gem.wiki/Kerawalapitiya_LNG_Terminal","ProjectID":"T100000130316","UnitID":"G100002031600","CountriesOrAreas":"Sri Lanka","StartState/Province":"Western","StartLocation":"Western, Sri Lanka","Owner":"China Harbour Engineering Co Ltd [100%]","Operator":"","StartYear1":"","FuelType":"LNG","FacilityType":"import","LocationAccuracy":"approximate","Capacity":"2.7","CapacityUnits":"mtpa","CapacityMapScale":62910.0,"Tracker":"GGIT-LNG"}},{"type":"Feature","geometry":{"type":"Point","coordinates":[-71.404309,41.817118]},"properties":{"PipelineName":"Keyspan LNG Terminal","SegmentName":"","Status":"cancelled","Wiki":"https://www.gem.wiki/Keyspan_LNG_Terminal","ProjectID":"T100000130839","UnitID":"G100002083900","CountriesOrAreas":"United States","StartState/Province":"Rhode Island","StartLocation":"Rhode Island, United States","Owner":"Keyspan LNG LP","Operator":"","StartYear1":"","FuelType":"LNG","FacilityType":"import","LocationAccuracy":"approximate","Capacity":"4","CapacityUnits":"mtpa","CapacityMapScale":93200.0,"Tracker":"GGIT-LNG"}},{"type":"Feature","geometry":{"type":"Point","coordinates":[134.177474,49.540836]},"properties":{"PipelineName":"Khabarovskiy LNG Terminal","SegmentName":"","Status":"proposed","Wiki":"https://www.gem.wiki/Khabarovskiy_LNG_Terminal","ProjectID":"T100001047484","UnitID":"G100001054062","CountriesOrAreas":"Russia","StartState/Province":"Khabarovsk Krai","StartLocation":"Khabarovsk Krai, Russia","Owner":"Xinxing Far East Corporation - Khabarovskiy LNG LLC","Operator":"Xinxing Far East Corporation - Khabarovskiy LNG","StartYear1":"","FuelType":"LNG","FacilityType":"export","LocationAccuracy":"approximate","Capacity":"0.08","CapacityUnits":"mtpa","CapacityMapScale":1864.0,"Tracker":"GGIT-LNG"}},{"type":"Feature","geometry":{"type":"Point","coordinates":[109.215174,12.206079]},"properties":{"PipelineName":"Khanh Hoa LNG Terminal","SegmentName":"","Status":"cancelled","Wiki":"https://www.gem.wiki/Khanh_Hoa_LNG_Terminal","ProjectID":"T100000130979","UnitID":"G100002097900","CountriesOrAreas":"Vietnam","StartState/Province":"","StartLocation":"Vietnam","Owner":"Millennium Energy [100%]","Operator":"","StartYear1":"","FuelType":"LNG","FacilityType":"import","LocationAccuracy":"approximate","Capacity":"","CapacityUnits":"","CapacityMapScale":"","Tracker":"GGIT-LNG"}},{"type":"Feature","geometry":{"type":"Point","coordinates":[47.883483,30.195356]},"properties":{"PipelineName":"Khor Al-Zubair FSRU","SegmentName":"","Status":"proposed","Wiki":"https://www.gem.wiki/Khor_Al-Zubair_FSRU","ProjectID":"T100001048168","UnitID":"G100001055225","CountriesOrAreas":"Iraq","StartState/Province":"","StartLocation":"Iraq","Owner":"","Operator":"Excelerate Energy","StartYear1":"","FuelType":"LNG","FacilityType":"import","LocationAccuracy":"approximate","Capacity":"0.5","CapacityUnits":"bcf/d","CapacityMapScale":89355.5,"Tracker":"GGIT-LNG"}},{"type":"Feature","geometry":{"type":"Point","coordinates":[-128.753085,53.9254]},"properties":{"PipelineName":"Kitimat LNG Terminal","SegmentName":"Unit T1-T3","Status":"cancelled","Wiki":"https://www.gem.wiki/Kitimat_LNG_Terminal","ProjectID":"T100000130356","UnitID":"G100002035601","CountriesOrAreas":"Canada","StartState/Province":"","StartLocation":"Canada","Owner":"Chevron Canada Ltd [50%]; Woodside Energy Group Ltd [50%]","Operator":"Chevron Canada","StartYear1":"","FuelType":"LNG","FacilityType":"export","LocationAccuracy":"exact","Capacity":"18","CapacityUnits":"mtpa","CapacityMapScale":419400.0,"Tracker":"GGIT-LNG"}},{"type":"Feature","geometry":{"type":"Point","coordinates":[-129.498778,55.44354]},"properties":{"PipelineName":"Kitsault LNG Terminal","SegmentName":"","Status":"shelved","Wiki":"https://www.gem.wiki/Kitsault_LNG_Terminal","ProjectID":"T100000130357","UnitID":"G100002035701","CountriesOrAreas":"Canada","StartState/Province":"British Columbia","StartLocation":"British Columbia, Canada","Owner":"Kitsault Energy Ltd [100%]","Operator":"Kitsault Energy","StartYear1":"","FuelType":"LNG","FacilityType":"export","LocationAccuracy":"approximate","Capacity":"20","CapacityUnits":"mtpa","CapacityMapScale":466000.0,"Tracker":"GGIT-LNG"}},{"type":"Feature","geometry":{"type":"Point","coordinates":[52.7719129,40.1673615]},"properties":{"PipelineName":"Kiyanly LNG Terminal","SegmentName":"","Status":"operating","Wiki":"https://www.gem.wiki/Kiyanly_LNG_Terminal","ProjectID":"T100000130827","UnitID":"G100002082701","CountriesOrAreas":"Turkmenistan","StartState/Province":"","StartLocation":"Turkmenistan","Owner":"Pars Energy [100%]","Operator":"","StartYear1":"2009","FuelType":"LNG","FacilityType":"export","LocationAccuracy":"exact","Capacity":"0.2","CapacityUnits":"mtpa","CapacityMapScale":4660.0,"Tracker":"GGIT-LNG"}},{"type":"Feature","geometry":{"type":"Point","coordinates":[21.13762,55.66451]},"properties":{"PipelineName":"Klaipeda FSRU","SegmentName":"","Status":"operating","Wiki":"https://www.gem.wiki/Klaipeda_FSRU","ProjectID":"T100000130488","UnitID":"G100002048800","CountriesOrAreas":"Lithuania","StartState/Province":"","StartLocation":"Lithuania","Owner":"KN Energies AB [100%]","Operator":"Höegh LNG Klaipeda; KN Energies","StartYear1":"2014","FuelType":"LNG","FacilityType":"import","LocationAccuracy":"exact","Capacity":"2.9","CapacityUnits":"mtpa","CapacityMapScale":67570.0,"Tracker":"GGIT-LNG"}},{"type":"Feature","geometry":{"type":"Point","coordinates":[21.13762,55.66451]},"properties":{"PipelineName":"Klaipeda FSRU","SegmentName":"Unit Expansion","Status":"shelved","Wiki":"https://www.gem.wiki/Klaipeda_FSRU","ProjectID":"T100000130488","UnitID":"G100002048801","CountriesOrAreas":"Lithuania","StartState/Province":"","StartLocation":"Lithuania","Owner":"KN Energies AB [100%]","Operator":"Höegh LNG Klaipeda; KN Energies","StartYear1":"","FuelType":"LNG","FacilityType":"import","LocationAccuracy":"exact","Capacity":"2.5","CapacityUnits":"bcm/y","CapacityMapScale":42813.8,"Tracker":"GGIT-LNG"}},{"type":"Feature","geometry":{"type":"Point","coordinates":[21.097913,55.726385]},"properties":{"PipelineName":"Klaipeda Small-Scale LNG Terminal","SegmentName":"","Status":"operating","Wiki":"https://www.gem.wiki/Klaipeda_Small-Scale_LNG_Terminal","ProjectID":"T100001048134","UnitID":"G100001055133","CountriesOrAreas":"Lithuania","StartState/Province":"","StartLocation":"Lithuania","Owner":"KN Energies AB","Operator":"ORLEN","StartYear1":"2020","FuelType":"LNG","FacilityType":"import","LocationAccuracy":"exact","Capacity":"","CapacityUnits":"","CapacityMapScale":"","Tracker":"GGIT-LNG"}},{"type":"Feature","geometry":{"type":"Point","coordinates":[76.2261,9.9787]},"properties":{"PipelineName":"Kochi LNG Terminal","SegmentName":"","Status":"operating","Wiki":"https://www.gem.wiki/Kochi_LNG_Terminal","ProjectID":"T100000130447","UnitID":"G100002044700","CountriesOrAreas":"India","StartState/Province":"Kerala","StartLocation":"Kerala, India","Owner":"Petronet LNG Ltd [100%]","Operator":"","StartYear1":"2013","FuelType":"LNG","FacilityType":"import","LocationAccuracy":"exact","Capacity":"5","CapacityUnits":"mtpa","CapacityMapScale":116500.0,"Tracker":"GGIT-LNG"}},{"type":"Feature","geometry":{"type":"Point","coordinates":[126.6060975,37.008575]},"properties":{"PipelineName":"KOGAS Dangjin LNG Terminal","SegmentName":"Unit Phase 2","Status":"proposed","Wiki":"https://www.gem.wiki/KOGAS_Dangjin_LNG_Terminal","ProjectID":"T100000130612","UnitID":"G100001063877","CountriesOrAreas":"South Korea","StartState/Province":"South Chungcheong","StartLocation":"South Chungcheong, South Korea","Owner":"Korea Gas Corp [100%]","Operator":"","StartYear1":"","FuelType":"LNG","FacilityType":"import","LocationAccuracy":"approximate","Capacity":"7.7","CapacityUnits":"mtpa","CapacityMapScale":179410.0,"Tracker":"GGIT-LNG"}},{"type":"Feature","geometry":{"type":"Point","coordinates":[126.6060975,37.008575]},"properties":{"PipelineName":"KOGAS Dangjin LNG Terminal","SegmentName":"Unit Phase 1","Status":"construction","Wiki":"https://www.gem.wiki/KOGAS_Dangjin_LNG_Terminal","ProjectID":"T100000130612","UnitID":"G100002061200","CountriesOrAreas":"South Korea","StartState/Province":"South Chungcheong","StartLocation":"South Chungcheong, South Korea","Owner":"Korea Gas Corp [100%]","Operator":"","StartYear1":"","FuelType":"LNG","FacilityType":"import","LocationAccuracy":"approximate","Capacity":"6","CapacityUnits":"mtpa","CapacityMapScale":139800.0,"Tracker":"GGIT-LNG"}},{"type":"Feature","geometry":{"type":"Point","coordinates":[4.8333,60.55]},"properties":{"PipelineName":"Kollsnes LNG Terminal","SegmentName":"","Status":"operating","Wiki":"https://www.gem.wiki/Kollsnes_LNG_Terminal","ProjectID":"T100000130728","UnitID":"G100002072801","CountriesOrAreas":"Norway","StartState/Province":"","StartLocation":"Norway","Owner":"Equinor ASA; Molgas [TO BE DELETED]; TotalEnergies SE","Operator":"","StartYear1":"2003","FuelType":"LNG","FacilityType":"export","LocationAccuracy":"exact","Capacity":"0.04","CapacityUnits":"mtpa","CapacityMapScale":932.0,"Tracker":"GGIT-LNG"}},{"type":"Feature","geometry":{"type":"Point","coordinates":[4.8333,60.55]},"properties":{"PipelineName":"Kollsnes LNG Terminal","SegmentName":"Unit Expansion","Status":"operating","Wiki":"https://www.gem.wiki/Kollsnes_LNG_Terminal","ProjectID":"T100000130728","UnitID":"G100002072802","CountriesOrAreas":"Norway","StartState/Province":"","StartLocation":"Norway","Owner":"Equinor ASA; Molgas [TO BE DELETED]; TotalEnergies SE","Operator":"","StartYear1":"2007","FuelType":"LNG","FacilityType":"export","LocationAccuracy":"exact","Capacity":"0.08","CapacityUnits":"mtpa","CapacityMapScale":1864.0,"Tracker":"GGIT-LNG"}},{"type":"Feature","geometry":{"type":"Point","coordinates":[126.491,36.401]},"properties":{"PipelineName":"KOMIPO Boryeong LNG Terminal","SegmentName":"","Status":"cancelled","Wiki":"https://www.gem.wiki/KOMIPO_Boryeong_LNG_Terminal","ProjectID":"T100001083270","UnitID":"G100001093999","CountriesOrAreas":"South Korea","StartState/Province":"Chungcheongnam-do","StartLocation":"Chungcheongnam-do, South Korea","Owner":"Korea Midland Power Co Ltd [100%]","Operator":"","StartYear1":"","FuelType":"LNG","FacilityType":"import","LocationAccuracy":"approximate","Capacity":"0","CapacityUnits":"mtpa","CapacityMapScale":0.0,"Tracker":"GGIT-LNG"}},{"type":"Feature","geometry":{"type":"Point","coordinates":[127.8151171,34.9460394]},"properties":{"PipelineName":"KOSPO Hadong LNG Terminal","SegmentName":"","Status":"cancelled","Wiki":"https://www.gem.wiki/KOSPO_Hadong_LNG_Terminal","ProjectID":"T100001083277","UnitID":"G100001094010","CountriesOrAreas":"South Korea","StartState/Province":"Gyeongsangnam-do","StartLocation":"Gyeongsangnam-do, South Korea","Owner":"Korea Southern Power Co Ltd","Operator":"","StartYear1":"","FuelType":"LNG","FacilityType":"import","LocationAccuracy":"approximate","Capacity":"","CapacityUnits":"","CapacityMapScale":"","Tracker":"GGIT-LNG"}},{"type":"Feature","geometry":{"type":"Point","coordinates":[82.279,16.975]},"properties":{"PipelineName":"Krishna Godavari FSRU","SegmentName":"","Status":"cancelled","Wiki":"https://www.gem.wiki/Krishna_Godavari_FSRU","ProjectID":"T100000130449","UnitID":"G100002044900","CountriesOrAreas":"India","StartState/Province":"Andhra Pradesh","StartLocation":"Andhra Pradesh, India","Owner":"Krishna Godavari LNG Terminal Pvt Ltd [100%]","Operator":"","StartYear1":"","FuelType":"LNG","FacilityType":"import","LocationAccuracy":"exact","Capacity":"3.6","CapacityUnits":"mtpa","CapacityMapScale":83880.0,"Tracker":"GGIT-LNG"}},{"type":"Feature","geometry":{"type":"Point","coordinates":[80.115081,14.253863]},"properties":{"PipelineName":"Krishnapatnam FSRU","SegmentName":"","Status":"cancelled","Wiki":"https://www.gem.wiki/Krishnapatnam_FSRU","ProjectID":"T100000130852","UnitID":"G100002085200","CountriesOrAreas":"India","StartState/Province":"","StartLocation":"India","Owner":"Bharat Gas Resources Ltd [74%]; Petronet LNG Ltd [26%]","Operator":"","StartYear1":"","FuelType":"LNG","FacilityType":"import","LocationAccuracy":"approximate","Capacity":"1","CapacityUnits":"mtpa","CapacityMapScale":23300.0,"Tracker":"GGIT-LNG"}},{"type":"Feature","geometry":{"type":"Point","coordinates":[14.5341396,45.2010906]},"properties":{"PipelineName":"Krk FSRU","SegmentName":"","Status":"operating","Wiki":"https://www.gem.wiki/Krk_FSRU","ProjectID":"T100000130430","UnitID":"G100002043000","CountriesOrAreas":"Croatia","StartState/Province":"Primorje-Gorski Kotar","StartLocation":"Primorje-Gorski Kotar, Croatia","Owner":"LNG Croatia LLC [100%]","Operator":"Golar LNG; LNG Croatia","StartYear1":"2021","FuelType":"LNG","FacilityType":"import","LocationAccuracy":"exact","Capacity":"2.6","CapacityUnits":"bcm/y","CapacityMapScale":44526.3,"Tracker":"GGIT-LNG"}},{"type":"Feature","geometry":{"type":"Point","coordinates":[14.5341396,45.2010906]},"properties":{"PipelineName":"Krk FSRU","SegmentName":"Unit 2022 Capacity Expansion","Status":"operating","Wiki":"https://www.gem.wiki/Krk_FSRU","ProjectID":"T100000130430","UnitID":"G100002043001","CountriesOrAreas":"Croatia","StartState/Province":"Primorje-Gorski Kotar","StartLocation":"Primorje-Gorski Kotar, Croatia","Owner":"LNG Croatia LLC [100%]","Operator":"Golar LNG; LNG Croatia","StartYear1":"2022","FuelType":"LNG","FacilityType":"import","LocationAccuracy":"exact","Capacity":"0.3","CapacityUnits":"bcm/y","CapacityMapScale":5137.6,"Tracker":"GGIT-LNG"}},{"type":"Feature","geometry":{"type":"Point","coordinates":[14.5341396,45.2010906]},"properties":{"PipelineName":"Krk FSRU","SegmentName":"Unit Phase 1 Expansion","Status":"operating","Wiki":"https://www.gem.wiki/Krk_FSRU","ProjectID":"T100000130430","UnitID":"G100002043002","CountriesOrAreas":"Croatia","StartState/Province":"Primorje-Gorski Kotar","StartLocation":"Primorje-Gorski Kotar, Croatia","Owner":"LNG Croatia LLC [100%]","Operator":"Golar LNG; LNG Croatia","StartYear1":"2025","FuelType":"LNG","FacilityType":"import","LocationAccuracy":"exact","Capacity":"3.2","CapacityUnits":"bcm/y","CapacityMapScale":54801.6,"Tracker":"GGIT-LNG"}},{"type":"Feature","geometry":{"type":"Point","coordinates":[14.5341396,45.2010906]},"properties":{"PipelineName":"Krk FSRU","SegmentName":"Unit Phase 2 Expansion (Onshore)","Status":"proposed","Wiki":"https://www.gem.wiki/Krk_FSRU","ProjectID":"T100000130430","UnitID":"G100002043103","CountriesOrAreas":"Croatia","StartState/Province":"Primorje-Gorski Kotar","StartLocation":"Primorje-Gorski Kotar, Croatia","Owner":"LNG Croatia LLC [100%]","Operator":"Golar LNG; LNG Croatia","StartYear1":"","FuelType":"LNG","FacilityType":"import","LocationAccuracy":"exact","Capacity":"4.1","CapacityUnits":"bcm/y","CapacityMapScale":70214.6,"Tracker":"GGIT-LNG"}},{"type":"Feature","geometry":{"type":"Point","coordinates":[-130.176604,55.017941]},"properties":{"PipelineName":"Ksi Lisims FLNG Terminal","SegmentName":"","Status":"proposed","Wiki":"https://www.gem.wiki/Ksi_Lisims_FLNG_Terminal","ProjectID":"T100000130914","UnitID":"G100002091401","CountriesOrAreas":"Canada","StartState/Province":"British Columbia","StartLocation":"British Columbia, Canada","Owner":"Ksi Lisims LNG Tolling LP [100%]","Operator":"Ksi Lisims LNG Tolling","StartYear1":"","FuelType":"LNG","FacilityType":"export","LocationAccuracy":"exact","Capacity":"12","CapacityUnits":"mtpa","CapacityMapScale":279600.0,"Tracker":"GGIT-LNG"}},{"type":"Feature","geometry":{"type":"Point","coordinates":[88.002516,21.918011]},"properties":{"PipelineName":"Kukrahati LNG Terminal","SegmentName":"","Status":"cancelled","Wiki":"https://www.gem.wiki/Kukrahati_LNG_Terminal","ProjectID":"T100000130802","UnitID":"G100002080200","CountriesOrAreas":"India","StartState/Province":"West Bengal","StartLocation":"West Bengal, India","Owner":"Bengal Concessions Pvt Ltd [100%]","Operator":"","StartYear1":"","FuelType":"LNG","FacilityType":"import","LocationAccuracy":"approximate","Capacity":"3","CapacityUnits":"mtpa","CapacityMapScale":69900.0,"Tracker":"GGIT-LNG"}},{"type":"Feature","geometry":{"type":"Point","coordinates":[41.64131,42.272729]},"properties":{"PipelineName":"Kulevi LNG Terminal","SegmentName":"","Status":"cancelled","Wiki":"https://www.gem.wiki/Kulevi_LNG_Terminal","ProjectID":"T100000130910","UnitID":"G100002091000","CountriesOrAreas":"Georgia","StartState/Province":"","StartLocation":"Georgia","Owner":"State Oil Company of Azerbaijan Republic [100%]","Operator":"","StartYear1":"","FuelType":"LNG","FacilityType":"import","LocationAccuracy":"approximate","Capacity":"","CapacityUnits":"","CapacityMapScale":"","Tracker":"GGIT-LNG"}},{"type":"Feature","geometry":{"type":"Point","coordinates":[91.858333,21.816667]},"properties":{"PipelineName":"Kutubdia LNG Terminal (Petronet)","SegmentName":"","Status":"cancelled","Wiki":"https://www.gem.wiki/Kutubdia_LNG_Terminal_(Petronet)","ProjectID":"T100000130268","UnitID":"G100002026800","CountriesOrAreas":"Bangladesh","StartState/Province":"Chittagong","StartLocation":"Chittagong, Bangladesh","Owner":"Petronet LNG Ltd [100%]","Operator":"","StartYear1":"","FuelType":"LNG","FacilityType":"import","LocationAccuracy":"approximate","Capacity":"7.5","CapacityUnits":"mtpa","CapacityMapScale":174750.0,"Tracker":"GGIT-LNG"}},{"type":"Feature","geometry":{"type":"Point","coordinates":[91.858333,21.816667]},"properties":{"PipelineName":"Kutubdia (Reliance) FSRU","SegmentName":"","Status":"cancelled","Wiki":"https://www.gem.wiki/Kutubdia_(Reliance)_FSRU","ProjectID":"T100000130269","UnitID":"G100002026900","CountriesOrAreas":"Bangladesh","StartState/Province":"Chittagong","StartLocation":"Chittagong, Bangladesh","Owner":"Reliance Industries Ltd [100%]","Operator":"","StartYear1":"","FuelType":"LNG","FacilityType":"import","LocationAccuracy":"approximate","Capacity":"3.75","CapacityUnits":"mtpa","CapacityMapScale":87375.0,"Tracker":"GGIT-LNG"}},{"type":"Feature","geometry":{"type":"Point","coordinates":[-125.032749,48.883417]},"properties":{"PipelineName":"Kwispaa LNG Terminal","SegmentName":"Unit T1-T4","Status":"cancelled","Wiki":"https://www.gem.wiki/Kwispaa_LNG_Terminal","ProjectID":"T100000130366","UnitID":"G100002036601","CountriesOrAreas":"Canada","StartState/Province":"British Columbia","StartLocation":"British Columbia, Canada","Owner":"Steelhead LNG Corp [100%]","Operator":"","StartYear1":"","FuelType":"LNG","FacilityType":"export","LocationAccuracy":"approximate","Capacity":"24","CapacityUnits":"mtpa","CapacityMapScale":559200.0,"Tracker":"GGIT-LNG"}},{"type":"Feature","geometry":{"type":"Point","coordinates":[118.3307351,5.0241652]},"properties":{"PipelineName":"Lahad Datu LNG Terminal","SegmentName":"","Status":"proposed","Wiki":"https://www.gem.wiki/Lahad_Dat_LNG_Terminal","ProjectID":"T100001083710","UnitID":"G100001094851","CountriesOrAreas":"Malaysia","StartState/Province":"","StartLocation":"Malaysia","Owner":"Green Oscasaba Sdn Bhd; LNG Alliance Pte Ltd","Operator":"","StartYear1":"","FuelType":"LNG","FacilityType":"import","LocationAccuracy":"approximate","Capacity":"1.2","CapacityUnits":"mtpa","CapacityMapScale":27960.0,"Tracker":"GGIT-LNG"}},{"type":"Feature","geometry":{"type":"Point","coordinates":[118.34,5.03]},"properties":{"PipelineName":"Lahad Datu Sabah LNG Terminal","SegmentName":"","Status":"cancelled","Wiki":"https://www.gem.wiki/Lahad_Datu_Sabah_LNG_Terminal","ProjectID":"T100000130287","UnitID":"G100002028700","CountriesOrAreas":"Malaysia","StartState/Province":"Sabah","StartLocation":"Sabah, Malaysia","Owner":"Petroliam Nasional Bhd [80%]; Sabah Energy [20%]","Operator":"","StartYear1":"","FuelType":"LNG","FacilityType":"import","LocationAccuracy":"approximate","Capacity":"0.76","CapacityUnits":"mtpa","CapacityMapScale":17708.0,"Tracker":"GGIT-LNG"}},{"type":"Feature","geometry":{"type":"Point","coordinates":[-95.4018,19.2933]},"properties":{"PipelineName":"Lakach Field FLNG Terminal","SegmentName":"","Status":"shelved","Wiki":"https://www.gem.wiki/Lakach_Field_FLNG_Terminal","ProjectID":"T100000131068","UnitID":"G100002106801","CountriesOrAreas":"Mexico","StartState/Province":"Veracruz","StartLocation":"Veracruz, Mexico","Owner":"New Fortress Energy Inc [100%]","Operator":"New Fortress Energy; SCM (Sembcorp Marine); Sevan SSP","StartYear1":"","FuelType":"LNG","FacilityType":"export","LocationAccuracy":"approximate","Capacity":"1.4","CapacityUnits":"mtpa","CapacityMapScale":32620.0,"Tracker":"GGIT-LNG"}},{"type":"Feature","geometry":{"type":"Point","coordinates":[-93.287833,30.120416]},"properties":{"PipelineName":"Lake Charles LNG Terminal","SegmentName":"Unit Import Terminal","Status":"mothballed","Wiki":"https://www.gem.wiki/Lake_Charles_LNG_Terminal","ProjectID":"T100000130232","UnitID":"G100002023200","CountriesOrAreas":"United States","StartState/Province":"Louisiana","StartLocation":"Louisiana, United States","Owner":"","Operator":"Lake Charles LNG Export Company","StartYear1":"1982","FuelType":"LNG","FacilityType":"import","LocationAccuracy":"exact","Capacity":"17.9","CapacityUnits":"mtpa","CapacityMapScale":417070.0,"Tracker":"GGIT-LNG"}},{"type":"Feature","geometry":{"type":"Point","coordinates":[-93.287833,30.120416]},"properties":{"PipelineName":"Lake Charles LNG Terminal","SegmentName":"Unit Export Terminal (T1-T3)","Status":"shelved","Wiki":"https://www.gem.wiki/Lake_Charles_LNG_Terminal","ProjectID":"T100000130232","UnitID":"G100002023201","CountriesOrAreas":"United States","StartState/Province":"Louisiana","StartLocation":"Louisiana, United States","Owner":"","Operator":"Lake Charles LNG Export Company","StartYear1":"","FuelType":"LNG","FacilityType":"export","LocationAccuracy":"exact","Capacity":"17.8","CapacityUnits":"mtpa","CapacityMapScale":414740.0,"Tracker":"GGIT-LNG"}},{"type":"Feature","geometry":{"type":"Point","coordinates":[105.94,-5.45]},"properties":{"PipelineName":"Lampung FSRU","SegmentName":"","Status":"operating","Wiki":"https://www.gem.wiki/Lampung_FSRU","ProjectID":"T100000130283","UnitID":"G100002028300","CountriesOrAreas":"Indonesia","StartState/Province":"Lampung","StartLocation":"Lampung, Indonesia","Owner":"PT Pertamina Gas Negara Tbk","Operator":"Höegh Evi [TO BE DELETED]; PT Pertamina Gas Negara","StartYear1":"2014","FuelType":"LNG","FacilityType":"import","LocationAccuracy":"exact","Capacity":"2.7","CapacityUnits":"mtpa","CapacityMapScale":62910.0,"Tracker":"GGIT-LNG"}},{"type":"Feature","geometry":{"type":"Point","coordinates":[-87.843889,13.336944]},"properties":{"PipelineName":"La Unión FSRU","SegmentName":"","Status":"cancelled","Wiki":"https://www.gem.wiki/El_Salvador_FSRU","ProjectID":"T100000130568","UnitID":"G100002056800","CountriesOrAreas":"El Salvador","StartState/Province":"La Unión","StartLocation":"La Unión, El Salvador","Owner":"Cutuco Energy; Fonseca Energy","Operator":"","StartYear1":"","FuelType":"LNG","FacilityType":"import","LocationAccuracy":"approximate","Capacity":"0.5","CapacityUnits":"mtpa","CapacityMapScale":11650.0,"Tracker":"GGIT-LNG"}},{"type":"Feature","geometry":{"type":"Point","coordinates":[-102.169,17.927]},"properties":{"PipelineName":"Lazaro Cardenas LNG Terminal","SegmentName":"","Status":"cancelled","Wiki":"https://www.gem.wiki/Lazaro_Cardenas_LNG_Terminal","ProjectID":"T100000130572","UnitID":"G100002057200","CountriesOrAreas":"Mexico","StartState/Province":"Michoacán","StartLocation":"Michoacán, Mexico","Owner":"Repsol SA [100%]","Operator":"","StartYear1":"","FuelType":"LNG","FacilityType":"import","LocationAccuracy":"approximate","Capacity":"4","CapacityUnits":"bcm/y","CapacityMapScale":68502.0,"Tracker":"GGIT-LNG"}},{"type":"Feature","geometry":{"type":"Point","coordinates":[0.15421,49.65782]},"properties":{"PipelineName":"Le Havre-Antifer LNG Terminal","SegmentName":"","Status":"cancelled","Wiki":"https://www.gem.wiki/Le_Havre-Antifer_LNG_Terminal","ProjectID":"T100000130454","UnitID":"G100002045400","CountriesOrAreas":"France","StartState/Province":"Normandy","StartLocation":"Normandy, France","Owner":"Gaz de Normandie SAS [100%]","Operator":"","StartYear1":"","FuelType":"LNG","FacilityType":"import","LocationAccuracy":"approximate","Capacity":"7","CapacityUnits":"mtpa","CapacityMapScale":163100.0,"Tracker":"GGIT-LNG"}},{"type":"Feature","geometry":{"type":"Point","coordinates":[0.190062,49.4650721]},"properties":{"PipelineName":"Le Havre FSRU","SegmentName":"","Status":"retired","Wiki":"https://www.gem.wiki/Le_Havre_FSRU","ProjectID":"T100000131008","UnitID":"G100002100800","CountriesOrAreas":"France","StartState/Province":"Normandy","StartLocation":"Normandy, France","Owner":"TotalEnergies SE [100%]","Operator":"Hoegh Evi; Mitsui O.S.K. Lines; Tokyo LNG Tanker; TotalEnergies","StartYear1":"2023","FuelType":"LNG","FacilityType":"import","LocationAccuracy":"exact","Capacity":"5","CapacityUnits":"bcm/y","CapacityMapScale":85627.5,"Tracker":"GGIT-LNG"}},{"type":"Feature","geometry":{"type":"Point","coordinates":[121.412712,32.526845]},"properties":{"PipelineName":"Lianyungang LNG Terminal","SegmentName":"","Status":"cancelled","Wiki":"https://www.gem.wiki/Lianyungang_LNG_Terminal","ProjectID":"T100000130396","UnitID":"G100002039600","CountriesOrAreas":"China","StartState/Province":"Jiangsu","StartLocation":"Jiangsu, China","Owner":"China National Petroleum Corp [100%]","Operator":"","StartYear1":"","FuelType":"LNG","FacilityType":"import","LocationAccuracy":"approximate","Capacity":"3","CapacityUnits":"mtpa","CapacityMapScale":69900.0,"Tracker":"GGIT-LNG"}},{"type":"Feature","geometry":{"type":"Point","coordinates":[-74.010232,40.222884]},"properties":{"PipelineName":"Liberty FSRU","SegmentName":"","Status":"cancelled","Wiki":"https://www.gem.wiki/Liberty_FSRU","ProjectID":"T100000130658","UnitID":"G100002065800","CountriesOrAreas":"United States","StartState/Province":"New Jersey","StartLocation":"New Jersey, United States","Owner":"Sonde Resources Corp [100%]","Operator":"","StartYear1":"","FuelType":"LNG","FacilityType":"import","LocationAccuracy":"approximate","Capacity":"18","CapacityUnits":"mtpa","CapacityMapScale":419400.0,"Tracker":"GGIT-LNG"}},{"type":"Feature","geometry":{"type":"Point","coordinates":[147.148058,-9.478472]},"properties":{"PipelineName":"Liquid Niugini FLNG Terminal","SegmentName":"","Status":"cancelled","Wiki":"https://www.gem.wiki/Liquid_Niugini_FLNG_Terminal","ProjectID":"T100000130302","UnitID":"G100002030201","CountriesOrAreas":"Papua New Guinea","StartState/Province":"National Capital District","StartLocation":"National Capital District, Papua New Guinea","Owner":"Exxon Mobil Corp [52.5%]; Pacific LNG Operations Ltd [47.5%]","Operator":"Pacific LNG Operations","StartYear1":"","FuelType":"LNG","FacilityType":"export","LocationAccuracy":"approximate","Capacity":"5","CapacityUnits":"mtpa","CapacityMapScale":116500.0,"Tracker":"GGIT-LNG"}},{"type":"Feature","geometry":{"type":"Point","coordinates":[122.0804155,29.7083694]},"properties":{"PipelineName":"Liuheng LNG Terminal (Sinopec)","SegmentName":"Unit Phase 1","Status":"construction","Wiki":"https://www.gem.wiki/Liuheng_LNG_Terminal_(Sinopec)","ProjectID":"T100000130795","UnitID":"G100002079500","CountriesOrAreas":"China","StartState/Province":"Zhejiang","StartLocation":"Zhejiang, China","Owner":"Sinopec Zhoushan LNG Co Ltd [100%]","Operator":"","StartYear1":"","FuelType":"LNG","FacilityType":"import","LocationAccuracy":"exact","Capacity":"7.18","CapacityUnits":"mtpa","CapacityMapScale":167294.0,"Tracker":"GGIT-LNG"}},{"type":"Feature","geometry":{"type":"Point","coordinates":[122.0804155,29.7083694]},"properties":{"PipelineName":"Liuheng LNG Terminal (Sinopec)","SegmentName":"Unit Phase 2","Status":"proposed","Wiki":"https://www.gem.wiki/Liuheng_LNG_Terminal_(Sinopec)","ProjectID":"T100000130795","UnitID":"G100002079501","CountriesOrAreas":"China","StartState/Province":"Zhejiang","StartLocation":"Zhejiang, China","Owner":"Sinopec Zhoushan LNG Co Ltd [100%]","Operator":"","StartYear1":"","FuelType":"LNG","FacilityType":"import","LocationAccuracy":"exact","Capacity":"8","CapacityUnits":"mtpa","CapacityMapScale":186400.0,"Tracker":"GGIT-LNG"}},{"type":"Feature","geometry":{"type":"Point","coordinates":[122.0687615,29.7123128]},"properties":{"PipelineName":"Liuheng LNG Terminal (Zhejiang Energy)","SegmentName":"Unit Phase 1","Status":"construction","Wiki":"https://www.gem.wiki/Liuheng_LNG_Terminal_(Zhejiang_Energy)","ProjectID":"T100000130814","UnitID":"G100002081400","CountriesOrAreas":"China","StartState/Province":"Zhejiang","StartLocation":"Zhejiang, China","Owner":"Zhejiang Zheneng Liuheng LNG Co Ltd [100%]","Operator":"","StartYear1":"","FuelType":"LNG","FacilityType":"import","LocationAccuracy":"exact","Capacity":"6.35","CapacityUnits":"mtpa","CapacityMapScale":147955.0,"Tracker":"GGIT-LNG"}},{"type":"Feature","geometry":{"type":"Point","coordinates":[122.0687615,29.7123128]},"properties":{"PipelineName":"Liuheng LNG Terminal (Zhejiang Energy)","SegmentName":"Unit Phase 2","Status":"proposed","Wiki":"https://www.gem.wiki/Liuheng_LNG_Terminal_(Zhejiang_Energy)","ProjectID":"T100000130814","UnitID":"G100002081401","CountriesOrAreas":"China","StartState/Province":"Zhejiang","StartLocation":"Zhejiang, China","Owner":"Zhejiang Zheneng Liuheng LNG Co Ltd [100%]","Operator":"","StartYear1":"","FuelType":"LNG","FacilityType":"import","LocationAccuracy":"exact","Capacity":"5","CapacityUnits":"mtpa","CapacityMapScale":116500.0,"Tracker":"GGIT-LNG"}},{"type":"Feature","geometry":{"type":"Point","coordinates":[74.81257,12.926024]},"properties":{"PipelineName":"LNG Alliance Mangalore FSRU","SegmentName":"","Status":"cancelled","Wiki":"https://www.gem.wiki/LNG_Alliance_Mangalore_FSRU","ProjectID":"T100000131054","UnitID":"G100002105400","CountriesOrAreas":"India","StartState/Province":"Kakinada","StartLocation":"Kakinada, India","Owner":"LNG Alliance Pte Ltd; New Mangalore Port Authority","Operator":"LNG Alliance","StartYear1":"","FuelType":"LNG","FacilityType":"import","LocationAccuracy":"approximate","Capacity":"4","CapacityUnits":"mtpa","CapacityMapScale":93200.0,"Tracker":"GGIT-LNG"}},{"type":"Feature","geometry":{"type":"Point","coordinates":[-128.6879,54.0298]},"properties":{"PipelineName":"LNG Canada Terminal","SegmentName":"Unit Phase 1 (T1-T2)","Status":"operating","Wiki":"https://www.gem.wiki/LNG_Canada_Terminal","ProjectID":"T100000130358","UnitID":"G100002035801","CountriesOrAreas":"Canada","StartState/Province":"British Columbia","StartLocation":"British Columbia, Canada","Owner":"LNG Canada Development Inc [100%]","Operator":"LNG Canada Development","StartYear1":"2025","FuelType":"LNG","FacilityType":"export","LocationAccuracy":"exact","Capacity":"14","CapacityUnits":"mtpa","CapacityMapScale":326200.0,"Tracker":"GGIT-LNG"}},{"type":"Feature","geometry":{"type":"Point","coordinates":[-128.6879,54.0298]},"properties":{"PipelineName":"LNG Canada Terminal","SegmentName":"Unit Phase 2 (T3-T4)","Status":"operating","Wiki":"https://www.gem.wiki/LNG_Canada_Terminal","ProjectID":"T100000130358","UnitID":"G100002035803","CountriesOrAreas":"Canada","StartState/Province":"British Columbia","StartLocation":"British Columbia, Canada","Owner":"LNG Canada Development Inc [100%]","Operator":"LNG Canada Development","StartYear1":"","FuelType":"LNG","FacilityType":"export","LocationAccuracy":"exact","Capacity":"14","CapacityUnits":"mtpa","CapacityMapScale":326200.0,"Tracker":"GGIT-LNG"}},{"type":"Feature","geometry":{"type":"Point","coordinates":[66.977824,24.834334]},"properties":{"PipelineName":"LNG Easy Floating LNG Terminal","SegmentName":"","Status":"shelved","Wiki":"https://www.gem.wiki/LNG_Easy_Floating_LNG_Terminal","ProjectID":"T100000131104","UnitID":"G100002110400","CountriesOrAreas":"Pakistan","StartState/Province":"","StartLocation":"Pakistan","Owner":"LNG Easy; Punjab Group","Operator":"","StartYear1":"","FuelType":"LNG","FacilityType":"import","LocationAccuracy":"approximate","Capacity":"1","CapacityUnits":"mtpa","CapacityMapScale":23300.0,"Tracker":"GGIT-LNG"}},{"type":"Feature","geometry":{"type":"Point","coordinates":[130.5533017,61.7813438]},"properties":{"PipelineName":"LNG Yakutia Terminal","SegmentName":"Unit Phase I","Status":"shelved","Wiki":"https://www.gem.wiki/LNG_Yakutia_Terminal","ProjectID":"T100000131151","UnitID":"G100002115101","CountriesOrAreas":"Russia","StartState/Province":"Sakha Republic","StartLocation":"Sakha Republic, Russia","Owner":"LNG Yakutia LLC [100%]","Operator":"","StartYear1":"","FuelType":"LNG","FacilityType":"export","LocationAccuracy":"approximate","Capacity":"0.18","CapacityUnits":"mtpa","CapacityMapScale":4194.0,"Tracker":"GGIT-LNG"}},{"type":"Feature","geometry":{"type":"Point","coordinates":[130.5533017,61.7813438]},"properties":{"PipelineName":"LNG Yakutia Terminal","SegmentName":"Unit Phase II","Status":"shelved","Wiki":"https://www.gem.wiki/LNG_Yakutia_Terminal","ProjectID":"T100000131151","UnitID":"G100002115102","CountriesOrAreas":"Russia","StartState/Province":"Sakha Republic","StartLocation":"Sakha Republic, Russia","Owner":"LNG Yakutia LLC [100%]","Operator":"","StartYear1":"","FuelType":"LNG","FacilityType":"export","LocationAccuracy":"approximate","Capacity":"0.35","CapacityUnits":"mtpa","CapacityMapScale":8155.0,"Tracker":"GGIT-LNG"}},{"type":"Feature","geometry":{"type":"Point","coordinates":[106.73406,10.5716]},"properties":{"PipelineName":"Long An LNG Terminal","SegmentName":"","Status":"proposed","Wiki":"https://www.gem.wiki/Long_An_LNG_Terminal","ProjectID":"T100001057474","UnitID":"G100001065701","CountriesOrAreas":"Vietnam","StartState/Province":"","StartLocation":"Vietnam","Owner":"GS Energy Corp; VinaCapital Group Ltd","Operator":"","StartYear1":"","FuelType":"LNG","FacilityType":"import","LocationAccuracy":"approximate","Capacity":"","CapacityUnits":"","CapacityMapScale":"","Tracker":"GGIT-LNG"}},{"type":"Feature","geometry":{"type":"Point","coordinates":[-118.216458,33.754185]},"properties":{"PipelineName":"Long Beach LNG Terminal","SegmentName":"","Status":"cancelled","Wiki":"https://www.gem.wiki/Long_Beach_LNG_Terminal","ProjectID":"T100000130648","UnitID":"G100002064800","CountriesOrAreas":"United States","StartState/Province":"California","StartLocation":"California, United States","Owner":"ConocoPhillips Corp; Mitsubishi Corp","Operator":"","StartYear1":"","FuelType":"LNG","FacilityType":"import","LocationAccuracy":"approximate","Capacity":"5","CapacityUnits":"mtpa","CapacityMapScale":116500.0,"Tracker":"GGIT-LNG"}},{"type":"Feature","geometry":{"type":"Point","coordinates":[147.186563,-38.228479]},"properties":{"PipelineName":"Longford LNG Terminal","SegmentName":"","Status":"cancelled","Wiki":"https://www.gem.wiki/Longford_LNG_Terminal","ProjectID":"T100000130695","UnitID":"G100002069500","CountriesOrAreas":"Australia","StartState/Province":"Victoria","StartLocation":"Victoria, Australia","Owner":"Exxon Mobil Corp [100%]","Operator":"","StartYear1":"","FuelType":"LNG","FacilityType":"import","LocationAccuracy":"approximate","Capacity":"","CapacityUnits":"","CapacityMapScale":"","Tracker":"GGIT-LNG"}},{"type":"Feature","geometry":{"type":"Point","coordinates":[120.220284,37.680774]},"properties":{"PipelineName":"Longkou Nanshan LNG Terminal","SegmentName":"Unit Phase 1","Status":"construction","Wiki":"https://www.gem.wiki/Longkou_Nanshan_LNG_Terminal","ProjectID":"T100000130711","UnitID":"G100002071100","CountriesOrAreas":"China","StartState/Province":"Shandong","StartLocation":"Shandong, China","Owner":"National Pipe Network Group Nanshan (Shandong) Natural Gas Co Ltd [100%]","Operator":"","StartYear1":"","FuelType":"LNG","FacilityType":"import","LocationAccuracy":"exact","Capacity":"5","CapacityUnits":"mtpa","CapacityMapScale":116500.0,"Tracker":"GGIT-LNG"}},{"type":"Feature","geometry":{"type":"Point","coordinates":[120.220284,37.680774]},"properties":{"PipelineName":"Longkou Nanshan LNG Terminal","SegmentName":"Unit Phase 2 and 3","Status":"proposed","Wiki":"https://www.gem.wiki/Longkou_Nanshan_LNG_Terminal","ProjectID":"T100000130711","UnitID":"G100002071101","CountriesOrAreas":"China","StartState/Province":"Shandong","StartLocation":"Shandong, China","Owner":"National Pipe Network Group Nanshan (Shandong) Natural Gas Co Ltd [100%]","Operator":"","StartYear1":"","FuelType":"LNG","FacilityType":"import","LocationAccuracy":"exact","Capacity":"15","CapacityUnits":"mtpa","CapacityMapScale":349500.0,"Tracker":"GGIT-LNG"}},{"type":"Feature","geometry":{"type":"Point","coordinates":[107.053334,10.448768]},"properties":{"PipelineName":"Long Son LNG Terminal","SegmentName":"","Status":"proposed","Wiki":"https://www.gem.wiki/Long_Son_LNG_Terminal","ProjectID":"T100000130974","UnitID":"G100002097400","CountriesOrAreas":"Vietnam","StartState/Province":"Bà Rịa–Vũng Tàu","StartLocation":"Bà Rịa–Vũng Tàu, Vietnam","Owner":"Vietnam Electricity [TO BE DELETED] [100%]","Operator":"","StartYear1":"","FuelType":"LNG","FacilityType":"import","LocationAccuracy":"approximate","Capacity":"4.4","CapacityUnits":"mtpa","CapacityMapScale":102520.0,"Tracker":"GGIT-LNG"}},{"type":"Feature","geometry":{"type":"Point","coordinates":[-89.48,29.39]},"properties":{"PipelineName":"Louisiana LNG Terminal","SegmentName":"Unit T1-T2","Status":"cancelled","Wiki":"https://www.gem.wiki/Louisiana_LNG_Terminal","ProjectID":"T100000130233","UnitID":"G100002023301","CountriesOrAreas":"United States","StartState/Province":"Louisiana","StartLocation":"Louisiana, United States","Owner":"Louisiana LNG Energy LLC [100%]","Operator":"","StartYear1":"","FuelType":"LNG","FacilityType":"export","LocationAccuracy":"approximate","Capacity":"5","CapacityUnits":"mtpa","CapacityMapScale":116500.0,"Tracker":"GGIT-LNG"}},{"type":"Feature","geometry":{"type":"Point","coordinates":[-90.0220447,28.8598185]},"properties":{"PipelineName":"Louisiana Offshore Oil Port","SegmentName":"","Status":"operating","Wiki":"https://www.gem.wiki/Louisiana_Offshore_Oil_Port","ProjectID":"T100000130744","UnitID":"G100002074400","CountriesOrAreas":"United States","StartState/Province":"Louisiana","StartLocation":"Louisiana, United States","Owner":"LOOP LLC [100%]","Operator":"","StartYear1":"2018","FuelType":"Oil","FacilityType":"export","LocationAccuracy":"exact","Capacity":"150000","CapacityUnits":"bpd","CapacityMapScale":150000.0,"Tracker":"GGIT-LNG"}},{"type":"Feature","geometry":{"type":"Point","coordinates":[13.645319,54.153332]},"properties":{"PipelineName":"Lubmin FSRU","SegmentName":"Unit LNG import terminal","Status":"retired","Wiki":"https://www.gem.wiki/Lubmin_FSRU","ProjectID":"T100000131077","UnitID":"G100002107700","CountriesOrAreas":"Germany","StartState/Province":"","StartLocation":"Germany","Owner":"","Operator":"","StartYear1":"2023","FuelType":"LNG","FacilityType":"import","LocationAccuracy":"approximate","Capacity":"5.2","CapacityUnits":"bcm/y","CapacityMapScale":89052.6,"Tracker":"GGIT-LNG"}},{"type":"Feature","geometry":{"type":"Point","coordinates":[13.645319,54.153332]},"properties":{"PipelineName":"Lubmin FSRU","SegmentName":"Unit Hydrogen import terminal","Status":"proposed","Wiki":"https://www.gem.wiki/Lubmin_FSRU","ProjectID":"T100000131077","UnitID":"G100002107701","CountriesOrAreas":"Germany","StartState/Province":"","StartLocation":"Germany","Owner":"","Operator":"","StartYear1":"","FuelType":"NH3","FacilityType":"import","LocationAccuracy":"approximate","Capacity":"","CapacityUnits":"","CapacityMapScale":"","Tracker":"GGIT-LNG"}},{"type":"Feature","geometry":{"type":"Point","coordinates":[13.555555,54.153332]},"properties":{"PipelineName":"Lubmin RWE FSRU","SegmentName":"","Status":"shelved","Wiki":"https://www.gem.wiki/Lubmin_RWE_FSRU","ProjectID":"T100000131098","UnitID":"G100002109800","CountriesOrAreas":"Germany","StartState/Province":"","StartLocation":"Germany","Owner":"RWE AG; Stena Power & LNG Solutions","Operator":"Deutsche Energy Terminal","StartYear1":"","FuelType":"LNG","FacilityType":"import","LocationAccuracy":"approximate","Capacity":"5","CapacityUnits":"bcm/y","CapacityMapScale":85627.5,"Tracker":"GGIT-LNG"}},{"type":"Feature","geometry":{"type":"Point","coordinates":[100.603086,4.240434]},"properties":{"PipelineName":"Lumut FSRU","SegmentName":"","Status":"proposed","Wiki":"https://www.gem.wiki/Lumut_LNG_Terminal","ProjectID":"T100001057502","UnitID":"G100001065733","CountriesOrAreas":"Malaysia","StartState/Province":"","StartLocation":"Malaysia","Owner":"Integrax Bhd; Petronas Gas Bhd","Operator":"MISC","StartYear1":"","FuelType":"LNG","FacilityType":"import","LocationAccuracy":"approximate","Capacity":"500","CapacityUnits":"MMcf/d","CapacityMapScale":89355.5,"Tracker":"GGIT-LNG"}},{"type":"Feature","geometry":{"type":"Point","coordinates":[11.4295459,58.3485658]},"properties":{"PipelineName":"Lysekil LNG Terminal","SegmentName":"","Status":"operating","Wiki":"https://www.gem.wiki/Lysekil_LNG_Terminal","ProjectID":"T100000130687","UnitID":"G100002068700","CountriesOrAreas":"Sweden","StartState/Province":"","StartLocation":"Sweden","Owner":"Gasum Oyj [100%]","Operator":"Gasum","StartYear1":"2014","FuelType":"LNG","FacilityType":"import","LocationAccuracy":"exact","Capacity":"0.2","CapacityUnits":"mtpa","CapacityMapScale":4660.0,"Tracker":"GGIT-LNG"}},{"type":"Feature","geometry":{"type":"Point","coordinates":[113.2767,-7.371]},"properties":{"PipelineName":"Madura FLNG Terminal","SegmentName":"","Status":"shelved","Wiki":"https://www.gem.wiki/Madura_FLNG_Terminal","ProjectID":"T100000131147","UnitID":"G100002114700","CountriesOrAreas":"Indonesia","StartState/Province":"","StartLocation":"Indonesia","Owner":"Bumi Armada; Pertamina International Shipping","Operator":"","StartYear1":"","FuelType":"LNG","FacilityType":"export","LocationAccuracy":"approximate","Capacity":"","CapacityUnits":"","CapacityMapScale":"","Tracker":"GGIT-LNG"}},{"type":"Feature","geometry":{"type":"Point","coordinates":[-93.300819,30.105668]},"properties":{"PipelineName":"Magnolia LNG Terminal","SegmentName":"Unit T1-T4","Status":"proposed","Wiki":"https://www.gem.wiki/Magnolia_LNG_Terminal","ProjectID":"T100000130234","UnitID":"G100002023401","CountriesOrAreas":"United States","StartState/Province":"Louisiana","StartLocation":"Louisiana, United States","Owner":"Magnolia LNG LLC [100%]","Operator":"LNG","StartYear1":"","FuelType":"LNG","FacilityType":"export","LocationAccuracy":"exact","Capacity":"8.8","CapacityUnits":"mtpa","CapacityMapScale":205040.0,"Tracker":"GGIT-LNG"}},{"type":"Feature","geometry":{"type":"Point","coordinates":[120.168057,23.7650176]},"properties":{"PipelineName":"Mailiao LNG Terminal","SegmentName":"Unit Phase 1","Status":"construction","Wiki":"https://www.gem.wiki/Mailiao_LNG_Terminal","ProjectID":"T100000131108","UnitID":"G100002110800","CountriesOrAreas":"Taiwan","StartState/Province":"Yunlin","StartLocation":"Yunlin, Taiwan","Owner":"Mai-Liao Power Corp [100%]","Operator":"","StartYear1":"","FuelType":"LNG","FacilityType":"import","LocationAccuracy":"exact","Capacity":"6","CapacityUnits":"mtpa","CapacityMapScale":139800.0,"Tracker":"GGIT-LNG"}},{"type":"Feature","geometry":{"type":"Point","coordinates":[-88.759444,29.265556]},"properties":{"PipelineName":"Main Pass Energy Hub FLNG Terminal","SegmentName":"Unit T1-T6","Status":"cancelled","Wiki":"https://www.gem.wiki/Main_Pass_Energy_Hub_FLNG_Terminal","ProjectID":"T100000130636","UnitID":"G100002063601","CountriesOrAreas":"United States","StartState/Province":"Louisiana","StartLocation":"Louisiana, United States","Owner":"FreePort-McMoran Inc [50%]; United LNG LP [50%]","Operator":"","StartYear1":"","FuelType":"LNG","FacilityType":"export","LocationAccuracy":"approximate","Capacity":"24","CapacityUnits":"mtpa","CapacityMapScale":559200.0,"Tracker":"GGIT-LNG"}},{"type":"Feature","geometry":{"type":"Point","coordinates":[-123.521699,48.584656]},"properties":{"PipelineName":"Malahat LNG Terminal","SegmentName":"","Status":"cancelled","Wiki":"https://www.gem.wiki/Malahat_LNG_Terminal","ProjectID":"T100000130359","UnitID":"G100002035901","CountriesOrAreas":"Canada","StartState/Province":"British Columbia","StartLocation":"British Columbia, Canada","Owner":"Steelhead LNG Corp [100%]","Operator":"","StartYear1":"","FuelType":"LNG","FacilityType":"export","LocationAccuracy":"exact","Capacity":"6","CapacityUnits":"mtpa","CapacityMapScale":139800.0,"Tracker":"GGIT-LNG"}},{"type":"Feature","geometry":{"type":"Point","coordinates":[-71.7363615,19.699116]},"properties":{"PipelineName":"Manzanillo Gas & Power LNG Terminal","SegmentName":"","Status":"construction","Wiki":"https://www.gem.wiki/Manzanillo_Gas","ProjectID":"T100001084797","UnitID":"G100001096346","CountriesOrAreas":"Dominican Republic","StartState/Province":"","StartLocation":"Dominican Republic","Owner":"Manzanillo Gas & Power SA","Operator":"Manzanillo Gas & Power","StartYear1":"","FuelType":"LNG","FacilityType":"import","LocationAccuracy":"approximate","Capacity":"1","CapacityUnits":"mtpa","CapacityMapScale":23300.0,"Tracker":"GGIT-LNG"}},{"type":"Feature","geometry":{"type":"Point","coordinates":[-104.26258,19.01102]},"properties":{"PipelineName":"Manzanillo (Mexico) LNG Terminal","SegmentName":"","Status":"operating","Wiki":"https://www.gem.wiki/Manzanillo_(Mexico)_LNG_Terminal","ProjectID":"T100000130573","UnitID":"G100002057300","CountriesOrAreas":"Mexico","StartState/Province":"Colima","StartLocation":"Colima, Mexico","Owner":"Mitsui Group [37.5%]; Samsung C&T Corp [37.5%]; KOGAS Canada Ltd [25%]","Operator":"Terminal KMS","StartYear1":"2012","FuelType":"LNG","FacilityType":"import","LocationAccuracy":"exact","Capacity":"3.8","CapacityUnits":"mtpa","CapacityMapScale":88540.0,"Tracker":"GGIT-LNG"}},{"type":"Feature","geometry":{"type":"Point","coordinates":[101.159533,12.651686]},"properties":{"PipelineName":"Map Ta Phut LNG Terminal 1","SegmentName":"","Status":"operating","Wiki":"https://www.gem.wiki/Map_Ta_Phut_LNG_Terminal_1","ProjectID":"T100000130321","UnitID":"G100002032100","CountriesOrAreas":"Thailand","StartState/Province":"Rayong","StartLocation":"Rayong, Thailand","Owner":"PTT LNG Co Ltd [100%]","Operator":"","StartYear1":"2011","FuelType":"LNG","FacilityType":"import","LocationAccuracy":"exact","Capacity":"10","CapacityUnits":"mtpa","CapacityMapScale":233000.0,"Tracker":"GGIT-LNG"}},{"type":"Feature","geometry":{"type":"Point","coordinates":[101.159533,12.651686]},"properties":{"PipelineName":"Map Ta Phut LNG Terminal 1","SegmentName":"Unit Expansion","Status":"operating","Wiki":"https://www.gem.wiki/Map_Ta_Phut_LNG_Terminal_1","ProjectID":"T100000130321","UnitID":"G100002032101","CountriesOrAreas":"Thailand","StartState/Province":"Rayong","StartLocation":"Rayong, Thailand","Owner":"PTT LNG Co Ltd [100%]","Operator":"","StartYear1":"2019","FuelType":"LNG","FacilityType":"import","LocationAccuracy":"exact","Capacity":"1.5","CapacityUnits":"mtpa","CapacityMapScale":34950.0,"Tracker":"GGIT-LNG"}},{"type":"Feature","geometry":{"type":"Point","coordinates":[101.1178382,12.6791481]},"properties":{"PipelineName":"Map Ta Phut LNG Terminal 2","SegmentName":"","Status":"operating","Wiki":"https://www.gem.wiki/Map_Ta_Phut_LNG_Terminal_2","ProjectID":"T100000130322","UnitID":"G100002032200","CountriesOrAreas":"Thailand","StartState/Province":"Rayong","StartLocation":"Rayong, Thailand","Owner":"PE LNG Co Ltd [100%]","Operator":"","StartYear1":"2023","FuelType":"LNG","FacilityType":"import","LocationAccuracy":"exact","Capacity":"7.5","CapacityUnits":"mtpa","CapacityMapScale":174750.0,"Tracker":"GGIT-LNG"}},{"type":"Feature","geometry":{"type":"Point","coordinates":[101.138036,12.6610311]},"properties":{"PipelineName":"Map Ta Phut LNG Terminal 3","SegmentName":"Unit Phase I","Status":"construction","Wiki":"https://www.gem.wiki/Map_Ta_Phut_LNG_Terminal_3","ProjectID":"T100000130894","UnitID":"G100002089400","CountriesOrAreas":"Thailand","StartState/Province":"","StartLocation":"Thailand","Owner":"Gulf MPT LNG Terminal Co Ltd [100%]","Operator":"","StartYear1":"","FuelType":"LNG","FacilityType":"import","LocationAccuracy":"approximate","Capacity":"5","CapacityUnits":"mtpa","CapacityMapScale":116500.0,"Tracker":"GGIT-LNG"}},{"type":"Feature","geometry":{"type":"Point","coordinates":[101.138036,12.6610311]},"properties":{"PipelineName":"Map Ta Phut LNG Terminal 3","SegmentName":"Unit Phase II","Status":"proposed","Wiki":"https://www.gem.wiki/Map_Ta_Phut_LNG_Terminal_3","ProjectID":"T100000130894","UnitID":"G100002089401","CountriesOrAreas":"Thailand","StartState/Province":"","StartLocation":"Thailand","Owner":"Gulf MPT LNG Terminal Co Ltd [100%]","Operator":"","StartYear1":"","FuelType":"LNG","FacilityType":"import","LocationAccuracy":"approximate","Capacity":"5.8","CapacityUnits":"mtpa","CapacityMapScale":135140.0,"Tracker":"GGIT-LNG"}},{"type":"Feature","geometry":{"type":"Point","coordinates":[120.5129944,14.428049]},"properties":{"PipelineName":"Mariveles Samat LNG Terminal","SegmentName":"","Status":"shelved","Wiki":"https://www.gem.wiki/Mariveles_LNG_Terminal","ProjectID":"T100000130307","UnitID":"G100002030700","CountriesOrAreas":"Philippines","StartState/Province":"Bataan","StartLocation":"Bataan, Philippines","Owner":"Samat LNG Corp [100%]","Operator":"Samat LNG","StartYear1":"","FuelType":"LNG","FacilityType":"import","LocationAccuracy":"approximate","Capacity":"0.4","CapacityUnits":"mtpa","CapacityMapScale":9320.0,"Tracker":"GGIT-LNG"}},{"type":"Feature","geometry":{"type":"Point","coordinates":[27.9860703,40.9920172]},"properties":{"PipelineName":"Marmara LNG Terminal","SegmentName":"","Status":"operating","Wiki":"https://www.gem.wiki/Marmara_LNG_Terminal","ProjectID":"T100000130545","UnitID":"G100002054500","CountriesOrAreas":"Türkiye","StartState/Province":"Tekirdag","StartLocation":"Tekirdag, Türkiye","Owner":"BOTAŞ AŞ [100%]","Operator":"BOTAŞ","StartYear1":"1994","FuelType":"LNG","FacilityType":"import","LocationAccuracy":"exact","Capacity":"8.8","CapacityUnits":"mtpa","CapacityMapScale":205040.0,"Tracker":"GGIT-LNG"}},{"type":"Feature","geometry":{"type":"Point","coordinates":[19.5935,30.40675]},"properties":{"PipelineName":"Marsa El Brega LNG Terminal","SegmentName":"Unit T1","Status":"mothballed","Wiki":"https://www.gem.wiki/Marsa_El_Brega_LNG_Terminal","ProjectID":"T100000130255","UnitID":"G100002025501","CountriesOrAreas":"Libya","StartState/Province":"Cyrenaica","StartLocation":"Cyrenaica, Libya","Owner":"Sirte Oil Co [100%]","Operator":"","StartYear1":"1970","FuelType":"LNG","FacilityType":"export","LocationAccuracy":"exact","Capacity":"0.8","CapacityUnits":"mtpa","CapacityMapScale":18640.0,"Tracker":"GGIT-LNG"}},{"type":"Feature","geometry":{"type":"Point","coordinates":[19.5935,30.40675]},"properties":{"PipelineName":"Marsa El Brega LNG Terminal","SegmentName":"Unit T2","Status":"mothballed","Wiki":"https://www.gem.wiki/Marsa_El_Brega_LNG_Terminal","ProjectID":"T100000130255","UnitID":"G100002025502","CountriesOrAreas":"Libya","StartState/Province":"Cyrenaica","StartLocation":"Cyrenaica, Libya","Owner":"Sirte Oil Co [100%]","Operator":"","StartYear1":"1970","FuelType":"LNG","FacilityType":"export","LocationAccuracy":"exact","Capacity":"0.8","CapacityUnits":"mtpa","CapacityMapScale":18640.0,"Tracker":"GGIT-LNG"}},{"type":"Feature","geometry":{"type":"Point","coordinates":[19.5935,30.40675]},"properties":{"PipelineName":"Marsa El Brega LNG Terminal","SegmentName":"Unit T3","Status":"mothballed","Wiki":"https://www.gem.wiki/Marsa_El_Brega_LNG_Terminal","ProjectID":"T100000130255","UnitID":"G100002025503","CountriesOrAreas":"Libya","StartState/Province":"Cyrenaica","StartLocation":"Cyrenaica, Libya","Owner":"Sirte Oil Co [100%]","Operator":"","StartYear1":"1970","FuelType":"LNG","FacilityType":"export","LocationAccuracy":"exact","Capacity":"0.8","CapacityUnits":"mtpa","CapacityMapScale":18640.0,"Tracker":"GGIT-LNG"}},{"type":"Feature","geometry":{"type":"Point","coordinates":[19.5935,30.40675]},"properties":{"PipelineName":"Marsa El Brega LNG Terminal","SegmentName":"Unit T4","Status":"mothballed","Wiki":"https://www.gem.wiki/Marsa_El_Brega_LNG_Terminal","ProjectID":"T100000130255","UnitID":"G100002025504","CountriesOrAreas":"Libya","StartState/Province":"Cyrenaica","StartLocation":"Cyrenaica, Libya","Owner":"Sirte Oil Co [100%]","Operator":"","StartYear1":"1970","FuelType":"LNG","FacilityType":"export","LocationAccuracy":"exact","Capacity":"0.8","CapacityUnits":"mtpa","CapacityMapScale":18640.0,"Tracker":"GGIT-LNG"}},{"type":"Feature","geometry":{"type":"Point","coordinates":[56.6290504,24.4887571]},"properties":{"PipelineName":"Marsa LNG Terminal","SegmentName":"","Status":"construction","Wiki":"https://www.gem.wiki/Marsa_LNG","ProjectID":"T100001083794","UnitID":"G100001094993","CountriesOrAreas":"Oman","StartState/Province":"","StartLocation":"Oman","Owner":"Marsa LNG LLC [100%]","Operator":"Marsa LNG","StartYear1":"","FuelType":"LNG","FacilityType":"export","LocationAccuracy":"exact","Capacity":"1","CapacityUnits":"mtpa","CapacityMapScale":23300.0,"Tracker":"GGIT-LNG"}},{"type":"Feature","geometry":{"type":"Point","coordinates":[20.3220541,55.0259824]},"properties":{"PipelineName":"Marshal Vasilevskiy FSRU","SegmentName":"","Status":"idled","Wiki":"https://www.gem.wiki/Marshal_Vasilevskiy_FSRU","ProjectID":"T100000130831","UnitID":"G100002083100","CountriesOrAreas":"Russia","StartState/Province":"Kaliningrad Oblast","StartLocation":"Kaliningrad Oblast, Russia","Owner":"Gazprom Flot LLC [100%]","Operator":"Sovcomflot","StartYear1":"2019","FuelType":"LNG","FacilityType":"import","LocationAccuracy":"approximate","Capacity":"5.11","CapacityUnits":"bcm/y","CapacityMapScale":87511.3,"Tracker":"GGIT-LNG"}},{"type":"Feature","geometry":{"type":"Point","coordinates":[67.333333,24.766667]},"properties":{"PipelineName":"Mashal LNG Terminal","SegmentName":"","Status":"cancelled","Wiki":"https://www.gem.wiki/Mashal_LNG_Terminal","ProjectID":"T100000130297","UnitID":"G100002029700","CountriesOrAreas":"Pakistan","StartState/Province":"Sindh","StartLocation":"Sindh, Pakistan","Owner":"4Gas BV [100%]","Operator":"","StartYear1":"","FuelType":"LNG","FacilityType":"import","LocationAccuracy":"approximate","Capacity":"3.5","CapacityUnits":"mtpa","CapacityMapScale":81550.0,"Tracker":"GGIT-LNG"}},{"type":"Feature","geometry":{"type":"Point","coordinates":[91.8896,21.7281]},"properties":{"PipelineName":"Matarbari GE LNG Terminal","SegmentName":"Unit GE Terminal","Status":"cancelled","Wiki":"https://www.gem.wiki/Matarbari_GE_LNG_Terminal","ProjectID":"T100000131144","UnitID":"G100002114400","CountriesOrAreas":"Bangladesh","StartState/Province":"Chittagong","StartLocation":"Chittagong, Bangladesh","Owner":"Bangladesh Power Development Board [TO BE DELETED] [51%]; GE [30%]","Operator":"","StartYear1":"","FuelType":"LNG","FacilityType":"import","LocationAccuracy":"approximate","Capacity":"3.5","CapacityUnits":"mtpa","CapacityMapScale":81550.0,"Tracker":"GGIT-LNG"}},{"type":"Feature","geometry":{"type":"Point","coordinates":[32.506834,-25.966562]},"properties":{"PipelineName":"Matola FSRU","SegmentName":"","Status":"proposed","Wiki":"https://www.gem.wiki/Matola_FSRU","ProjectID":"T100000130825","UnitID":"G100002082500","CountriesOrAreas":"Mozambique","StartState/Province":"","StartLocation":"Mozambique","Owner":"Matola Gas Co; TotalEnergies SE","Operator":"","StartYear1":"","FuelType":"LNG","FacilityType":"import","LocationAccuracy":"approximate","Capacity":"2.5","CapacityUnits":"mtpa","CapacityMapScale":58250.0,"Tracker":"GGIT-LNG"}},{"type":"Feature","geometry":{"type":"Point","coordinates":[-72.3202618,18.6779289]},"properties":{"PipelineName":"Maurice Bonnefil LNG Terminal","SegmentName":"","Status":"cancelled","Wiki":"https://www.gem.wiki/Maurice_Bonnefil_LNG_Terminal","ProjectID":"T100000130665","UnitID":"G100002066500","CountriesOrAreas":"Haiti","StartState/Province":"","StartLocation":"Haiti","Owner":"Haytrac Power & Gaz SA [100%]","Operator":"","StartYear1":"","FuelType":"LNG","FacilityType":"import","LocationAccuracy":"exact","Capacity":"","CapacityUnits":"","CapacityMapScale":"","Tracker":"GGIT-LNG"}},{"type":"Feature","geometry":{"type":"Point","coordinates":[57.420697,-20.105785]},"properties":{"PipelineName":"Mauritius FSRU","SegmentName":"","Status":"shelved","Wiki":"https://www.gem.wiki/Mauritius_FSRU","ProjectID":"T100000131079","UnitID":"G100002107900","CountriesOrAreas":"Mauritius","StartState/Province":"","StartLocation":"Mauritius","Owner":"unknown","Operator":"","StartYear1":"","FuelType":"LNG","FacilityType":"import","LocationAccuracy":"approximate","Capacity":"","CapacityUnits":"","CapacityMapScale":"","Tracker":"GGIT-LNG"}},{"type":"Feature","geometry":{"type":"Point","coordinates":[96.2607481,16.6524775]},"properties":{"PipelineName":"MCV LNG Terminal","SegmentName":"","Status":"operating","Wiki":"https://www.gem.wiki/MCV_LNG_Terminal","ProjectID":"T100000130882","UnitID":"G100002088200","CountriesOrAreas":"Myanmar","StartState/Province":"","StartLocation":"Myanmar","Owner":"MCV Terminal Ltd","Operator":"CNTIC VPower Group Holdings; MCV Terminal","StartYear1":"2020","FuelType":"LNG","FacilityType":"import","LocationAccuracy":"exact","Capacity":"0.5","CapacityUnits":"mtpa","CapacityMapScale":11650.0,"Tracker":"GGIT-LNG"}},{"type":"Feature","geometry":{"type":"Point","coordinates":[94.7881145,17.0275567]},"properties":{"PipelineName":"Mee Laung Gyaing FSRU","SegmentName":"","Status":"cancelled","Wiki":"https://www.gem.wiki/Mee_Laung_Gyaing_FSRU","ProjectID":"T100000130880","UnitID":"G100002088000","CountriesOrAreas":"Myanmar","StartState/Province":"Ayeyawady","StartLocation":"Ayeyawady, Myanmar","Owner":"Supreme Trading Co Ltd [80%]; Zhefu Holding Group Co Ltd [20%]","Operator":"","StartYear1":"","FuelType":"LNG","FacilityType":"import","LocationAccuracy":"approximate","Capacity":"","CapacityUnits":"","CapacityMapScale":"","Tracker":"GGIT-LNG"}},{"type":"Feature","geometry":{"type":"Point","coordinates":[-70.366058,-23.058828]},"properties":{"PipelineName":"Mejillones LNG Terminal","SegmentName":"","Status":"operating","Wiki":"https://www.gem.wiki/Mejillones_LNG_Terminal","ProjectID":"T100000130556","UnitID":"G100002055600","CountriesOrAreas":"Chile","StartState/Province":"Antofagasta","StartLocation":"Antofagasta, Chile","Owner":"ENGIE SA [63%]; Ameris Capital [37%]","Operator":"Sociedad GNL Mejillones","StartYear1":"2010","FuelType":"LNG","FacilityType":"import","LocationAccuracy":"exact","Capacity":"1.5","CapacityUnits":"mtpa","CapacityMapScale":34950.0,"Tracker":"GGIT-LNG"}},{"type":"Feature","geometry":{"type":"Point","coordinates":[102.1234396,2.2444375]},"properties":{"PipelineName":"Melaka LNG Terminal","SegmentName":"","Status":"operating","Wiki":"https://www.gem.wiki/Melaka_FSRU","ProjectID":"T100000130290","UnitID":"G100002029000","CountriesOrAreas":"Malaysia","StartState/Province":"Kuala Lumpur","StartLocation":"Kuala Lumpur, Malaysia","Owner":"Regasification Terminal Sungai Udang Sdn Bhd [100%]","Operator":"MISC; Petronas Gas; Regasification Terminal Sungai Udang","StartYear1":"2013","FuelType":"LNG","FacilityType":"import","LocationAccuracy":"exact","Capacity":"3.8","CapacityUnits":"mtpa","CapacityMapScale":88540.0,"Tracker":"GGIT-LNG"}},{"type":"Feature","geometry":{"type":"Point","coordinates":[48.1609009,29.0713773]},"properties":{"PipelineName":"Mina Al-Ahmadi LNG Terminal","SegmentName":"Unit Explorer FSRU","Status":"idled","Wiki":"https://www.gem.wiki/Mina_Al-Ahmadi_LNG_Terminal","ProjectID":"T100000130592","UnitID":"G100002059200","CountriesOrAreas":"Kuwait","StartState/Province":"Al Ahmadi","StartLocation":"Al Ahmadi, Kuwait","Owner":"Kuwait National Petroleum Co [100%]","Operator":"Excelerate Energy; Golar LNG [TO BE DELETED]","StartYear1":"2009","FuelType":"LNG","FacilityType":"import","LocationAccuracy":"exact","Capacity":"3.8","CapacityUnits":"mtpa","CapacityMapScale":88540.0,"Tracker":"GGIT-LNG"}},{"type":"Feature","geometry":{"type":"Point","coordinates":[48.1609009,29.0713773]},"properties":{"PipelineName":"Mina Al-Ahmadi LNG Terminal","SegmentName":"Unit Golar FSRU","Status":"mothballed","Wiki":"https://www.gem.wiki/Mina_Al-Ahmadi_LNG_Terminal","ProjectID":"T100000130592","UnitID":"G100002059201","CountriesOrAreas":"Kuwait","StartState/Province":"Al Ahmadi","StartLocation":"Al Ahmadi, Kuwait","Owner":"Kuwait National Petroleum Co [100%]","Operator":"Excelerate Energy; Golar LNG [TO BE DELETED]","StartYear1":"2014","FuelType":"LNG","FacilityType":"import","LocationAccuracy":"exact","Capacity":"5.8","CapacityUnits":"mtpa","CapacityMapScale":135140.0,"Tracker":"GGIT-LNG"}},{"type":"Feature","geometry":{"type":"Point","coordinates":[133.73324,34.49945]},"properties":{"PipelineName":"Mizushima LNG Terminal","SegmentName":"Unit Expansion","Status":"operating","Wiki":"https://www.gem.wiki/Mizushima_LNG_Terminal","ProjectID":"T100000130497","UnitID":"G100001094316","CountriesOrAreas":"Japan","StartState/Province":"Chugoku","StartLocation":"Chugoku, Japan","Owner":"Mizushima LNG Co Ltd [100%]","Operator":"","StartYear1":"2012","FuelType":"LNG","FacilityType":"import","LocationAccuracy":"exact","Capacity":"1.9","CapacityUnits":"mtpa","CapacityMapScale":44270.0,"Tracker":"GGIT-LNG"}},{"type":"Feature","geometry":{"type":"Point","coordinates":[133.73324,34.49945]},"properties":{"PipelineName":"Mizushima LNG Terminal","SegmentName":"","Status":"operating","Wiki":"https://www.gem.wiki/Mizushima_LNG_Terminal","ProjectID":"T100000130497","UnitID":"G100002049700","CountriesOrAreas":"Japan","StartState/Province":"Chugoku","StartLocation":"Chugoku, Japan","Owner":"Mizushima LNG Co Ltd [100%]","Operator":"","StartYear1":"2006","FuelType":"LNG","FacilityType":"import","LocationAccuracy":"exact","Capacity":"1","CapacityUnits":"mtpa","CapacityMapScale":23300.0,"Tracker":"GGIT-LNG"}},{"type":"Feature","geometry":{"type":"Point","coordinates":[113.083,3.28238]},"properties":{"PipelineName":"MLNG Dua LNG Terminal","SegmentName":"Unit T4","Status":"operating","Wiki":"https://www.gem.wiki/Dua_Malaysia_LNG_Terminal","ProjectID":"T100000130292","UnitID":"G100002029201","CountriesOrAreas":"Malaysia","StartState/Province":"Sarawak","StartLocation":"Sarawak, Malaysia","Owner":"Malaysia LNG Dua Sdn Bhd [100%]","Operator":"Petroliam Nasional","StartYear1":"1995","FuelType":"LNG","FacilityType":"export","LocationAccuracy":"exact","Capacity":"3.2","CapacityUnits":"mtpa","CapacityMapScale":74560.0,"Tracker":"GGIT-LNG"}},{"type":"Feature","geometry":{"type":"Point","coordinates":[113.083,3.28238]},"properties":{"PipelineName":"MLNG Dua LNG Terminal","SegmentName":"Unit T5","Status":"operating","Wiki":"https://www.gem.wiki/Dua_Malaysia_LNG_Terminal","ProjectID":"T100000130292","UnitID":"G100002029202","CountriesOrAreas":"Malaysia","StartState/Province":"Sarawak","StartLocation":"Sarawak, Malaysia","Owner":"Malaysia LNG Dua Sdn Bhd [100%]","Operator":"Petroliam Nasional","StartYear1":"1995","FuelType":"LNG","FacilityType":"export","LocationAccuracy":"exact","Capacity":"3.2","CapacityUnits":"mtpa","CapacityMapScale":74560.0,"Tracker":"GGIT-LNG"}},{"type":"Feature","geometry":{"type":"Point","coordinates":[113.083,3.28238]},"properties":{"PipelineName":"MLNG Dua LNG Terminal","SegmentName":"Unit T6","Status":"operating","Wiki":"https://www.gem.wiki/Dua_Malaysia_LNG_Terminal","ProjectID":"T100000130292","UnitID":"G100002029203","CountriesOrAreas":"Malaysia","StartState/Province":"Sarawak","StartLocation":"Sarawak, Malaysia","Owner":"Malaysia LNG Dua Sdn Bhd [100%]","Operator":"Petroliam Nasional","StartYear1":"1995","FuelType":"LNG","FacilityType":"export","LocationAccuracy":"exact","Capacity":"3.2","CapacityUnits":"mtpa","CapacityMapScale":74560.0,"Tracker":"GGIT-LNG"}},{"type":"Feature","geometry":{"type":"Point","coordinates":[113.08114,3.2851]},"properties":{"PipelineName":"MLNG Satu LNG Terminal","SegmentName":"Unit T2","Status":"operating","Wiki":"https://www.gem.wiki/Satu_Malaysia_Terminal","ProjectID":"T100000130294","UnitID":"G100001094743","CountriesOrAreas":"Malaysia","StartState/Province":"Sarawak","StartLocation":"Sarawak, Malaysia","Owner":"Malaysia LNG Sdn Bhd [100%]","Operator":"Malaysia LNG","StartYear1":"1983","FuelType":"LNG","FacilityType":"export","LocationAccuracy":"exact","Capacity":"2.8","CapacityUnits":"mtpa","CapacityMapScale":65240.0,"Tracker":"GGIT-LNG"}},{"type":"Feature","geometry":{"type":"Point","coordinates":[113.08114,3.2851]},"properties":{"PipelineName":"MLNG Satu LNG Terminal","SegmentName":"Unit T3","Status":"operating","Wiki":"https://www.gem.wiki/Satu_Malaysia_Terminal","ProjectID":"T100000130294","UnitID":"G100001094744","CountriesOrAreas":"Malaysia","StartState/Province":"Sarawak","StartLocation":"Sarawak, Malaysia","Owner":"Malaysia LNG Sdn Bhd [100%]","Operator":"Malaysia LNG","StartYear1":"1983","FuelType":"LNG","FacilityType":"export","LocationAccuracy":"exact","Capacity":"2.8","CapacityUnits":"mtpa","CapacityMapScale":65240.0,"Tracker":"GGIT-LNG"}},{"type":"Feature","geometry":{"type":"Point","coordinates":[113.08114,3.2851]},"properties":{"PipelineName":"MLNG Satu LNG Terminal","SegmentName":"Unit T1","Status":"operating","Wiki":"https://www.gem.wiki/Satu_Malaysia_Terminal","ProjectID":"T100000130294","UnitID":"G100002029401","CountriesOrAreas":"Malaysia","StartState/Province":"Sarawak","StartLocation":"Sarawak, Malaysia","Owner":"Malaysia LNG Sdn Bhd [100%]","Operator":"Malaysia LNG","StartYear1":"1983","FuelType":"LNG","FacilityType":"export","LocationAccuracy":"exact","Capacity":"2.8","CapacityUnits":"mtpa","CapacityMapScale":65240.0,"Tracker":"GGIT-LNG"}},{"type":"Feature","geometry":{"type":"Point","coordinates":[113.087,3.2903]},"properties":{"PipelineName":"MLNG T9 LNG Terminal","SegmentName":"Unit T9","Status":"operating","Wiki":"https://www.gem.wiki/Malaysia_LNG_Terminal_Train_9","ProjectID":"T100000130293","UnitID":"G100002029309","CountriesOrAreas":"Malaysia","StartState/Province":"Sarawak","StartLocation":"Sarawak, Malaysia","Owner":"Petronas LNG 9 Sdn Bhd [100%]","Operator":"Petroliam Nasional","StartYear1":"2016","FuelType":"LNG","FacilityType":"export","LocationAccuracy":"exact","Capacity":"3.6","CapacityUnits":"mtpa","CapacityMapScale":83880.0,"Tracker":"GGIT-LNG"}},{"type":"Feature","geometry":{"type":"Point","coordinates":[113.08767,3.29033]},"properties":{"PipelineName":"MLNG Tiga LNG Terminal","SegmentName":"Unit T8","Status":"operating","Wiki":"https://www.gem.wiki/Tiga_Malaysia_LNG_Terminal","ProjectID":"T100000130295","UnitID":"G100001094745","CountriesOrAreas":"Malaysia","StartState/Province":"Sarawak","StartLocation":"Sarawak, Malaysia","Owner":"Malaysia LNG Tiga Sdn Bhd [100%]","Operator":"Malaysia LNG","StartYear1":"2003","FuelType":"LNG","FacilityType":"export","LocationAccuracy":"exact","Capacity":"3.9","CapacityUnits":"mtpa","CapacityMapScale":90870.0,"Tracker":"GGIT-LNG"}},{"type":"Feature","geometry":{"type":"Point","coordinates":[113.08767,3.29033]},"properties":{"PipelineName":"MLNG Tiga LNG Terminal","SegmentName":"Unit T7","Status":"operating","Wiki":"https://www.gem.wiki/Tiga_Malaysia_LNG_Terminal","ProjectID":"T100000130295","UnitID":"G100002029507","CountriesOrAreas":"Malaysia","StartState/Province":"Sarawak","StartLocation":"Sarawak, Malaysia","Owner":"Malaysia LNG Tiga Sdn Bhd [100%]","Operator":"Malaysia LNG","StartYear1":"2003","FuelType":"LNG","FacilityType":"export","LocationAccuracy":"exact","Capacity":"3.9","CapacityUnits":"mtpa","CapacityMapScale":90870.0,"Tracker":"GGIT-LNG"}},{"type":"Feature","geometry":{"type":"Point","coordinates":[91.8196106,21.5374018]},"properties":{"PipelineName":"Moheshkhali Floating LNG Terminal","SegmentName":"","Status":"operating","Wiki":"https://www.gem.wiki/Moheshkhali_Floating_LNG_Terminal","ProjectID":"T100000130270","UnitID":"G100002027000","CountriesOrAreas":"Bangladesh","StartState/Province":"Chittagong","StartLocation":"Chittagong, Bangladesh","Owner":"Excelerate Energy LP [100%]","Operator":"Bangladesh Oil, Gas and Mineral; Excelerate Energy","StartYear1":"2018","FuelType":"LNG","FacilityType":"import","LocationAccuracy":"exact","Capacity":"600","CapacityUnits":"MMcf/d","CapacityMapScale":107226.6,"Tracker":"GGIT-LNG"}},{"type":"Feature","geometry":{"type":"Point","coordinates":[39.64864,-4.06016]},"properties":{"PipelineName":"Mombasa LNG Terminal","SegmentName":"Unit Second Proposal","Status":"proposed","Wiki":"https://www.gem.wiki/Mombasa_LNG_Terminal","ProjectID":"T100000130254","UnitID":"G100001054956","CountriesOrAreas":"Kenya","StartState/Province":"","StartLocation":"Kenya","Owner":"","Operator":"","StartYear1":"","FuelType":"LNG","FacilityType":"import","LocationAccuracy":"approximate","Capacity":"6.2","CapacityUnits":"mtpa","CapacityMapScale":144460.0,"Tracker":"GGIT-LNG"}},{"type":"Feature","geometry":{"type":"Point","coordinates":[39.64864,-4.06016]},"properties":{"PipelineName":"Mombasa LNG Terminal","SegmentName":"Unit Original Proposal","Status":"shelved","Wiki":"https://www.gem.wiki/Mombasa_LNG_Terminal","ProjectID":"T100000130254","UnitID":"G100002025400","CountriesOrAreas":"Kenya","StartState/Province":"","StartLocation":"Kenya","Owner":"","Operator":"","StartYear1":"","FuelType":"LNG","FacilityType":"import","LocationAccuracy":"approximate","Capacity":"0.26","CapacityUnits":"mtpa","CapacityMapScale":6058.0,"Tracker":"GGIT-LNG"}},{"type":"Feature","geometry":{"type":"Point","coordinates":[-93.3414397,29.7936271]},"properties":{"PipelineName":"Monkey Island LNG Terminal","SegmentName":"Unit Phase 2 (T4-T5)","Status":"proposed","Wiki":"https://www.gem.wiki/Monkey_Island_LNG_Terminal","ProjectID":"T100000130235","UnitID":"G100001063982","CountriesOrAreas":"United States","StartState/Province":"Louisiana","StartLocation":"Louisiana, United States","Owner":"Monkey Island LNG","Operator":"","StartYear1":"","FuelType":"LNG","FacilityType":"export","LocationAccuracy":"approximate","Capacity":"10.4","CapacityUnits":"mtpa","CapacityMapScale":242320.0,"Tracker":"GGIT-LNG"}},{"type":"Feature","geometry":{"type":"Point","coordinates":[-93.3414397,29.7936271]},"properties":{"PipelineName":"Monkey Island LNG Terminal","SegmentName":"Unit Phase 1 (T1-T3)","Status":"proposed","Wiki":"https://www.gem.wiki/Monkey_Island_LNG_Terminal","ProjectID":"T100000130235","UnitID":"G100002023501","CountriesOrAreas":"United States","StartState/Province":"Louisiana","StartLocation":"Louisiana, United States","Owner":"Monkey Island LNG","Operator":"","StartYear1":"","FuelType":"LNG","FacilityType":"export","LocationAccuracy":"approximate","Capacity":"15.6","CapacityUnits":"mtpa","CapacityMapScale":363480.0,"Tracker":"GGIT-LNG"}},{"type":"Feature","geometry":{"type":"Point","coordinates":[-77.934847,18.463029]},"properties":{"PipelineName":"Montego Bay LNG Terminal","SegmentName":"","Status":"operating","Wiki":"https://www.gem.wiki/Montego_Bay_LNG_Terminal","ProjectID":"T100000130670","UnitID":"G100002067000","CountriesOrAreas":"Jamaica","StartState/Province":"","StartLocation":"Jamaica","Owner":"Excelerate Energy Inc [100%]","Operator":"","StartYear1":"2016","FuelType":"LNG","FacilityType":"import","LocationAccuracy":"exact","Capacity":"0.5","CapacityUnits":"mtpa","CapacityMapScale":11650.0,"Tracker":"GGIT-LNG"}},{"type":"Feature","geometry":{"type":"Point","coordinates":[-80.731875,-2.064561]},"properties":{"PipelineName":"Monteverde Pacific LNG Terminal","SegmentName":"","Status":"proposed","Wiki":"https://www.gem.wiki/Monteverde_Pacific_LNG_Terminal","ProjectID":"T100001048451","UnitID":"G100001055627","CountriesOrAreas":"Ecuador","StartState/Province":"Santa Elena","StartLocation":"Santa Elena, Ecuador","Owner":"Pacificterminal SA","Operator":"Pacificterminal","StartYear1":"","FuelType":"LNG","FacilityType":"import","LocationAccuracy":"approximate","Capacity":"","CapacityUnits":"","CapacityMapScale":"","Tracker":"GGIT-LNG"}},{"type":"Feature","geometry":{"type":"Point","coordinates":[-2.14278,47.30296]},"properties":{"PipelineName":"Montoir LNG Terminal","SegmentName":"","Status":"operating","Wiki":"https://www.gem.wiki/Montoir_LNG_Terminal","ProjectID":"T100000130456","UnitID":"G100002045600","CountriesOrAreas":"France","StartState/Province":"Pays de la Loire","StartLocation":"Pays de la Loire, France","Owner":"Elengy SA","Operator":"Elengy","StartYear1":"1980","FuelType":"LNG","FacilityType":"import","LocationAccuracy":"exact","Capacity":"10","CapacityUnits":"bcm/y","CapacityMapScale":171255.0,"Tracker":"GGIT-LNG"}},{"type":"Feature","geometry":{"type":"Point","coordinates":[-2.14278,47.30296]},"properties":{"PipelineName":"Montoir LNG Terminal","SegmentName":"Unit Expansion","Status":"shelved","Wiki":"https://www.gem.wiki/Montoir_LNG_Terminal","ProjectID":"T100000130456","UnitID":"G100002045601","CountriesOrAreas":"France","StartState/Province":"Pays de la Loire","StartLocation":"Pays de la Loire, France","Owner":"Elengy SA","Operator":"Elengy","StartYear1":"","FuelType":"LNG","FacilityType":"import","LocationAccuracy":"exact","Capacity":"2.5","CapacityUnits":"bcm/y","CapacityMapScale":42813.8,"Tracker":"GGIT-LNG"}},{"type":"Feature","geometry":{"type":"Point","coordinates":[-7.397731,33.71339]},"properties":{"PipelineName":"Morocco FSRU","SegmentName":"","Status":"proposed","Wiki":"https://www.gem.wiki/Morocco_FSRU","ProjectID":"T100000130824","UnitID":"G100002082400","CountriesOrAreas":"Morocco","StartState/Province":"","StartLocation":"Morocco","Owner":"Morocco Ministry of Energy, Mining and Sustainable Development [100%]","Operator":"","StartYear1":"","FuelType":"LNG","FacilityType":"import","LocationAccuracy":"approximate","Capacity":"","CapacityUnits":"","CapacityMapScale":"","Tracker":"GGIT-LNG"}},{"type":"Feature","geometry":{"type":"Point","coordinates":[13.1852218,65.8495025]},"properties":{"PipelineName":"Mosjoen LNG Terminal","SegmentName":"","Status":"operating","Wiki":"https://www.gem.wiki/Mosjoen_LNG_Terminal","ProjectID":"T100000130733","UnitID":"G100002073300","CountriesOrAreas":"Norway","StartState/Province":"","StartLocation":"Norway","Owner":"Molgas Norway AS [100%]","Operator":"Molgas Norway","StartYear1":"2007","FuelType":"LNG","FacilityType":"import","LocationAccuracy":"approximate","Capacity":"0.4","CapacityUnits":"mtpa","CapacityMapScale":9320.0,"Tracker":"GGIT-LNG"}},{"type":"Feature","geometry":{"type":"Point","coordinates":[22.147628,-34.175254]},"properties":{"PipelineName":"Mossel Bay FSRU","SegmentName":"","Status":"cancelled","Wiki":"https://www.gem.wiki/Mossel_Bay_FSRU","ProjectID":"T100000130264","UnitID":"G100002026400","CountriesOrAreas":"South Africa","StartState/Province":"Western Cape","StartLocation":"Western Cape, South Africa","Owner":"Petroleum, Oil and Gas Corporation of South Africa Ltd [100%]","Operator":"","StartYear1":"","FuelType":"LNG","FacilityType":"import","LocationAccuracy":"approximate","Capacity":"2","CapacityUnits":"mtpa","CapacityMapScale":46600.0,"Tracker":"GGIT-LNG"}},{"type":"Feature","geometry":{"type":"Point","coordinates":[-5.7538329,57.273879]},"properties":{"PipelineName":"Mowi LNG Terminal","SegmentName":"","Status":"operating","Wiki":"https://www.gem.wiki/Mowi_LNG_Terminal","ProjectID":"T100000131133","UnitID":"G100002113300","CountriesOrAreas":"United Kingdom","StartState/Province":"Scotland","StartLocation":"Scotland, United Kingdom","Owner":"Mowi ASA [100%]","Operator":"Mowi","StartYear1":"2021","FuelType":"LNG","FacilityType":"import","LocationAccuracy":"exact","Capacity":"0.22","CapacityUnits":"mtpa","CapacityMapScale":5126.0,"Tracker":"GGIT-LNG"}},{"type":"Feature","geometry":{"type":"Point","coordinates":[40.5131723,-10.8508373]},"properties":{"PipelineName":"Mozambique LNG Terminal","SegmentName":"Unit T2","Status":"construction","Wiki":"https://www.gem.wiki/Mozambique_LNG_Terminal","ProjectID":"T100000130257","UnitID":"G100001054919","CountriesOrAreas":"Mozambique","StartState/Province":"Cabo Delgado","StartLocation":"Cabo Delgado, Mozambique","Owner":"TotalEnergies SE [26.5%]; Mitsui Group [20%]; Empresa Nacional de Hidrocarbonetos EP [15%]; Bharat PetroResources [TO BE DELETED] [10%]; Oil and Natural Gas [TO BE DELETED] Corp Ltd [10%]; Oil India Ltd [10%]; PTTEP [8.5%]","Operator":"","StartYear1":"","FuelType":"LNG","FacilityType":"export","LocationAccuracy":"exact","Capacity":"6.45","CapacityUnits":"mtpa","CapacityMapScale":150285.0,"Tracker":"GGIT-LNG"}},{"type":"Feature","geometry":{"type":"Point","coordinates":[40.5131723,-10.8508373]},"properties":{"PipelineName":"Mozambique LNG Terminal","SegmentName":"Unit T1","Status":"construction","Wiki":"https://www.gem.wiki/Mozambique_LNG_Terminal","ProjectID":"T100000130257","UnitID":"G100002025701","CountriesOrAreas":"Mozambique","StartState/Province":"Cabo Delgado","StartLocation":"Cabo Delgado, Mozambique","Owner":"TotalEnergies SE [26.5%]; Mitsui Group [20%]; Empresa Nacional de Hidrocarbonetos EP [15%]; Bharat PetroResources [TO BE DELETED] [10%]; Oil and Natural Gas [TO BE DELETED] Corp Ltd [10%]; Oil India Ltd [10%]; PTTEP [8.5%]","Operator":"","StartYear1":"","FuelType":"LNG","FacilityType":"export","LocationAccuracy":"exact","Capacity":"6.45","CapacityUnits":"mtpa","CapacityMapScale":150285.0,"Tracker":"GGIT-LNG"}},{"type":"Feature","geometry":{"type":"Point","coordinates":[40.5131723,-10.8508373]},"properties":{"PipelineName":"Mozambique LNG Terminal","SegmentName":"Unit T3","Status":"shelved","Wiki":"https://www.gem.wiki/Mozambique_LNG_Terminal","ProjectID":"T100000130257","UnitID":"G100002025703","CountriesOrAreas":"Mozambique","StartState/Province":"Cabo Delgado","StartLocation":"Cabo Delgado, Mozambique","Owner":"TotalEnergies SE [26.5%]; Mitsui Group [20%]; Empresa Nacional de Hidrocarbonetos EP [15%]; Bharat PetroResources [TO BE DELETED] [10%]; Oil and Natural Gas [TO BE DELETED] Corp Ltd [10%]; Oil India Ltd [10%]; PTTEP [8.5%]","Operator":"","StartYear1":"","FuelType":"LNG","FacilityType":"export","LocationAccuracy":"exact","Capacity":"5","CapacityUnits":"mtpa","CapacityMapScale":116500.0,"Tracker":"GGIT-LNG"}},{"type":"Feature","geometry":{"type":"Point","coordinates":[40.5131723,-10.8508373]},"properties":{"PipelineName":"Mozambique LNG Terminal","SegmentName":"Unit T4","Status":"shelved","Wiki":"https://www.gem.wiki/Mozambique_LNG_Terminal","ProjectID":"T100000130257","UnitID":"G100002025704","CountriesOrAreas":"Mozambique","StartState/Province":"Cabo Delgado","StartLocation":"Cabo Delgado, Mozambique","Owner":"TotalEnergies SE [26.5%]; Mitsui Group [20%]; Empresa Nacional de Hidrocarbonetos EP [15%]; Bharat PetroResources [TO BE DELETED] [10%]; Oil and Natural Gas [TO BE DELETED] Corp Ltd [10%]; Oil India Ltd [10%]; PTTEP [8.5%]","Operator":"","StartYear1":"","FuelType":"LNG","FacilityType":"export","LocationAccuracy":"exact","Capacity":"5","CapacityUnits":"mtpa","CapacityMapScale":116500.0,"Tracker":"GGIT-LNG"}},{"type":"Feature","geometry":{"type":"Point","coordinates":[-8.2395,43.4613]},"properties":{"PipelineName":"Mugardos LNG Terminal","SegmentName":"","Status":"operating","Wiki":"https://www.gem.wiki/Mugardos_LNG_Terminal","ProjectID":"T100000130534","UnitID":"G100002053400","CountriesOrAreas":"Spain","StartState/Province":"Galicia","StartLocation":"Galicia, Spain","Owner":"","Operator":"Reganosa Servicios","StartYear1":"2007","FuelType":"LNG","FacilityType":"import","LocationAccuracy":"exact","Capacity":"3.6","CapacityUnits":"bcm/y","CapacityMapScale":61651.8,"Tracker":"GGIT-LNG"}},{"type":"Feature","geometry":{"type":"Point","coordinates":[-8.2395,43.4613]},"properties":{"PipelineName":"Mugardos LNG Terminal","SegmentName":"Unit Expansion","Status":"cancelled","Wiki":"https://www.gem.wiki/Mugardos_LNG_Terminal","ProjectID":"T100000130534","UnitID":"G100002053401","CountriesOrAreas":"Spain","StartState/Province":"Galicia","StartLocation":"Galicia, Spain","Owner":"","Operator":"Reganosa Servicios","StartYear1":"","FuelType":"LNG","FacilityType":"import","LocationAccuracy":"exact","Capacity":"3.6","CapacityUnits":"bcm/y","CapacityMapScale":61651.8,"Tracker":"GGIT-LNG"}},{"type":"Feature","geometry":{"type":"Point","coordinates":[107.987166,10.7028408]},"properties":{"PipelineName":"Mui Ke Ga FSRU","SegmentName":"","Status":"shelved","Wiki":"https://www.gem.wiki/Mui_Ke_Ga_FSRU","ProjectID":"T100000130975","UnitID":"G100002097500","CountriesOrAreas":"Vietnam","StartState/Province":"Binh Thuan","StartLocation":"Binh Thuan, Vietnam","Owner":"B.Grimm Power PCL; Energy Capital Vietnam; Gunvor International","Operator":"","StartYear1":"","FuelType":"LNG","FacilityType":"import","LocationAccuracy":"approximate","Capacity":"1.5","CapacityUnits":"mtpa","CapacityMapScale":34950.0,"Tracker":"GGIT-LNG"}},{"type":"Feature","geometry":{"type":"Point","coordinates":[13.598351,54.478384]},"properties":{"PipelineName":"Mukran FSRU","SegmentName":"Unit Energos Power replacement","Status":"proposed","Wiki":"https://www.gem.wiki/Mukran_FSRU","ProjectID":"T100000131141","UnitID":"G100001094549","CountriesOrAreas":"Germany","StartState/Province":"","StartLocation":"Germany","Owner":"Deutsche ReGas GmbH & Co KGaA [100%]","Operator":"","StartYear1":"","FuelType":"LNG","FacilityType":"import","LocationAccuracy":"exact","Capacity":"8.5","CapacityUnits":"bcm/y","CapacityMapScale":145566.8,"Tracker":"GGIT-LNG"}},{"type":"Feature","geometry":{"type":"Point","coordinates":[13.598351,54.478384]},"properties":{"PipelineName":"Mukran FSRU","SegmentName":"Unit Neptune","Status":"operating","Wiki":"https://www.gem.wiki/Mukran_FSRU","ProjectID":"T100000131141","UnitID":"G100002114100","CountriesOrAreas":"Germany","StartState/Province":"","StartLocation":"Germany","Owner":"Deutsche ReGas GmbH & Co KGaA [100%]","Operator":"","StartYear1":"2024","FuelType":"LNG","FacilityType":"import","LocationAccuracy":"exact","Capacity":"5.05","CapacityUnits":"bcm/y","CapacityMapScale":86483.8,"Tracker":"GGIT-LNG"}},{"type":"Feature","geometry":{"type":"Point","coordinates":[13.598351,54.478384]},"properties":{"PipelineName":"Mukran FSRU","SegmentName":"Unit Energos Power","Status":"mothballed","Wiki":"https://www.gem.wiki/Mukran_FSRU","ProjectID":"T100000131141","UnitID":"G100002114101","CountriesOrAreas":"Germany","StartState/Province":"","StartLocation":"Germany","Owner":"Deutsche ReGas GmbH & Co KGaA [100%]","Operator":"","StartYear1":"2024","FuelType":"LNG","FacilityType":"import","LocationAccuracy":"exact","Capacity":"5.7","CapacityUnits":"mtpa","CapacityMapScale":132810.0,"Tracker":"GGIT-LNG"}},{"type":"Feature","geometry":{"type":"Point","coordinates":[72.850767,18.958761]},"properties":{"PipelineName":"Mumbai FSRU","SegmentName":"","Status":"cancelled","Wiki":"https://www.gem.wiki/Mumbai_FSRU","ProjectID":"T100000130962","UnitID":"G100002096200","CountriesOrAreas":"India","StartState/Province":"Maharashtra","StartLocation":"Maharashtra, India","Owner":"SP Armada Clean Energy Ventures [100%]","Operator":"","StartYear1":"","FuelType":"LNG","FacilityType":"import","LocationAccuracy":"approximate","Capacity":"5","CapacityUnits":"mtpa","CapacityMapScale":116500.0,"Tracker":"GGIT-LNG"}},{"type":"Feature","geometry":{"type":"Point","coordinates":[69.6668651,22.7374322]},"properties":{"PipelineName":"Mundra LNG Terminal","SegmentName":"","Status":"operating","Wiki":"https://www.gem.wiki/Mundra_LNG_Terminal","ProjectID":"T100000130455","UnitID":"G100002045500","CountriesOrAreas":"India","StartState/Province":"Gujarat","StartLocation":"Gujarat, India","Owner":"Gujarat State Petronet Ltd [95%]; S.B. Adani Family Trust [5%]","Operator":"","StartYear1":"2020","FuelType":"LNG","FacilityType":"import","LocationAccuracy":"exact","Capacity":"5","CapacityUnits":"mtpa","CapacityMapScale":116500.0,"Tracker":"GGIT-LNG"}},{"type":"Feature","geometry":{"type":"Point","coordinates":[33.155269,69.077408]},"properties":{"PipelineName":"Murmansk LNG Terminal","SegmentName":"Unit T1","Status":"proposed","Wiki":"https://www.gem.wiki/Murmansk_LNG_Terminal","ProjectID":"T100000131112","UnitID":"G100002111201","CountriesOrAreas":"Russia","StartState/Province":"Murmansk Oblast","StartLocation":"Murmansk Oblast, Russia","Owner":"Murmansk LNG LLC [100%]","Operator":"Murmansk LNG","StartYear1":"","FuelType":"LNG","FacilityType":"export","LocationAccuracy":"approximate","Capacity":"6.8","CapacityUnits":"mtpa","CapacityMapScale":158440.0,"Tracker":"GGIT-LNG"}},{"type":"Feature","geometry":{"type":"Point","coordinates":[33.155269,69.077408]},"properties":{"PipelineName":"Murmansk LNG Terminal","SegmentName":"Unit T2","Status":"proposed","Wiki":"https://www.gem.wiki/Murmansk_LNG_Terminal","ProjectID":"T100000131112","UnitID":"G100002111202","CountriesOrAreas":"Russia","StartState/Province":"Murmansk Oblast","StartLocation":"Murmansk Oblast, Russia","Owner":"Murmansk LNG LLC [100%]","Operator":"Murmansk LNG","StartYear1":"","FuelType":"LNG","FacilityType":"export","LocationAccuracy":"approximate","Capacity":"6.8","CapacityUnits":"mtpa","CapacityMapScale":158440.0,"Tracker":"GGIT-LNG"}},{"type":"Feature","geometry":{"type":"Point","coordinates":[33.155269,69.077408]},"properties":{"PipelineName":"Murmansk LNG Terminal","SegmentName":"Unit T3","Status":"proposed","Wiki":"https://www.gem.wiki/Murmansk_LNG_Terminal","ProjectID":"T100000131112","UnitID":"G100002111203","CountriesOrAreas":"Russia","StartState/Province":"Murmansk Oblast","StartLocation":"Murmansk Oblast, Russia","Owner":"Murmansk LNG LLC [100%]","Operator":"Murmansk LNG","StartYear1":"","FuelType":"LNG","FacilityType":"export","LocationAccuracy":"approximate","Capacity":"6.8","CapacityUnits":"mtpa","CapacityMapScale":158440.0,"Tracker":"GGIT-LNG"}},{"type":"Feature","geometry":{"type":"Point","coordinates":[40.656408,-14.534204]},"properties":{"PipelineName":"Nacala FSRU","SegmentName":"","Status":"shelved","Wiki":"https://www.gem.wiki/Nacala_FSRU","ProjectID":"T100000130788","UnitID":"G100002078800","CountriesOrAreas":"Mozambique","StartState/Province":"","StartLocation":"Mozambique","Owner":"KARMOL [100%]","Operator":"","StartYear1":"","FuelType":"LNG","FacilityType":"import","LocationAccuracy":"approximate","Capacity":"","CapacityUnits":"","CapacityMapScale":"","Tracker":"GGIT-LNG"}},{"type":"Feature","geometry":{"type":"Point","coordinates":[-3.1777657,35.254969]},"properties":{"PipelineName":"Nador FSRU","SegmentName":"","Status":"shelved","Wiki":"https://www.gem.wiki/Nador_FSRU","ProjectID":"T100000131161","UnitID":"G100002116100","CountriesOrAreas":"Morocco","StartState/Province":"Nador","StartLocation":"Nador, Morocco","Owner":"unknown","Operator":"","StartYear1":"","FuelType":"LNG","FacilityType":"import","LocationAccuracy":"approximate","Capacity":"500","CapacityUnits":"MMcf/d","CapacityMapScale":89355.5,"Tracker":"GGIT-LNG"}},{"type":"Feature","geometry":{"type":"Point","coordinates":[129.806367,32.75898]},"properties":{"PipelineName":"Nagasaki LNG Terminal","SegmentName":"","Status":"operating","Wiki":"https://www.gem.wiki/Nagasaki_LNG_Terminal","ProjectID":"T100000130499","UnitID":"G100002049900","CountriesOrAreas":"Japan","StartState/Province":"Kyushu","StartLocation":"Kyushu, Japan","Owner":"Saibu Gas Holdings Co Ltd [100%]","Operator":"","StartYear1":"2003","FuelType":"LNG","FacilityType":"import","LocationAccuracy":"exact","Capacity":"0.15","CapacityUnits":"mtpa","CapacityMapScale":3495.0,"Tracker":"GGIT-LNG"}},{"type":"Feature","geometry":{"type":"Point","coordinates":[106.21355,20.1012]},"properties":{"PipelineName":"Nam Dinh LNG Terminal","SegmentName":"","Status":"proposed","Wiki":"https://www.gem.wiki/Nam_Dinh_LNG_Terminal","ProjectID":"T100001057498","UnitID":"G100001065727","CountriesOrAreas":"Vietnam","StartState/Province":"","StartLocation":"Vietnam","Owner":"ITECO JSC","Operator":"","StartYear1":"","FuelType":"LNG","FacilityType":"import","LocationAccuracy":"approximate","Capacity":"0.65","CapacityUnits":"mtpa","CapacityMapScale":15145.0,"Tracker":"GGIT-LNG"}},{"type":"Feature","geometry":{"type":"Point","coordinates":[117.0689513,23.4126529]},"properties":{"PipelineName":"Nan'ao LNG Terminal","SegmentName":"","Status":"cancelled","Wiki":"https://www.gem.wiki/Nan'ao_LNG_Terminal","ProjectID":"T100001082817","UnitID":"G100001093327","CountriesOrAreas":"China","StartState/Province":"Guangdong","StartLocation":"Guangdong, China","Owner":"China Energy Investment Corp; Shantou Sailuo Energy Co Ltd Co Ltd","Operator":"","StartYear1":"","FuelType":"LNG","FacilityType":"import","LocationAccuracy":"approximate","Capacity":"3","CapacityUnits":"mtpa","CapacityMapScale":69900.0,"Tracker":"GGIT-LNG"}},{"type":"Feature","geometry":{"type":"Point","coordinates":[138.2770886,37.2053496]},"properties":{"PipelineName":"Naoetsu LNG Terminal","SegmentName":"","Status":"operating","Wiki":"https://www.gem.wiki/Naoetsu_LNG_Terminal","ProjectID":"T100000130505","UnitID":"G100002050500","CountriesOrAreas":"Japan","StartState/Province":"Niigata","StartLocation":"Niigata, Japan","Owner":"INPEX Corp [100%]","Operator":"","StartYear1":"2013","FuelType":"LNG","FacilityType":"import","LocationAccuracy":"exact","Capacity":"2.1","CapacityUnits":"mtpa","CapacityMapScale":48930.0,"Tracker":"GGIT-LNG"}},{"type":"Feature","geometry":{"type":"Point","coordinates":[139.6285,35.40423]},"properties":{"PipelineName":"Negishi LNG Terminal","SegmentName":"","Status":"operating","Wiki":"https://www.gem.wiki/Negishi_LNG_Terminal","ProjectID":"T100000130503","UnitID":"G100002050300","CountriesOrAreas":"Japan","StartState/Province":"Kanto","StartLocation":"Kanto, Japan","Owner":"JERA Co Inc; Tokyo Gas Co Ltd","Operator":"","StartYear1":"1969","FuelType":"LNG","FacilityType":"import","LocationAccuracy":"exact","Capacity":"11","CapacityUnits":"mtpa","CapacityMapScale":256300.0,"Tracker":"GGIT-LNG"}},{"type":"Feature","geometry":{"type":"Point","coordinates":[-70.6018885,42.4557999]},"properties":{"PipelineName":"Neptune LNG Terminal","SegmentName":"","Status":"mothballed","Wiki":"https://www.gem.wiki/Neptune_LNG_Terminal","ProjectID":"T100000130633","UnitID":"G100002063300","CountriesOrAreas":"United States","StartState/Province":"Massachusetts","StartLocation":"Massachusetts, United States","Owner":"Neptune LNG LLC [100%]","Operator":"Neptune LNG","StartYear1":"2010","FuelType":"LNG","FacilityType":"import","LocationAccuracy":"exact","Capacity":"0.4","CapacityUnits":"bcf/d","CapacityMapScale":71484.4,"Tracker":"GGIT-LNG"}},{"type":"Feature","geometry":{"type":"Point","coordinates":[151.75,-32.916667]},"properties":{"PipelineName":"Newcastle FSRU","SegmentName":"","Status":"cancelled","Wiki":"https://www.gem.wiki/Newcastle_FSRU","ProjectID":"T100000130336","UnitID":"G100002033600","CountriesOrAreas":"Australia","StartState/Province":"New South Wales","StartLocation":"New South Wales, Australia","Owner":"Newcastle GasDock Co [100%]","Operator":"","StartYear1":"","FuelType":"LNG","FacilityType":"import","LocationAccuracy":"approximate","Capacity":"2","CapacityUnits":"mtpa","CapacityMapScale":46600.0,"Tracker":"GGIT-LNG"}},{"type":"Feature","geometry":{"type":"Point","coordinates":[-16.658219,17.948231]},"properties":{"PipelineName":"New Fortress Banda LNG Terminal","SegmentName":"","Status":"cancelled","Wiki":"https://www.gem.wiki/New_Fortress_Banda_LNG_Terminal","ProjectID":"T100000131048","UnitID":"G100002104801","CountriesOrAreas":"Mauritania","StartState/Province":"","StartLocation":"Mauritania","Owner":"New Fortress Energy Inc [100%]","Operator":"","StartYear1":"","FuelType":"LNG","FacilityType":"export","LocationAccuracy":"approximate","Capacity":"","CapacityUnits":"","CapacityMapScale":"","Tracker":"GGIT-LNG"}},{"type":"Feature","geometry":{"type":"Point","coordinates":[-48.7440205,-1.5267472]},"properties":{"PipelineName":"New Fortress Barcarena FSRU","SegmentName":"","Status":"operating","Wiki":"https://www.gem.wiki/New_Fortress_Barcarena_FSRU","ProjectID":"T100000130926","UnitID":"G100002092600","CountriesOrAreas":"Brazil","StartState/Province":"Pará","StartLocation":"Pará, Brazil","Owner":"New Fortress Energy Inc [100%]","Operator":"Energos; New Fortress Energy / Celba","StartYear1":"2024","FuelType":"LNG","FacilityType":"import","LocationAccuracy":"exact","Capacity":"6","CapacityUnits":"mtpa","CapacityMapScale":139800.0,"Tracker":"GGIT-LNG"}},{"type":"Feature","geometry":{"type":"Point","coordinates":[79.4723,6.9048]},"properties":{"PipelineName":"New Fortress Colombo LNG Terminal","SegmentName":"","Status":"cancelled","Wiki":"https://www.gem.wiki/New_Fortress_Colombo_LNG_Terminal","ProjectID":"T100000131055","UnitID":"G100002105500","CountriesOrAreas":"Sri Lanka","StartState/Province":"","StartLocation":"Sri Lanka","Owner":"New Fortress Energy Inc [100%]","Operator":"","StartYear1":"","FuelType":"LNG","FacilityType":"import","LocationAccuracy":"approximate","Capacity":"1200000","CapacityUnits":"gal/day","CapacityMapScale":28571.4,"Tracker":"GGIT-LNG"}},{"type":"Feature","geometry":{"type":"Point","coordinates":[-89.8226025,29.0590222]},"properties":{"PipelineName":"New Fortress Grand Isle FLNG Terminal","SegmentName":"","Status":"cancelled","Wiki":"https://www.gem.wiki/New_Fortress_Grand_Isle_FLNG_Terminal","ProjectID":"T100000131002","UnitID":"G100002100201","CountriesOrAreas":"United States","StartState/Province":"Louisiana","StartLocation":"Louisiana, United States","Owner":"New Fortress Energy Louisiana FLNG LLC [100%]","Operator":"","StartYear1":"","FuelType":"LNG","FacilityType":"export","LocationAccuracy":"approximate","Capacity":"2.8","CapacityUnits":"mtpa","CapacityMapScale":65240.0,"Tracker":"GGIT-LNG"}},{"type":"Feature","geometry":{"type":"Point","coordinates":[-76.233213,41.653541]},"properties":{"PipelineName":"New Fortress Wyalusing LNG Terminal","SegmentName":"Unit T1-T2","Status":"cancelled","Wiki":"https://www.gem.wiki/New_Fortress_Wyalusing_LNG_Terminal","ProjectID":"T100000130660","UnitID":"G100002066001","CountriesOrAreas":"United States","StartState/Province":"Pennsylvania","StartLocation":"Pennsylvania, United States","Owner":"Bradford County Real Estate Partners LLC [100%]","Operator":"","StartYear1":"","FuelType":"LNG","FacilityType":"export","LocationAccuracy":"exact","Capacity":"3500000","CapacityUnits":"gal/day","CapacityMapScale":83333.3,"Tracker":"GGIT-LNG"}},{"type":"Feature","geometry":{"type":"Point","coordinates":[34.808,32.614]},"properties":{"PipelineName":"NewMed FLNG Terminal","SegmentName":"","Status":"proposed","Wiki":"https://www.gem.wiki/NewMed_FLNG_Terminal","ProjectID":"T100000130829","UnitID":"G100002082901","CountriesOrAreas":"Israel","StartState/Province":"","StartLocation":"Israel","Owner":"NewMed Energy LP [45.3%]; Chevron Corp [39.7%]; Ratio Energies LP [15%]","Operator":"","StartYear1":"","FuelType":"LNG","FacilityType":"export","LocationAccuracy":"approximate","Capacity":"4.6","CapacityUnits":"mtpa","CapacityMapScale":107180.0,"Tracker":"GGIT-LNG"}},{"type":"Feature","geometry":{"type":"Point","coordinates":[-130.327083,54.312194]},"properties":{"PipelineName":"NewTimes Energy LNG Terminal","SegmentName":"Unit T1","Status":"cancelled","Wiki":"https://www.gem.wiki/NewTimes_Energy_LNG_Terminal","ProjectID":"T100000130360","UnitID":"G100002036001","CountriesOrAreas":"Canada","StartState/Province":"British Columbia","StartLocation":"British Columbia, Canada","Owner":"NewTimes Energy Ltd [100%]","Operator":"","StartYear1":"","FuelType":"LNG","FacilityType":"export","LocationAccuracy":"approximate","Capacity":"4","CapacityUnits":"mtpa","CapacityMapScale":93200.0,"Tracker":"GGIT-LNG"}},{"type":"Feature","geometry":{"type":"Point","coordinates":[-130.327083,54.312194]},"properties":{"PipelineName":"NewTimes Energy LNG Terminal","SegmentName":"Unit T2","Status":"cancelled","Wiki":"https://www.gem.wiki/NewTimes_Energy_LNG_Terminal","ProjectID":"T100000130360","UnitID":"G100002036002","CountriesOrAreas":"Canada","StartState/Province":"British Columbia","StartLocation":"British Columbia, Canada","Owner":"NewTimes Energy Ltd [100%]","Operator":"","StartYear1":"","FuelType":"LNG","FacilityType":"export","LocationAccuracy":"approximate","Capacity":"4","CapacityUnits":"mtpa","CapacityMapScale":93200.0,"Tracker":"GGIT-LNG"}},{"type":"Feature","geometry":{"type":"Point","coordinates":[-130.327083,54.312194]},"properties":{"PipelineName":"NewTimes Energy LNG Terminal","SegmentName":"Unit T3","Status":"cancelled","Wiki":"https://www.gem.wiki/NewTimes_Energy_LNG_Terminal","ProjectID":"T100000130360","UnitID":"G100002036003","CountriesOrAreas":"Canada","StartState/Province":"British Columbia","StartLocation":"British Columbia, Canada","Owner":"NewTimes Energy Ltd [100%]","Operator":"","StartYear1":"","FuelType":"LNG","FacilityType":"export","LocationAccuracy":"approximate","Capacity":"4","CapacityUnits":"mtpa","CapacityMapScale":93200.0,"Tracker":"GGIT-LNG"}},{"type":"Feature","geometry":{"type":"Point","coordinates":[-8.322984,51.831398]},"properties":{"PipelineName":"NextDecade Cork FSRU","SegmentName":"","Status":"cancelled","Wiki":"https://www.gem.wiki/NextDecade_Cork_FSRU","ProjectID":"T100000130723","UnitID":"G100002072300","CountriesOrAreas":"Ireland","StartState/Province":"","StartLocation":"Ireland","Owner":"NextDecade LNG LLC","Operator":"","StartYear1":"","FuelType":"LNG","FacilityType":"import","LocationAccuracy":"approximate","Capacity":"3","CapacityUnits":"mtpa","CapacityMapScale":69900.0,"Tracker":"GGIT-LNG"}},{"type":"Feature","geometry":{"type":"Point","coordinates":[105.768091,19.437793]},"properties":{"PipelineName":"Nghi Son LNG Terminal","SegmentName":"","Status":"proposed","Wiki":"https://www.gem.wiki/Nghi_Son_LNG_Terminal","ProjectID":"T100000131175","UnitID":"G100002117500","CountriesOrAreas":"Vietnam","StartState/Province":"Thanh Hóa","StartLocation":"Thanh Hóa, Vietnam","Owner":"","Operator":"","StartYear1":"","FuelType":"LNG","FacilityType":"import","LocationAccuracy":"approximate","Capacity":"1.2","CapacityUnits":"mtpa","CapacityMapScale":27960.0,"Tracker":"GGIT-LNG"}},{"type":"Feature","geometry":{"type":"Point","coordinates":[25.683646,-33.801131]},"properties":{"PipelineName":"Ngqura LNG Terminal","SegmentName":"","Status":"proposed","Wiki":"https://www.gem.wiki/Ngqura_LNG_Terminal","ProjectID":"T100001048121","UnitID":"G100001055097","CountriesOrAreas":"South Africa","StartState/Province":"Eastern Cape","StartLocation":"Eastern Cape, South Africa","Owner":"Transnet SOC Ltd [100%]","Operator":"Ukwanda LNG","StartYear1":"","FuelType":"LNG","FacilityType":"import","LocationAccuracy":"approximate","Capacity":"2.8","CapacityUnits":"mtpa","CapacityMapScale":65240.0,"Tracker":"GGIT-LNG"}},{"type":"Feature","geometry":{"type":"Point","coordinates":[7.16157,4.41836]},"properties":{"PipelineName":"Nigeria LNG Terminal","SegmentName":"Unit T01","Status":"operating","Wiki":"https://www.gem.wiki/Nigeria_LNG_Terminal","ProjectID":"T100000130259","UnitID":"G100002025901","CountriesOrAreas":"Nigeria","StartState/Province":"Rivers","StartLocation":"Rivers, Nigeria","Owner":"Nigeria LNG Ltd [100%]","Operator":"Nigeria LNG","StartYear1":"1999","FuelType":"LNG","FacilityType":"export","LocationAccuracy":"exact","Capacity":"3.3","CapacityUnits":"mtpa","CapacityMapScale":76890.0,"Tracker":"GGIT-LNG"}},{"type":"Feature","geometry":{"type":"Point","coordinates":[7.16157,4.41836]},"properties":{"PipelineName":"Nigeria LNG Terminal","SegmentName":"Unit T02","Status":"operating","Wiki":"https://www.gem.wiki/Nigeria_LNG_Terminal","ProjectID":"T100000130259","UnitID":"G100002025902","CountriesOrAreas":"Nigeria","StartState/Province":"Rivers","StartLocation":"Rivers, Nigeria","Owner":"Nigeria LNG Ltd [100%]","Operator":"Nigeria LNG","StartYear1":"2000","FuelType":"LNG","FacilityType":"export","LocationAccuracy":"exact","Capacity":"3.3","CapacityUnits":"mtpa","CapacityMapScale":76890.0,"Tracker":"GGIT-LNG"}},{"type":"Feature","geometry":{"type":"Point","coordinates":[7.16157,4.41836]},"properties":{"PipelineName":"Nigeria LNG Terminal","SegmentName":"Unit T03","Status":"operating","Wiki":"https://www.gem.wiki/Nigeria_LNG_Terminal","ProjectID":"T100000130259","UnitID":"G100002025903","CountriesOrAreas":"Nigeria","StartState/Province":"Rivers","StartLocation":"Rivers, Nigeria","Owner":"Nigeria LNG Ltd [100%]","Operator":"Nigeria LNG","StartYear1":"2002","FuelType":"LNG","FacilityType":"export","LocationAccuracy":"exact","Capacity":"3.3","CapacityUnits":"mtpa","CapacityMapScale":76890.0,"Tracker":"GGIT-LNG"}},{"type":"Feature","geometry":{"type":"Point","coordinates":[7.16157,4.41836]},"properties":{"PipelineName":"Nigeria LNG Terminal","SegmentName":"Unit T04","Status":"operating","Wiki":"https://www.gem.wiki/Nigeria_LNG_Terminal","ProjectID":"T100000130259","UnitID":"G100002025904","CountriesOrAreas":"Nigeria","StartState/Province":"Rivers","StartLocation":"Rivers, Nigeria","Owner":"Nigeria LNG Ltd [100%]","Operator":"Nigeria LNG","StartYear1":"2005","FuelType":"LNG","FacilityType":"export","LocationAccuracy":"exact","Capacity":"4.1","CapacityUnits":"mtpa","CapacityMapScale":95530.0,"Tracker":"GGIT-LNG"}},{"type":"Feature","geometry":{"type":"Point","coordinates":[7.16157,4.41836]},"properties":{"PipelineName":"Nigeria LNG Terminal","SegmentName":"Unit T05","Status":"operating","Wiki":"https://www.gem.wiki/Nigeria_LNG_Terminal","ProjectID":"T100000130259","UnitID":"G100002025905","CountriesOrAreas":"Nigeria","StartState/Province":"Rivers","StartLocation":"Rivers, Nigeria","Owner":"Nigeria LNG Ltd [100%]","Operator":"Nigeria LNG","StartYear1":"2006","FuelType":"LNG","FacilityType":"export","LocationAccuracy":"exact","Capacity":"4.1","CapacityUnits":"mtpa","CapacityMapScale":95530.0,"Tracker":"GGIT-LNG"}},{"type":"Feature","geometry":{"type":"Point","coordinates":[7.16157,4.41836]},"properties":{"PipelineName":"Nigeria LNG Terminal","SegmentName":"Unit T06","Status":"operating","Wiki":"https://www.gem.wiki/Nigeria_LNG_Terminal","ProjectID":"T100000130259","UnitID":"G100002025906","CountriesOrAreas":"Nigeria","StartState/Province":"Rivers","StartLocation":"Rivers, Nigeria","Owner":"Nigeria LNG Ltd [100%]","Operator":"Nigeria LNG","StartYear1":"2008","FuelType":"LNG","FacilityType":"export","LocationAccuracy":"exact","Capacity":"4.1","CapacityUnits":"mtpa","CapacityMapScale":95530.0,"Tracker":"GGIT-LNG"}},{"type":"Feature","geometry":{"type":"Point","coordinates":[7.16157,4.41836]},"properties":{"PipelineName":"Nigeria LNG Terminal","SegmentName":"Unit T07","Status":"construction","Wiki":"https://www.gem.wiki/Nigeria_LNG_Terminal","ProjectID":"T100000130259","UnitID":"G100002025907","CountriesOrAreas":"Nigeria","StartState/Province":"Rivers","StartLocation":"Rivers, Nigeria","Owner":"Nigeria LNG Ltd [100%]","Operator":"Nigeria LNG","StartYear1":"","FuelType":"LNG","FacilityType":"export","LocationAccuracy":"exact","Capacity":"4.2","CapacityUnits":"mtpa","CapacityMapScale":97860.0,"Tracker":"GGIT-LNG"}},{"type":"Feature","geometry":{"type":"Point","coordinates":[7.16157,4.41836]},"properties":{"PipelineName":"Nigeria LNG Terminal","SegmentName":"Unit T08","Status":"shelved","Wiki":"https://www.gem.wiki/Nigeria_LNG_Terminal","ProjectID":"T100000130259","UnitID":"G100002025908","CountriesOrAreas":"Nigeria","StartState/Province":"Rivers","StartLocation":"Rivers, Nigeria","Owner":"Nigeria LNG Ltd [100%]","Operator":"Nigeria LNG","StartYear1":"","FuelType":"LNG","FacilityType":"export","LocationAccuracy":"exact","Capacity":"","CapacityUnits":"","CapacityMapScale":"","Tracker":"GGIT-LNG"}},{"type":"Feature","geometry":{"type":"Point","coordinates":[7.16157,4.41836]},"properties":{"PipelineName":"Nigeria LNG Terminal","SegmentName":"Unit T09","Status":"shelved","Wiki":"https://www.gem.wiki/Nigeria_LNG_Terminal","ProjectID":"T100000130259","UnitID":"G100002025909","CountriesOrAreas":"Nigeria","StartState/Province":"Rivers","StartLocation":"Rivers, Nigeria","Owner":"Nigeria LNG Ltd [100%]","Operator":"Nigeria LNG","StartYear1":"","FuelType":"LNG","FacilityType":"export","LocationAccuracy":"exact","Capacity":"","CapacityUnits":"","CapacityMapScale":"","Tracker":"GGIT-LNG"}},{"type":"Feature","geometry":{"type":"Point","coordinates":[7.16157,4.41836]},"properties":{"PipelineName":"Nigeria LNG Terminal","SegmentName":"Unit T10","Status":"shelved","Wiki":"https://www.gem.wiki/Nigeria_LNG_Terminal","ProjectID":"T100000130259","UnitID":"G100002025910","CountriesOrAreas":"Nigeria","StartState/Province":"Rivers","StartLocation":"Rivers, Nigeria","Owner":"Nigeria LNG Ltd [100%]","Operator":"Nigeria LNG","StartYear1":"","FuelType":"LNG","FacilityType":"export","LocationAccuracy":"exact","Capacity":"","CapacityUnits":"","CapacityMapScale":"","Tracker":"GGIT-LNG"}},{"type":"Feature","geometry":{"type":"Point","coordinates":[7.16157,4.41836]},"properties":{"PipelineName":"Nigeria LNG Terminal","SegmentName":"Unit T11","Status":"shelved","Wiki":"https://www.gem.wiki/Nigeria_LNG_Terminal","ProjectID":"T100000130259","UnitID":"G100002025911","CountriesOrAreas":"Nigeria","StartState/Province":"Rivers","StartLocation":"Rivers, Nigeria","Owner":"Nigeria LNG Ltd [100%]","Operator":"Nigeria LNG","StartYear1":"","FuelType":"LNG","FacilityType":"export","LocationAccuracy":"exact","Capacity":"","CapacityUnits":"","CapacityMapScale":"","Tracker":"GGIT-LNG"}},{"type":"Feature","geometry":{"type":"Point","coordinates":[7.16157,4.41836]},"properties":{"PipelineName":"Nigeria LNG Terminal","SegmentName":"Unit T12","Status":"shelved","Wiki":"https://www.gem.wiki/Nigeria_LNG_Terminal","ProjectID":"T100000130259","UnitID":"G100002025912","CountriesOrAreas":"Nigeria","StartState/Province":"Rivers","StartLocation":"Rivers, Nigeria","Owner":"Nigeria LNG Ltd [100%]","Operator":"Nigeria LNG","StartYear1":"","FuelType":"LNG","FacilityType":"export","LocationAccuracy":"exact","Capacity":"","CapacityUnits":"","CapacityMapScale":"","Tracker":"GGIT-LNG"}},{"type":"Feature","geometry":{"type":"Point","coordinates":[7.16157,4.41836]},"properties":{"PipelineName":"Nigeria LNG Terminal","SegmentName":"Unit Trains 1–6 Debottlenecking Project","Status":"proposed","Wiki":"https://www.gem.wiki/Nigeria_LNG_Terminal","ProjectID":"T100000130259","UnitID":"G100002025913","CountriesOrAreas":"Nigeria","StartState/Province":"Rivers","StartLocation":"Rivers, Nigeria","Owner":"Nigeria LNG Ltd [100%]","Operator":"Nigeria LNG","StartYear1":"","FuelType":"LNG","FacilityType":"export","LocationAccuracy":"exact","Capacity":"3.4","CapacityUnits":"mtpa","CapacityMapScale":79220.0,"Tracker":"GGIT-LNG"}},{"type":"Feature","geometry":{"type":"Point","coordinates":[133.2492592,33.9718848]},"properties":{"PipelineName":"Niihama LNG Terminal","SegmentName":"","Status":"operating","Wiki":"https://www.gem.wiki/Niihama_LNG_Terminal","ProjectID":"T100000130701","UnitID":"G100002070100","CountriesOrAreas":"Japan","StartState/Province":"Shikoku","StartLocation":"Shikoku, Japan","Owner":"Niihama LNG Co Ltd [100%]","Operator":"","StartYear1":"2022","FuelType":"LNG","FacilityType":"import","LocationAccuracy":"exact","Capacity":"1","CapacityUnits":"mtpa","CapacityMapScale":23300.0,"Tracker":"GGIT-LNG"}},{"type":"Feature","geometry":{"type":"Point","coordinates":[-48.692089,-25.445703]},"properties":{"PipelineName":"Nimofast Antonina LNG Terminal","SegmentName":"","Status":"shelved","Wiki":"https://www.gem.wiki/Nimofast_Antonina_LNG_Terminal","ProjectID":"T100000131121","UnitID":"G100002112100","CountriesOrAreas":"Brazil","StartState/Province":"Paraná","StartLocation":"Paraná, Brazil","Owner":"unknown [65%]; Nimofast [35%]","Operator":"Nimofast","StartYear1":"","FuelType":"LNG","FacilityType":"import","LocationAccuracy":"approximate","Capacity":"2.19","CapacityUnits":"bcm/y","CapacityMapScale":37504.8,"Tracker":"GGIT-LNG"}},{"type":"Feature","geometry":{"type":"Point","coordinates":[-130.4,54.733333]},"properties":{"PipelineName":"Nisga'a LNG Terminal","SegmentName":"","Status":"cancelled","Wiki":"https://www.gem.wiki/Nisga'a_LNG_Terminal","ProjectID":"T100000130361","UnitID":"G100002036101","CountriesOrAreas":"Canada","StartState/Province":"British Columbia","StartLocation":"British Columbia, Canada","Owner":"Government of Nisga’a Lisims [100%]","Operator":"","StartYear1":"","FuelType":"LNG","FacilityType":"export","LocationAccuracy":"approximate","Capacity":"","CapacityUnits":"","CapacityMapScale":"","Tracker":"GGIT-LNG"}},{"type":"Feature","geometry":{"type":"Point","coordinates":[11.5553,-5.2777]},"properties":{"PipelineName":"Nkossa FLNG Terminal","SegmentName":"","Status":"proposed","Wiki":"https://www.gem.wiki/Nkossa_FLNG_Terminal","ProjectID":"T100001083728","UnitID":"G100001094888","CountriesOrAreas":"Republic of the Congo","StartState/Province":"","StartLocation":"Republic of the Congo","Owner":"Trident Energy LP [85%]; Société Nationale Des Pétroles Du Congo [15%]","Operator":"Trident Energy","StartYear1":"","FuelType":"LNG","FacilityType":"export","LocationAccuracy":"approximate","Capacity":"","CapacityUnits":"","CapacityMapScale":"","Tracker":"GGIT-LNG"}},{"type":"Feature","geometry":{"type":"Point","coordinates":[-89.942134,29.644625]},"properties":{"PipelineName":"NOLA Oil Terminal","SegmentName":"","Status":"construction","Wiki":"https://www.gem.wiki/NOLA_Oil_Terminal","ProjectID":"T100000130742","UnitID":"G100002074200","CountriesOrAreas":"United States","StartState/Province":"Louisiana","StartLocation":"Louisiana, United States","Owner":"Blue Marlin Offshore Port LLC [100%]","Operator":"","StartYear1":"","FuelType":"Oil","FacilityType":"export","LocationAccuracy":"approximate","Capacity":"","CapacityUnits":"","CapacityMapScale":"","Tracker":"GGIT-LNG"}},{"type":"Feature","geometry":{"type":"Point","coordinates":[-85.310654,29.819501]},"properties":{"PipelineName":"Nopetro LNG Terminal","SegmentName":"","Status":"cancelled","Wiki":"https://www.gem.wiki/Nopetro_LNG_Terminal","ProjectID":"T100000131130","UnitID":"G100002113001","CountriesOrAreas":"United States","StartState/Province":"Florida","StartLocation":"Florida, United States","Owner":"Nopetro LNG LLC [100%]","Operator":"Nopetro LNG","StartYear1":"","FuelType":"LNG","FacilityType":"export","LocationAccuracy":"approximate","Capacity":"0.01","CapacityUnits":"bcf/d","CapacityMapScale":1787.1,"Tracker":"GGIT-LNG"}},{"type":"Feature","geometry":{"type":"Point","coordinates":[127.712685,34.871552]},"properties":{"PipelineName":"Northeast Asia LNG Hub Terminal","SegmentName":"","Status":"construction","Wiki":"https://www.gem.wiki/Northeast_Asia_LNG_Hub_Terminal","ProjectID":"T100000130891","UnitID":"G100002089100","CountriesOrAreas":"South Korea","StartState/Province":"","StartLocation":"South Korea","Owner":"Northeast Asia LNG Hub Terminal Co Ltd [100%]","Operator":"","StartYear1":"","FuelType":"LNG","FacilityType":"import","LocationAccuracy":"exact","Capacity":"3","CapacityUnits":"mtpa","CapacityMapScale":69900.0,"Tracker":"GGIT-LNG"}},{"type":"Feature","geometry":{"type":"Point","coordinates":[-70.5919892,42.3940079]},"properties":{"PipelineName":"Northeast Gateway LNG Terminal","SegmentName":"","Status":"idled","Wiki":"https://www.gem.wiki/Northeast_Gateway_FSRU","ProjectID":"T100000130632","UnitID":"G100002063200","CountriesOrAreas":"United States","StartState/Province":"Massachusetts","StartLocation":"Massachusetts, United States","Owner":"Northeast Gateway Energy Bridge LLC [100%]","Operator":"Northeast Gateway Energy Bridge","StartYear1":"2008","FuelType":"LNG","FacilityType":"import","LocationAccuracy":"exact","Capacity":"800","CapacityUnits":"MMcf/d","CapacityMapScale":142968.8,"Tracker":"GGIT-LNG"}},{"type":"Feature","geometry":{"type":"Point","coordinates":[130.960794,-12.540309]},"properties":{"PipelineName":"Northern Territory LNG Terminal","SegmentName":"","Status":"shelved","Wiki":"https://www.gem.wiki/Northern_Territory_LNG_Terminal","ProjectID":"T100000131118","UnitID":"G100002111801","CountriesOrAreas":"Australia","StartState/Province":"Northern Territory","StartLocation":"Northern Territory, Australia","Owner":"Tamboran Resources Corp [100%]","Operator":"","StartYear1":"","FuelType":"LNG","FacilityType":"export","LocationAccuracy":"approximate","Capacity":"6.6","CapacityUnits":"mtpa","CapacityMapScale":153780.0,"Tracker":"GGIT-LNG"}},{"type":"Feature","geometry":{"type":"Point","coordinates":[106.796686,20.823732]},"properties":{"PipelineName":"Northern Vietnam LNG Terminal","SegmentName":"Unit Phase 1","Status":"shelved","Wiki":"https://www.gem.wiki/Northern_Vietnam_LNG_Terminal","ProjectID":"T100000131176","UnitID":"G100002117600","CountriesOrAreas":"Vietnam","StartState/Province":"Hai Phong","StartLocation":"Hai Phong, Vietnam","Owner":"Excelerate Energy LP; ITECO JSC","Operator":"","StartYear1":"","FuelType":"LNG","FacilityType":"import","LocationAccuracy":"approximate","Capacity":"0.7","CapacityUnits":"mtpa","CapacityMapScale":16310.0,"Tracker":"GGIT-LNG"}},{"type":"Feature","geometry":{"type":"Point","coordinates":[106.796686,20.823732]},"properties":{"PipelineName":"Northern Vietnam LNG Terminal","SegmentName":"Unit Phase 2","Status":"shelved","Wiki":"https://www.gem.wiki/Northern_Vietnam_LNG_Terminal","ProjectID":"T100000131176","UnitID":"G100002117601","CountriesOrAreas":"Vietnam","StartState/Province":"Hai Phong","StartLocation":"Hai Phong, Vietnam","Owner":"Excelerate Energy LP; ITECO JSC","Operator":"","StartYear1":"","FuelType":"LNG","FacilityType":"import","LocationAccuracy":"approximate","Capacity":"0.5","CapacityUnits":"mtpa","CapacityMapScale":11650.0,"Tracker":"GGIT-LNG"}},{"type":"Feature","geometry":{"type":"Point","coordinates":[52.164273,27.735286]},"properties":{"PipelineName":"North Pars LNG Terminal","SegmentName":"","Status":"cancelled","Wiki":"https://www.gem.wiki/North_Pars_LNG_Terminal","ProjectID":"T100000130584","UnitID":"G100002058401","CountriesOrAreas":"Iran","StartState/Province":"","StartLocation":"Iran","Owner":"National Iranian Oil Co [100%]","Operator":"China National Offshore Oil","StartYear1":"","FuelType":"LNG","FacilityType":"export","LocationAccuracy":"approximate","Capacity":"20","CapacityUnits":"mtpa","CapacityMapScale":466000.0,"Tracker":"GGIT-LNG"}},{"type":"Feature","geometry":{"type":"Point","coordinates":[116.7767,-20.59424]},"properties":{"PipelineName":"North West Shelf LNG Terminal","SegmentName":"Unit T1","Status":"operating","Wiki":"https://www.gem.wiki/North_West_Shelf_LNG_Terminal","ProjectID":"T100000130337","UnitID":"G100002033701","CountriesOrAreas":"Australia","StartState/Province":"Western Australia","StartLocation":"Western Australia, Australia","Owner":"BHP Group Ltd [16.67%]; BP PLC [16.67%]; Chevron Corp [16.67%]; Japan Australia LNG (MIMI) Pty Ltd [16.67%]; Shell PLC [16.67%]; Woodside Energy Group Ltd [16.67%]","Operator":"Woodside","StartYear1":"1989","FuelType":"LNG","FacilityType":"export","LocationAccuracy":"exact","Capacity":"2.5","CapacityUnits":"mtpa","CapacityMapScale":58250.0,"Tracker":"GGIT-LNG"}},{"type":"Feature","geometry":{"type":"Point","coordinates":[116.7767,-20.59424]},"properties":{"PipelineName":"North West Shelf LNG Terminal","SegmentName":"Unit T2","Status":"retired","Wiki":"https://www.gem.wiki/North_West_Shelf_LNG_Terminal","ProjectID":"T100000130337","UnitID":"G100002033702","CountriesOrAreas":"Australia","StartState/Province":"Western Australia","StartLocation":"Western Australia, Australia","Owner":"BHP Group Ltd [16.67%]; BP PLC [16.67%]; Chevron Corp [16.67%]; Japan Australia LNG (MIMI) Pty Ltd [16.67%]; Shell PLC [16.67%]; Woodside Energy Group Ltd [16.67%]","Operator":"Woodside","StartYear1":"1989","FuelType":"LNG","FacilityType":"export","LocationAccuracy":"exact","Capacity":"2.5","CapacityUnits":"mtpa","CapacityMapScale":58250.0,"Tracker":"GGIT-LNG"}},{"type":"Feature","geometry":{"type":"Point","coordinates":[116.7767,-20.59424]},"properties":{"PipelineName":"North West Shelf LNG Terminal","SegmentName":"Unit T3","Status":"operating","Wiki":"https://www.gem.wiki/North_West_Shelf_LNG_Terminal","ProjectID":"T100000130337","UnitID":"G100002033703","CountriesOrAreas":"Australia","StartState/Province":"Western Australia","StartLocation":"Western Australia, Australia","Owner":"BHP Group Ltd [16.67%]; BP PLC [16.67%]; Chevron Corp [16.67%]; Japan Australia LNG (MIMI) Pty Ltd [16.67%]; Shell PLC [16.67%]; Woodside Energy Group Ltd [16.67%]","Operator":"Woodside","StartYear1":"1992","FuelType":"LNG","FacilityType":"export","LocationAccuracy":"exact","Capacity":"2.5","CapacityUnits":"mtpa","CapacityMapScale":58250.0,"Tracker":"GGIT-LNG"}},{"type":"Feature","geometry":{"type":"Point","coordinates":[116.7767,-20.59424]},"properties":{"PipelineName":"North West Shelf LNG Terminal","SegmentName":"Unit T4","Status":"operating","Wiki":"https://www.gem.wiki/North_West_Shelf_LNG_Terminal","ProjectID":"T100000130337","UnitID":"G100002033704","CountriesOrAreas":"Australia","StartState/Province":"Western Australia","StartLocation":"Western Australia, Australia","Owner":"BHP Group Ltd [16.67%]; BP PLC [16.67%]; Chevron Corp [16.67%]; Japan Australia LNG (MIMI) Pty Ltd [16.67%]; Shell PLC [16.67%]; Woodside Energy Group Ltd [16.67%]","Operator":"Woodside","StartYear1":"2004","FuelType":"LNG","FacilityType":"export","LocationAccuracy":"exact","Capacity":"4.7","CapacityUnits":"mtpa","CapacityMapScale":109510.0,"Tracker":"GGIT-LNG"}},{"type":"Feature","geometry":{"type":"Point","coordinates":[116.7767,-20.59424]},"properties":{"PipelineName":"North West Shelf LNG Terminal","SegmentName":"Unit T5","Status":"operating","Wiki":"https://www.gem.wiki/North_West_Shelf_LNG_Terminal","ProjectID":"T100000130337","UnitID":"G100002033705","CountriesOrAreas":"Australia","StartState/Province":"Western Australia","StartLocation":"Western Australia, Australia","Owner":"BHP Group Ltd [16.67%]; BP PLC [16.67%]; Chevron Corp [16.67%]; Japan Australia LNG (MIMI) Pty Ltd [16.67%]; Shell PLC [16.67%]; Woodside Energy Group Ltd [16.67%]","Operator":"Woodside","StartYear1":"2008","FuelType":"LNG","FacilityType":"export","LocationAccuracy":"exact","Capacity":"4.7","CapacityUnits":"mtpa","CapacityMapScale":109510.0,"Tracker":"GGIT-LNG"}},{"type":"Feature","geometry":{"type":"Point","coordinates":[106.82,-5.992909]},"properties":{"PipelineName":"Nusantara Regas Satu Terminal","SegmentName":"","Status":"operating","Wiki":"https://www.gem.wiki/Nusantara_Regas_Satu_Terminal","ProjectID":"T100000130284","UnitID":"G100002028400","CountriesOrAreas":"Indonesia","StartState/Province":"West Java","StartLocation":"West Java, Indonesia","Owner":"PT Nusantara Regas [100%]","Operator":"New Fortress Energy; PT Nusantara Regas","StartYear1":"2012","FuelType":"LNG","FacilityType":"import","LocationAccuracy":"exact","Capacity":"3","CapacityUnits":"mtpa","CapacityMapScale":69900.0,"Tracker":"GGIT-LNG"}},{"type":"Feature","geometry":{"type":"Point","coordinates":[72.0725,71.2733]},"properties":{"PipelineName":"Obsky LNG Terminal","SegmentName":"Unit T1","Status":"proposed","Wiki":"https://www.gem.wiki/Obsky_LNG_Terminal","ProjectID":"T100000130921","UnitID":"G100002092101","CountriesOrAreas":"Russia","StartState/Province":"Yamai Peninsula","StartLocation":"Yamai Peninsula, Russia","Owner":"Novatek PJSC [100%]","Operator":"Novatek","StartYear1":"","FuelType":"LNG","FacilityType":"export","LocationAccuracy":"approximate","Capacity":"4.8","CapacityUnits":"mtpa","CapacityMapScale":111840.0,"Tracker":"GGIT-LNG"}},{"type":"Feature","geometry":{"type":"Point","coordinates":[-79.21667,25.41667]},"properties":{"PipelineName":"Ocean Cay LNG Terminal","SegmentName":"","Status":"cancelled","Wiki":"https://www.gem.wiki/Ocean_Cay_LNG_Terminal","ProjectID":"T100000130544","UnitID":"G100002054400","CountriesOrAreas":"Bahamas","StartState/Province":"","StartLocation":"Bahamas","Owner":"AES Corp [100%]","Operator":"AES","StartYear1":"","FuelType":"LNG","FacilityType":"import","LocationAccuracy":"approximate","Capacity":"6.42","CapacityUnits":"mtpa","CapacityMapScale":149586.0,"Tracker":"GGIT-LNG"}},{"type":"Feature","geometry":{"type":"Point","coordinates":[-118.687825,33.774258]},"properties":{"PipelineName":"OceanWay LNG Terminal","SegmentName":"","Status":"cancelled","Wiki":"https://www.gem.wiki/OceanWay_LNG_Terminal","ProjectID":"T100000130655","UnitID":"G100002065500","CountriesOrAreas":"United States","StartState/Province":"California","StartLocation":"California, United States","Owner":"Woodside Energy Group Ltd [100%]","Operator":"","StartYear1":"","FuelType":"LNG","FacilityType":"import","LocationAccuracy":"approximate","Capacity":"1.2","CapacityUnits":"bcf/d","CapacityMapScale":214453.2,"Tracker":"GGIT-LNG"}},{"type":"Feature","geometry":{"type":"Point","coordinates":[139.739692,35.493545]},"properties":{"PipelineName":"Ohgishima LNG Terminal","SegmentName":"Unit Expansion 1","Status":"operating","Wiki":"https://www.gem.wiki/Ohgishima_LNG_Terminal","ProjectID":"T100000130507","UnitID":"G100001094390","CountriesOrAreas":"Japan","StartState/Province":"Kanto","StartLocation":"Kanto, Japan","Owner":"Tokyo Gas Co Ltd [100%]","Operator":"Tokyo Gas","StartYear1":"2009","FuelType":"LNG","FacilityType":"import","LocationAccuracy":"exact","Capacity":"3.5","CapacityUnits":"mtpa","CapacityMapScale":81550.0,"Tracker":"GGIT-LNG"}},{"type":"Feature","geometry":{"type":"Point","coordinates":[139.739692,35.493545]},"properties":{"PipelineName":"Ohgishima LNG Terminal","SegmentName":"Unit Expansion 2","Status":"operating","Wiki":"https://www.gem.wiki/Ohgishima_LNG_Terminal","ProjectID":"T100000130507","UnitID":"G100001094392","CountriesOrAreas":"Japan","StartState/Province":"Kanto","StartLocation":"Kanto, Japan","Owner":"Tokyo Gas Co Ltd [100%]","Operator":"Tokyo Gas","StartYear1":"2015","FuelType":"LNG","FacilityType":"import","LocationAccuracy":"exact","Capacity":"1.1","CapacityUnits":"mtpa","CapacityMapScale":25630.0,"Tracker":"GGIT-LNG"}},{"type":"Feature","geometry":{"type":"Point","coordinates":[139.739692,35.493545]},"properties":{"PipelineName":"Ohgishima LNG Terminal","SegmentName":"","Status":"operating","Wiki":"https://www.gem.wiki/Ohgishima_LNG_Terminal","ProjectID":"T100000130507","UnitID":"G100002050700","CountriesOrAreas":"Japan","StartState/Province":"Kanto","StartLocation":"Kanto, Japan","Owner":"Tokyo Gas Co Ltd [100%]","Operator":"Tokyo Gas","StartYear1":"1998","FuelType":"LNG","FacilityType":"import","LocationAccuracy":"exact","Capacity":"5.7","CapacityUnits":"mtpa","CapacityMapScale":132810.0,"Tracker":"GGIT-LNG"}},{"type":"Feature","geometry":{"type":"Point","coordinates":[131.7077,33.2707]},"properties":{"PipelineName":"Oita LNG Terminal","SegmentName":"Unit Expansion","Status":"operating","Wiki":"https://www.gem.wiki/Oita_LNG_Terminal","ProjectID":"T100000130509","UnitID":"G100001094393","CountriesOrAreas":"Japan","StartState/Province":"Kyushu","StartLocation":"Kyushu, Japan","Owner":"Oita LNG Co Inc [100%]","Operator":"","StartYear1":"2015","FuelType":"LNG","FacilityType":"import","LocationAccuracy":"exact","Capacity":"0.8","CapacityUnits":"mtpa","CapacityMapScale":18640.0,"Tracker":"GGIT-LNG"}},{"type":"Feature","geometry":{"type":"Point","coordinates":[131.7077,33.2707]},"properties":{"PipelineName":"Oita LNG Terminal","SegmentName":"","Status":"operating","Wiki":"https://www.gem.wiki/Oita_LNG_Terminal","ProjectID":"T100000130509","UnitID":"G100002050900","CountriesOrAreas":"Japan","StartState/Province":"Kyushu","StartLocation":"Kyushu, Japan","Owner":"Oita LNG Co Inc [100%]","Operator":"","StartYear1":"1990","FuelType":"LNG","FacilityType":"import","LocationAccuracy":"exact","Capacity":"4.6","CapacityUnits":"mtpa","CapacityMapScale":107180.0,"Tracker":"GGIT-LNG"}},{"type":"Feature","geometry":{"type":"Point","coordinates":[-77.1163371,17.8446252]},"properties":{"PipelineName":"Old Harbour FSRU","SegmentName":"","Status":"operating","Wiki":"https://www.gem.wiki/Old_Harbour_FSRU","ProjectID":"T100000130684","UnitID":"G100002068400","CountriesOrAreas":"Jamaica","StartState/Province":"","StartLocation":"Jamaica","Owner":"Excelerate Energy Inc [100%]","Operator":"Höegh Evi [TO BE DELETED]","StartYear1":"2019","FuelType":"LNG","FacilityType":"import","LocationAccuracy":"exact","Capacity":"3.6","CapacityUnits":"mtpa","CapacityMapScale":83880.0,"Tracker":"GGIT-LNG"}},{"type":"Feature","geometry":{"type":"Point","coordinates":[8.320278,5.021667]},"properties":{"PipelineName":"Olokola LNG Terminal","SegmentName":"Unit T1","Status":"proposed","Wiki":"https://www.gem.wiki/Olokola_LNG_Terminal","ProjectID":"T100000130262","UnitID":"G100002026201","CountriesOrAreas":"Nigeria","StartState/Province":"Cross River State","StartLocation":"Cross River State, Nigeria","Owner":"NNPC Ltd [100%]","Operator":"","StartYear1":"","FuelType":"LNG","FacilityType":"export","LocationAccuracy":"approximate","Capacity":"6.3","CapacityUnits":"mtpa","CapacityMapScale":146790.0,"Tracker":"GGIT-LNG"}},{"type":"Feature","geometry":{"type":"Point","coordinates":[8.320278,5.021667]},"properties":{"PipelineName":"Olokola LNG Terminal","SegmentName":"Unit T2","Status":"proposed","Wiki":"https://www.gem.wiki/Olokola_LNG_Terminal","ProjectID":"T100000130262","UnitID":"G100002026202","CountriesOrAreas":"Nigeria","StartState/Province":"Cross River State","StartLocation":"Cross River State, Nigeria","Owner":"NNPC Ltd [100%]","Operator":"","StartYear1":"","FuelType":"LNG","FacilityType":"export","LocationAccuracy":"approximate","Capacity":"6.3","CapacityUnits":"mtpa","CapacityMapScale":146790.0,"Tracker":"GGIT-LNG"}},{"type":"Feature","geometry":{"type":"Point","coordinates":[8.320278,5.021667]},"properties":{"PipelineName":"Olokola LNG Terminal","SegmentName":"Unit T3","Status":"cancelled","Wiki":"https://www.gem.wiki/Olokola_LNG_Terminal","ProjectID":"T100000130262","UnitID":"G100002026203","CountriesOrAreas":"Nigeria","StartState/Province":"Cross River State","StartLocation":"Cross River State, Nigeria","Owner":"NNPC Ltd [100%]","Operator":"","StartYear1":"","FuelType":"LNG","FacilityType":"export","LocationAccuracy":"approximate","Capacity":"5.5","CapacityUnits":"mtpa","CapacityMapScale":128150.0,"Tracker":"GGIT-LNG"}},{"type":"Feature","geometry":{"type":"Point","coordinates":[8.320278,5.021667]},"properties":{"PipelineName":"Olokola LNG Terminal","SegmentName":"Unit T4","Status":"cancelled","Wiki":"https://www.gem.wiki/Olokola_LNG_Terminal","ProjectID":"T100000130262","UnitID":"G100002026204","CountriesOrAreas":"Nigeria","StartState/Province":"Cross River State","StartLocation":"Cross River State, Nigeria","Owner":"NNPC Ltd [100%]","Operator":"","StartYear1":"","FuelType":"LNG","FacilityType":"export","LocationAccuracy":"approximate","Capacity":"5.5","CapacityUnits":"mtpa","CapacityMapScale":128150.0,"Tracker":"GGIT-LNG"}},{"type":"Feature","geometry":{"type":"Point","coordinates":[59.40748,22.6586]},"properties":{"PipelineName":"Oman Qalhat LNG Terminal","SegmentName":"Unit T1","Status":"operating","Wiki":"https://www.gem.wiki/Oman_Qalhat_LNG_Terminal","ProjectID":"T100000130593","UnitID":"G100002059301","CountriesOrAreas":"Oman","StartState/Province":"Ash Sharqiyah","StartLocation":"Ash Sharqiyah, Oman","Owner":"","Operator":"Oman LNG","StartYear1":"1999","FuelType":"LNG","FacilityType":"export","LocationAccuracy":"exact","Capacity":"3.8","CapacityUnits":"mtpa","CapacityMapScale":88540.0,"Tracker":"GGIT-LNG"}},{"type":"Feature","geometry":{"type":"Point","coordinates":[59.40748,22.6586]},"properties":{"PipelineName":"Oman Qalhat LNG Terminal","SegmentName":"Unit T2","Status":"operating","Wiki":"https://www.gem.wiki/Oman_Qalhat_LNG_Terminal","ProjectID":"T100000130593","UnitID":"G100002059302","CountriesOrAreas":"Oman","StartState/Province":"Ash Sharqiyah","StartLocation":"Ash Sharqiyah, Oman","Owner":"","Operator":"Oman LNG","StartYear1":"2000","FuelType":"LNG","FacilityType":"export","LocationAccuracy":"exact","Capacity":"3.8","CapacityUnits":"mtpa","CapacityMapScale":88540.0,"Tracker":"GGIT-LNG"}},{"type":"Feature","geometry":{"type":"Point","coordinates":[59.40748,22.6586]},"properties":{"PipelineName":"Oman Qalhat LNG Terminal","SegmentName":"Unit T3","Status":"operating","Wiki":"https://www.gem.wiki/Oman_Qalhat_LNG_Terminal","ProjectID":"T100000130593","UnitID":"G100002059303","CountriesOrAreas":"Oman","StartState/Province":"Ash Sharqiyah","StartLocation":"Ash Sharqiyah, Oman","Owner":"","Operator":"Oman LNG","StartYear1":"2006","FuelType":"LNG","FacilityType":"export","LocationAccuracy":"exact","Capacity":"3.8","CapacityUnits":"mtpa","CapacityMapScale":88540.0,"Tracker":"GGIT-LNG"}},{"type":"Feature","geometry":{"type":"Point","coordinates":[59.40748,22.6586]},"properties":{"PipelineName":"Oman Qalhat LNG Terminal","SegmentName":"Unit Debottlenecking Project","Status":"operating","Wiki":"https://www.gem.wiki/Oman_Qalhat_LNG_Terminal","ProjectID":"T100000130593","UnitID":"G100002059304","CountriesOrAreas":"Oman","StartState/Province":"Ash Sharqiyah","StartLocation":"Ash Sharqiyah, Oman","Owner":"","Operator":"Oman LNG","StartYear1":"2023","FuelType":"LNG","FacilityType":"export","LocationAccuracy":"exact","Capacity":"","CapacityUnits":"","CapacityMapScale":"","Tracker":"GGIT-LNG"}},{"type":"Feature","geometry":{"type":"Point","coordinates":[59.40748,22.6586]},"properties":{"PipelineName":"Oman Qalhat LNG Terminal","SegmentName":"Unit T4","Status":"proposed","Wiki":"https://www.gem.wiki/Oman_Qalhat_LNG_Terminal","ProjectID":"T100000130593","UnitID":"G100002059306","CountriesOrAreas":"Oman","StartState/Province":"Ash Sharqiyah","StartLocation":"Ash Sharqiyah, Oman","Owner":"","Operator":"Oman LNG","StartYear1":"","FuelType":"LNG","FacilityType":"export","LocationAccuracy":"exact","Capacity":"3.8","CapacityUnits":"mtpa","CapacityMapScale":88540.0,"Tracker":"GGIT-LNG"}},{"type":"Feature","geometry":{"type":"Point","coordinates":[-130.338027,54.24531]},"properties":{"PipelineName":"Orca FLNG Terminal","SegmentName":"Unit T1-T6","Status":"cancelled","Wiki":"https://www.gem.wiki/Orca_FLNG_Terminal","ProjectID":"T100000130362","UnitID":"G100002036201","CountriesOrAreas":"Canada","StartState/Province":"British Columbia","StartLocation":"British Columbia, Canada","Owner":"Orca LNG Ltd [100%]","Operator":"","StartYear1":"","FuelType":"LNG","FacilityType":"export","LocationAccuracy":"approximate","Capacity":"24","CapacityUnits":"mtpa","CapacityMapScale":559200.0,"Tracker":"GGIT-LNG"}},{"type":"Feature","geometry":{"type":"Point","coordinates":[-123.9092231,46.1764445]},"properties":{"PipelineName":"Oregon LNG Terminal","SegmentName":"Unit Import Terminal","Status":"cancelled","Wiki":"https://www.gem.wiki/Oregon_LNG_Terminal","ProjectID":"T100000130652","UnitID":"G100002065200","CountriesOrAreas":"United States","StartState/Province":"Oregon","StartLocation":"Oregon, United States","Owner":"Jefferies Financial Group Inc [100%]","Operator":"","StartYear1":"","FuelType":"LNG","FacilityType":"import","LocationAccuracy":"approximate","Capacity":"0.5","CapacityUnits":"bcf/d","CapacityMapScale":89355.5,"Tracker":"GGIT-LNG"}},{"type":"Feature","geometry":{"type":"Point","coordinates":[-123.9092231,46.1764445]},"properties":{"PipelineName":"Oregon LNG Terminal","SegmentName":"Unit Export Terminal (T1-T2)","Status":"cancelled","Wiki":"https://www.gem.wiki/Oregon_LNG_Terminal","ProjectID":"T100000130652","UnitID":"G100002065201","CountriesOrAreas":"United States","StartState/Province":"Oregon","StartLocation":"Oregon, United States","Owner":"Jefferies Financial Group Inc [100%]","Operator":"","StartYear1":"","FuelType":"LNG","FacilityType":"export","LocationAccuracy":"approximate","Capacity":"9.6","CapacityUnits":"mtpa","CapacityMapScale":223680.0,"Tracker":"GGIT-LNG"}},{"type":"Feature","geometry":{"type":"Point","coordinates":[8.5606641,39.8612438]},"properties":{"PipelineName":"Oristano FSRU","SegmentName":"","Status":"proposed","Wiki":"https://www.gem.wiki/Oristano_FSRU","ProjectID":"T100001084124","UnitID":"G100001095485","CountriesOrAreas":"Italy","StartState/Province":"","StartLocation":"Italy","Owner":"Snam SpA [100%]","Operator":"Snam","StartYear1":"","FuelType":"LNG","FacilityType":"import","LocationAccuracy":"approximate","Capacity":"","CapacityUnits":"","CapacityMapScale":"","Tracker":"GGIT-LNG"}},{"type":"Feature","geometry":{"type":"Point","coordinates":[138.4991772,-34.7657711]},"properties":{"PipelineName":"Outer Harbor FSRU","SegmentName":"","Status":"proposed","Wiki":"https://www.gem.wiki/Outer_Harbor_FSRU","ProjectID":"T100000130607","UnitID":"G100002060700","CountriesOrAreas":"Australia","StartState/Province":"South Australia","StartLocation":"South Australia, Australia","Owner":"AG&P Terminals & Logistics Pte Ltd [100%]","Operator":"AG&P Terminals & Logistics","StartYear1":"","FuelType":"LNG","FacilityType":"import","LocationAccuracy":"exact","Capacity":"2","CapacityUnits":"mtpa","CapacityMapScale":46600.0,"Tracker":"GGIT-LNG"}},{"type":"Feature","geometry":{"type":"Point","coordinates":[-119.1825,34.191389]},"properties":{"PipelineName":"Oxnard LNG Terminal","SegmentName":"","Status":"cancelled","Wiki":"https://www.gem.wiki/Oxnard_LNG_Terminal","ProjectID":"T100000130847","UnitID":"G100002084700","CountriesOrAreas":"United States","StartState/Province":"California","StartLocation":"California, United States","Owner":"Clearwater Port LLC [100%]","Operator":"","StartYear1":"","FuelType":"LNG","FacilityType":"import","LocationAccuracy":"approximate","Capacity":"11.5","CapacityUnits":"mtpa","CapacityMapScale":267950.0,"Tracker":"GGIT-LNG"}},{"type":"Feature","geometry":{"type":"Point","coordinates":[-130.289,54.2]},"properties":{"PipelineName":"Pacific NorthWest LNG Terminal","SegmentName":"Unit T3","Status":"cancelled","Wiki":"https://www.gem.wiki/Pacific_NorthWest_LNG_Terminal","ProjectID":"T100000130363","UnitID":"G100001094661","CountriesOrAreas":"Canada","StartState/Province":"British Columbia","StartLocation":"British Columbia, Canada","Owner":"Pacific NorthWest LNG LP [100%]","Operator":"","StartYear1":"","FuelType":"LNG","FacilityType":"export","LocationAccuracy":"approximate","Capacity":"7.25","CapacityUnits":"mtpa","CapacityMapScale":168925.0,"Tracker":"GGIT-LNG"}},{"type":"Feature","geometry":{"type":"Point","coordinates":[-130.289,54.2]},"properties":{"PipelineName":"Pacific NorthWest LNG Terminal","SegmentName":"Unit T1-T2","Status":"cancelled","Wiki":"https://www.gem.wiki/Pacific_NorthWest_LNG_Terminal","ProjectID":"T100000130363","UnitID":"G100002036301","CountriesOrAreas":"Canada","StartState/Province":"British Columbia","StartLocation":"British Columbia, Canada","Owner":"Pacific NorthWest LNG LP [100%]","Operator":"","StartYear1":"","FuelType":"LNG","FacilityType":"export","LocationAccuracy":"approximate","Capacity":"14.5","CapacityUnits":"mtpa","CapacityMapScale":337850.0,"Tracker":"GGIT-LNG"}},{"type":"Feature","geometry":{"type":"Point","coordinates":[121.7487047,13.920371]},"properties":{"PipelineName":"Pagbilao Grande Island LNG Terminal","SegmentName":"","Status":"cancelled","Wiki":"https://www.gem.wiki/Pagbilao_Grande_Island_LNG_Terminal","ProjectID":"T100000130308","UnitID":"G100002030800","CountriesOrAreas":"Philippines","StartState/Province":"Quezon","StartLocation":"Quezon, Philippines","Owner":"Energy World Corp Ltd [100%]","Operator":"Energy World","StartYear1":"","FuelType":"LNG","FacilityType":"import","LocationAccuracy":"exact","Capacity":"3","CapacityUnits":"mtpa","CapacityMapScale":69900.0,"Tracker":"GGIT-LNG"}},{"type":"Feature","geometry":{"type":"Point","coordinates":[66.972761,24.812582]},"properties":{"PipelineName":"Pakistan State Oil LNG Terminal","SegmentName":"","Status":"cancelled","Wiki":"https://www.gem.wiki/Pakistan_State_Oil_LNG_Terminal","ProjectID":"T100000131103","UnitID":"G100002110300","CountriesOrAreas":"Pakistan","StartState/Province":"","StartLocation":"Pakistan","Owner":"Pakistan State Oil Co Ltd [100%]","Operator":"","StartYear1":"","FuelType":"LNG","FacilityType":"import","LocationAccuracy":"approximate","Capacity":"","CapacityUnits":"","CapacityMapScale":"","Tracker":"GGIT-LNG"}},{"type":"Feature","geometry":{"type":"Point","coordinates":[24.073367,59.385231]},"properties":{"PipelineName":"Paldiski FSRU","SegmentName":"","Status":"construction","Wiki":"https://www.gem.wiki/Paldiski_FSRU","ProjectID":"T100000131004","UnitID":"G100002100400","CountriesOrAreas":"Estonia","StartState/Province":"","StartLocation":"Estonia","Owner":"Estonian Stockpiling Agency AS [100%]","Operator":"","StartYear1":"","FuelType":"LNG","FacilityType":"import","LocationAccuracy":"exact","Capacity":"","CapacityUnits":"","CapacityMapScale":"","Tracker":"GGIT-LNG"}},{"type":"Feature","geometry":{"type":"Point","coordinates":[24.07494,59.38445]},"properties":{"PipelineName":"Paldiski LNG Terminal","SegmentName":"","Status":"shelved","Wiki":"https://www.gem.wiki/Paldiski_LNG_Terminal","ProjectID":"T100000130434","UnitID":"G100002043400","CountriesOrAreas":"Estonia","StartState/Province":"Harju","StartLocation":"Harju, Estonia","Owner":"Alexela AS [100%]; Infortar AS","Operator":"","StartYear1":"","FuelType":"LNG","FacilityType":"import","LocationAccuracy":"exact","Capacity":"2.5","CapacityUnits":"bcm/y","CapacityMapScale":42813.8,"Tracker":"GGIT-LNG"}},{"type":"Feature","geometry":{"type":"Point","coordinates":[119.86043,-0.71358]},"properties":{"PipelineName":"Palu LNG Terminal","SegmentName":"","Status":"cancelled","Wiki":"https://www.gem.wiki/Palu_LNG_Terminal","ProjectID":"T100000131070","UnitID":"G100002107000","CountriesOrAreas":"Indonesia","StartState/Province":"Central Sulawesi","StartLocation":"Central Sulawesi, Indonesia","Owner":"Aslan Energy Capital; PT Agri Maritim Sulteng","Operator":"","StartYear1":"","FuelType":"LNG","FacilityType":"import","LocationAccuracy":"approximate","Capacity":"2","CapacityUnits":"mtpa","CapacityMapScale":46600.0,"Tracker":"GGIT-LNG"}},{"type":"Feature","geometry":{"type":"Point","coordinates":[144.765096,-9.476749]},"properties":{"PipelineName":"Pandora FLNG Terminal","SegmentName":"","Status":"cancelled","Wiki":"https://www.gem.wiki/Pandora_FLNG_Terminal","ProjectID":"T100000130704","UnitID":"G100002070401","CountriesOrAreas":"Papua New Guinea","StartState/Province":"","StartLocation":"Papua New Guinea","Owner":"Pandora LNG [100%]","Operator":"Pandora LNG","StartYear1":"","FuelType":"LNG","FacilityType":"export","LocationAccuracy":"approximate","Capacity":"1","CapacityUnits":"mtpa","CapacityMapScale":23300.0,"Tracker":"GGIT-LNG"}},{"type":"Feature","geometry":{"type":"Point","coordinates":[9.83087,44.07428]},"properties":{"PipelineName":"Panigaglia LNG Terminal","SegmentName":"Unit Expansion II","Status":"proposed","Wiki":"https://www.gem.wiki/Panigaglia_LNG_Terminal","ProjectID":"T100000130476","UnitID":"G100001095488","CountriesOrAreas":"Italy","StartState/Province":"Liguria","StartLocation":"Liguria, Italy","Owner":"GNL Italia SpA [100%]","Operator":"GNL Italia","StartYear1":"","FuelType":"LNG","FacilityType":"import","LocationAccuracy":"exact","Capacity":"1.1","CapacityUnits":"bcm/y","CapacityMapScale":18838.0,"Tracker":"GGIT-LNG"}},{"type":"Feature","geometry":{"type":"Point","coordinates":[9.83087,44.07428]},"properties":{"PipelineName":"Panigaglia LNG Terminal","SegmentName":"","Status":"operating","Wiki":"https://www.gem.wiki/Panigaglia_LNG_Terminal","ProjectID":"T100000130476","UnitID":"G100002047600","CountriesOrAreas":"Italy","StartState/Province":"Liguria","StartLocation":"Liguria, Italy","Owner":"GNL Italia SpA [100%]","Operator":"GNL Italia","StartYear1":"1971","FuelType":"LNG","FacilityType":"import","LocationAccuracy":"exact","Capacity":"3.5","CapacityUnits":"bcm/y","CapacityMapScale":59939.2,"Tracker":"GGIT-LNG"}},{"type":"Feature","geometry":{"type":"Point","coordinates":[9.83087,44.07428]},"properties":{"PipelineName":"Panigaglia LNG Terminal","SegmentName":"Unit Expansion I","Status":"cancelled","Wiki":"https://www.gem.wiki/Panigaglia_LNG_Terminal","ProjectID":"T100000130476","UnitID":"G100002047601","CountriesOrAreas":"Italy","StartState/Province":"Liguria","StartLocation":"Liguria, Italy","Owner":"GNL Italia SpA [100%]","Operator":"GNL Italia","StartYear1":"","FuelType":"LNG","FacilityType":"import","LocationAccuracy":"exact","Capacity":"3.5","CapacityUnits":"mtpa","CapacityMapScale":81550.0,"Tracker":"GGIT-LNG"}},{"type":"Feature","geometry":{"type":"Point","coordinates":[122.133293,40.679064]},"properties":{"PipelineName":"Panjin LNG Terminal","SegmentName":"","Status":"cancelled","Wiki":"https://www.gem.wiki/Panjin_LNG_Terminal","ProjectID":"T100000130950","UnitID":"G100002095000","CountriesOrAreas":"China","StartState/Province":"Liaoning","StartLocation":"Liaoning, China","Owner":"Liaoning Baoheng Oil & Natural Gas Co Ltd; Liaoning Clean Energy Group Co Ltd; Panjin State Owned Asset Investment Management Group Co Ltd","Operator":"","StartYear1":"","FuelType":"LNG","FacilityType":"import","LocationAccuracy":"approximate","Capacity":"","CapacityUnits":"","CapacityMapScale":"","Tracker":"GGIT-LNG"}},{"type":"Feature","geometry":{"type":"Point","coordinates":[146.9872856,-9.3392748]},"properties":{"PipelineName":"Papua LNG Terminal","SegmentName":"Unit T1","Status":"proposed","Wiki":"https://www.gem.wiki/Papua_LNG_Terminal","ProjectID":"T100000130303","UnitID":"G100002030301","CountriesOrAreas":"Papua New Guinea","StartState/Province":"Central Province","StartLocation":"Central Province, Papua New Guinea","Owner":"","Operator":"TotalEnergies","StartYear1":"","FuelType":"LNG","FacilityType":"export","LocationAccuracy":"exact","Capacity":"1.33","CapacityUnits":"mtpa","CapacityMapScale":30989.0,"Tracker":"GGIT-LNG"}},{"type":"Feature","geometry":{"type":"Point","coordinates":[146.9872856,-9.3392748]},"properties":{"PipelineName":"Papua LNG Terminal","SegmentName":"Unit T2","Status":"proposed","Wiki":"https://www.gem.wiki/Papua_LNG_Terminal","ProjectID":"T100000130303","UnitID":"G100002030302","CountriesOrAreas":"Papua New Guinea","StartState/Province":"Central Province","StartLocation":"Central Province, Papua New Guinea","Owner":"","Operator":"TotalEnergies","StartYear1":"","FuelType":"LNG","FacilityType":"export","LocationAccuracy":"exact","Capacity":"1.33","CapacityUnits":"mtpa","CapacityMapScale":30989.0,"Tracker":"GGIT-LNG"}},{"type":"Feature","geometry":{"type":"Point","coordinates":[146.9872856,-9.3392748]},"properties":{"PipelineName":"Papua LNG Terminal","SegmentName":"Unit T3","Status":"proposed","Wiki":"https://www.gem.wiki/Papua_LNG_Terminal","ProjectID":"T100000130303","UnitID":"G100002030303","CountriesOrAreas":"Papua New Guinea","StartState/Province":"Central Province","StartLocation":"Central Province, Papua New Guinea","Owner":"","Operator":"TotalEnergies","StartYear1":"","FuelType":"LNG","FacilityType":"export","LocationAccuracy":"exact","Capacity":"1.33","CapacityUnits":"mtpa","CapacityMapScale":30989.0,"Tracker":"GGIT-LNG"}},{"type":"Feature","geometry":{"type":"Point","coordinates":[146.9872856,-9.3392748]},"properties":{"PipelineName":"Papua LNG Terminal","SegmentName":"Unit T4","Status":"shelved","Wiki":"https://www.gem.wiki/Papua_LNG_Terminal","ProjectID":"T100000130303","UnitID":"G100002030304","CountriesOrAreas":"Papua New Guinea","StartState/Province":"Central Province","StartLocation":"Central Province, Papua New Guinea","Owner":"","Operator":"TotalEnergies","StartYear1":"","FuelType":"LNG","FacilityType":"export","LocationAccuracy":"exact","Capacity":"","CapacityUnits":"","CapacityMapScale":"","Tracker":"GGIT-LNG"}},{"type":"Feature","geometry":{"type":"Point","coordinates":[146.9872856,-9.3392748]},"properties":{"PipelineName":"Papua LNG Terminal","SegmentName":"Unit T5","Status":"proposed","Wiki":"https://www.gem.wiki/Papua_LNG_Terminal","ProjectID":"T100000130303","UnitID":"G100002030305","CountriesOrAreas":"Papua New Guinea","StartState/Province":"Central Province","StartLocation":"Central Province, Papua New Guinea","Owner":"","Operator":"TotalEnergies","StartYear1":"","FuelType":"LNG","FacilityType":"export","LocationAccuracy":"exact","Capacity":"1","CapacityUnits":"mtpa","CapacityMapScale":23300.0,"Tracker":"GGIT-LNG"}},{"type":"Feature","geometry":{"type":"Point","coordinates":[147.01825,-9.33862]},"properties":{"PipelineName":"Papua New Guinea LNG Terminal","SegmentName":"Unit T1","Status":"operating","Wiki":"https://www.gem.wiki/Papua_New_Guinea_LNG_Terminal","ProjectID":"T100000130304","UnitID":"G100002030401","CountriesOrAreas":"Papua New Guinea","StartState/Province":"National Capital District","StartLocation":"National Capital District, Papua New Guinea","Owner":"PNG LNG Inc [100%]","Operator":"PNG LNG","StartYear1":"2014","FuelType":"LNG","FacilityType":"export","LocationAccuracy":"exact","Capacity":"4.15","CapacityUnits":"mtpa","CapacityMapScale":96695.0,"Tracker":"GGIT-LNG"}},{"type":"Feature","geometry":{"type":"Point","coordinates":[147.01825,-9.33862]},"properties":{"PipelineName":"Papua New Guinea LNG Terminal","SegmentName":"Unit T2","Status":"operating","Wiki":"https://www.gem.wiki/Papua_New_Guinea_LNG_Terminal","ProjectID":"T100000130304","UnitID":"G100002030402","CountriesOrAreas":"Papua New Guinea","StartState/Province":"National Capital District","StartLocation":"National Capital District, Papua New Guinea","Owner":"PNG LNG Inc [100%]","Operator":"PNG LNG","StartYear1":"2014","FuelType":"LNG","FacilityType":"export","LocationAccuracy":"exact","Capacity":"4.15","CapacityUnits":"mtpa","CapacityMapScale":96695.0,"Tracker":"GGIT-LNG"}},{"type":"Feature","geometry":{"type":"Point","coordinates":[147.01825,-9.33862]},"properties":{"PipelineName":"Papua New Guinea LNG Terminal","SegmentName":"Unit T3","Status":"cancelled","Wiki":"https://www.gem.wiki/Papua_New_Guinea_LNG_Terminal","ProjectID":"T100000130304","UnitID":"G100002030403","CountriesOrAreas":"Papua New Guinea","StartState/Province":"National Capital District","StartLocation":"National Capital District, Papua New Guinea","Owner":"PNG LNG Inc [100%]","Operator":"PNG LNG","StartYear1":"","FuelType":"LNG","FacilityType":"export","LocationAccuracy":"exact","Capacity":"2.6","CapacityUnits":"mtpa","CapacityMapScale":60580.0,"Tracker":"GGIT-LNG"}},{"type":"Feature","geometry":{"type":"Point","coordinates":[-48.379359,-25.540198]},"properties":{"PipelineName":"Paraná FSRU","SegmentName":"","Status":"cancelled","Wiki":"https://www.gem.wiki/Paran%C3%A1_FSRU","ProjectID":"T100000130932","UnitID":"G100002093200","CountriesOrAreas":"Brazil","StartState/Province":"Paraná","StartLocation":"Paraná, Brazil","Owner":"Companhia Paranaense de Energia; Shell PLC","Operator":"","StartYear1":"","FuelType":"LNG","FacilityType":"import","LocationAccuracy":"approximate","Capacity":"5.11","CapacityUnits":"bcm/y","CapacityMapScale":87511.3,"Tracker":"GGIT-LNG"}},{"type":"Feature","geometry":{"type":"Point","coordinates":[144.82941,-8.746641]},"properties":{"PipelineName":"Pasca FLNG Terminal","SegmentName":"","Status":"proposed","Wiki":"https://www.gem.wiki/Pasca_FLNG_Terminal","ProjectID":"T100000131159","UnitID":"G100002115901","CountriesOrAreas":"Papua New Guinea","StartState/Province":"","StartLocation":"Papua New Guinea","Owner":"Hevehe Petroleum Ltd [50%]; Twinza Oil Ltd [50%]","Operator":"Twinza Oil","StartYear1":"","FuelType":"LNG","FacilityType":"export","LocationAccuracy":"approximate","Capacity":"0.75","CapacityUnits":"mtpa","CapacityMapScale":17475.0,"Tracker":"GGIT-LNG"}},{"type":"Feature","geometry":{"type":"Point","coordinates":[90.280506,21.988808]},"properties":{"PipelineName":"Payra FSRU","SegmentName":"","Status":"cancelled","Wiki":"https://www.gem.wiki/Payra_FSRU","ProjectID":"T100000130862","UnitID":"G100002086200","CountriesOrAreas":"Bangladesh","StartState/Province":"Patuakhali","StartLocation":"Patuakhali, Bangladesh","Owner":"Excelerate Energy LP [100%]","Operator":"Excelerate Energy","StartYear1":"","FuelType":"LNG","FacilityType":"import","LocationAccuracy":"approximate","Capacity":"3.75","CapacityUnits":"mtpa","CapacityMapScale":87375.0,"Tracker":"GGIT-LNG"}},{"type":"Feature","geometry":{"type":"Point","coordinates":[90.305597,21.999205]},"properties":{"PipelineName":"Payra LNG Terminal","SegmentName":"","Status":"cancelled","Wiki":"https://www.gem.wiki/Payra_LNG_Terminal","ProjectID":"T100000131087","UnitID":"G100002108700","CountriesOrAreas":"Bangladesh","StartState/Province":"Patuakhali","StartLocation":"Patuakhali, Bangladesh","Owner":"Government of Bangladesh [100%]","Operator":"","StartYear1":"","FuelType":"LNG","FacilityType":"import","LocationAccuracy":"exact","Capacity":"7.5","CapacityUnits":"mtpa","CapacityMapScale":174750.0,"Tracker":"GGIT-LNG"}},{"type":"Feature","geometry":{"type":"Point","coordinates":[-38.797218,-3.531956]},"properties":{"PipelineName":"Pecém FSRU","SegmentName":"Unit Eneva/Ceiba Terminal","Status":"proposed","Wiki":"https://www.gem.wiki/Pec%C3%A9m_FSRU","ProjectID":"T100000130548","UnitID":"G100001062110","CountriesOrAreas":"Brazil","StartState/Province":"Ceará","StartLocation":"Ceará, Brazil","Owner":"","Operator":"Energos","StartYear1":"","FuelType":"LNG","FacilityType":"import","LocationAccuracy":"approximate","Capacity":"7.67","CapacityUnits":"bcm/y","CapacityMapScale":131352.6,"Tracker":"GGIT-LNG"}},{"type":"Feature","geometry":{"type":"Point","coordinates":[-38.797218,-3.531956]},"properties":{"PipelineName":"Pecém FSRU","SegmentName":"Unit Petrobras Terminal","Status":"retired","Wiki":"https://www.gem.wiki/Pec%C3%A9m_FSRU","ProjectID":"T100000130548","UnitID":"G100002054800","CountriesOrAreas":"Brazil","StartState/Province":"Ceará","StartLocation":"Ceará, Brazil","Owner":"","Operator":"Energos","StartYear1":"2008","FuelType":"LNG","FacilityType":"import","LocationAccuracy":"approximate","Capacity":"3.8","CapacityUnits":"mtpa","CapacityMapScale":88540.0,"Tracker":"GGIT-LNG"}},{"type":"Feature","geometry":{"type":"Point","coordinates":[57.25,65.166667]},"properties":{"PipelineName":"Pechora LNG Terminal","SegmentName":"","Status":"cancelled","Wiki":"https://www.gem.wiki/Pechora_LNG_Terminal","ProjectID":"T100000130510","UnitID":"G100002051001","CountriesOrAreas":"Russia","StartState/Province":"Komi","StartLocation":"Komi, Russia","Owner":"RN-Pechora LNG LLC [50%]; Rosneft PJSC [50%]","Operator":"","StartYear1":"","FuelType":"LNG","FacilityType":"export","LocationAccuracy":"approximate","Capacity":"4.3","CapacityUnits":"mtpa","CapacityMapScale":100190.0,"Tracker":"GGIT-LNG"}},{"type":"Feature","geometry":{"type":"Point","coordinates":[-95.192147,16.167933]},"properties":{"PipelineName":"PEMEX LNG Terminal","SegmentName":"","Status":"cancelled","Wiki":"https://www.gem.wiki/PEMEX_LNG_Terminal","ProjectID":"T100000130674","UnitID":"G100002067401","CountriesOrAreas":"Mexico","StartState/Province":"Oaxaca","StartLocation":"Oaxaca, Mexico","Owner":"Petróleos Mexicanos EPE [100%]","Operator":"","StartYear1":"","FuelType":"LNG","FacilityType":"export","LocationAccuracy":"approximate","Capacity":"5","CapacityUnits":"mtpa","CapacityMapScale":116500.0,"Tracker":"GGIT-LNG"}},{"type":"Feature","geometry":{"type":"Point","coordinates":[-73.033333,-36.683333]},"properties":{"PipelineName":"Penco Lirquén FSRU","SegmentName":"","Status":"proposed","Wiki":"https://www.gem.wiki/Penco_Lirqu%C3%A9n_FSRU","ProjectID":"T100000130558","UnitID":"G100002055800","CountriesOrAreas":"Chile","StartState/Province":"Biobío region (VIII)","StartLocation":"Biobío region (VIII), Chile","Owner":"GM Energy SpA","Operator":"","StartYear1":"","FuelType":"LNG","FacilityType":"import","LocationAccuracy":"approximate","Capacity":"3","CapacityUnits":"mtpa","CapacityMapScale":69900.0,"Tracker":"GGIT-LNG"}},{"type":"Feature","geometry":{"type":"Point","coordinates":[104.182089,1.341382]},"properties":{"PipelineName":"Pengerang Johor LNG Terminal","SegmentName":"","Status":"operating","Wiki":"https://www.gem.wiki/Pengerang_Johor_LNG_Terminal","ProjectID":"T100000130291","UnitID":"G100002029100","CountriesOrAreas":"Malaysia","StartState/Province":"Johor","StartLocation":"Johor, Malaysia","Owner":"Pengerang LNG (Two) Sdn Bhd [100%]","Operator":"Petronas Gas","StartYear1":"2017","FuelType":"LNG","FacilityType":"import","LocationAccuracy":"exact","Capacity":"3.5","CapacityUnits":"mtpa","CapacityMapScale":81550.0,"Tracker":"GGIT-LNG"}},{"type":"Feature","geometry":{"type":"Point","coordinates":[120.612407,37.776013]},"properties":{"PipelineName":"Penglai LNG Terminal (Baota)","SegmentName":"","Status":"cancelled","Wiki":"https://www.gem.wiki/Penglai_LNG_Terminal","ProjectID":"T100000130398","UnitID":"G100002039800","CountriesOrAreas":"China","StartState/Province":"Shandong","StartLocation":"Shandong, China","Owner":"Shandong Penglai Baota Yina Natural Gas Co Ltd [100%]","Operator":"","StartYear1":"","FuelType":"LNG","FacilityType":"import","LocationAccuracy":"exact","Capacity":"2.6","CapacityUnits":"mtpa","CapacityMapScale":60580.0,"Tracker":"GGIT-LNG"}},{"type":"Feature","geometry":{"type":"Point","coordinates":[120.612407,37.776013]},"properties":{"PipelineName":"Penglai LNG Terminal (Huapeike)","SegmentName":"Unit Phase 1","Status":"proposed","Wiki":"https://www.gem.wiki/Penglai_LNG_Terminal_(Huapeike)","ProjectID":"T100001082863","UnitID":"G100001093392","CountriesOrAreas":"China","StartState/Province":"Shandong","StartLocation":"Shandong, China","Owner":"Shandong Huapeike Natural Gas Co Ltd","Operator":"","StartYear1":"","FuelType":"LNG","FacilityType":"import","LocationAccuracy":"approximate","Capacity":"5","CapacityUnits":"mtpa","CapacityMapScale":116500.0,"Tracker":"GGIT-LNG"}},{"type":"Feature","geometry":{"type":"Point","coordinates":[120.612407,37.776013]},"properties":{"PipelineName":"Penglai LNG Terminal (Huapeike)","SegmentName":"Unit Phase 2","Status":"proposed","Wiki":"https://www.gem.wiki/Penglai_LNG_Terminal_(Huapeike)","ProjectID":"T100001082863","UnitID":"G100001093393","CountriesOrAreas":"China","StartState/Province":"Shandong","StartLocation":"Shandong, China","Owner":"Shandong Huapeike Natural Gas Co Ltd","Operator":"","StartYear1":"","FuelType":"LNG","FacilityType":"import","LocationAccuracy":"approximate","Capacity":"3","CapacityUnits":"mtpa","CapacityMapScale":69900.0,"Tracker":"GGIT-LNG"}},{"type":"Feature","geometry":{"type":"Point","coordinates":[-75.370597,39.837705]},"properties":{"PipelineName":"Penn LNG Terminal","SegmentName":"","Status":"shelved","Wiki":"https://www.gem.wiki/Penn_LNG_Terminal","ProjectID":"T100000131080","UnitID":"G100002108001","CountriesOrAreas":"United States","StartState/Province":"Pennsylvania","StartLocation":"Pennsylvania, United States","Owner":"Penn America Energy Holdings LLC [100%]","Operator":"","StartYear1":"","FuelType":"LNG","FacilityType":"export","LocationAccuracy":"approximate","Capacity":"7.2","CapacityUnits":"mtpa","CapacityMapScale":167760.0,"Tracker":"GGIT-LNG"}},{"type":"Feature","geometry":{"type":"Point","coordinates":[-66.7622065,17.9816437]},"properties":{"PipelineName":"Penuelas LNG Terminal","SegmentName":"","Status":"operating","Wiki":"https://www.gem.wiki/Penuelas_LNG_Terminal","ProjectID":"T100000130578","UnitID":"G100002057800","CountriesOrAreas":"Puerto Rico","StartState/Province":"","StartLocation":"Puerto Rico","Owner":"Naturgy Energy Group SA [47.5%]; ENGIE SA [35%]; Mitsui Group [15%]; OCO Partners [2.5%]","Operator":"EcoElectrica","StartYear1":"2000","FuelType":"LNG","FacilityType":"import","LocationAccuracy":"exact","Capacity":"2","CapacityUnits":"mtpa","CapacityMapScale":46600.0,"Tracker":"GGIT-LNG"}},{"type":"Feature","geometry":{"type":"Point","coordinates":[52.6075,27.476111]},"properties":{"PipelineName":"Persian NIOC LNG Terminal","SegmentName":"Unit T1-T2","Status":"cancelled","Wiki":"https://www.gem.wiki/Persian_NIOC_LNG_Terminal","ProjectID":"T100000130586","UnitID":"G100002058601","CountriesOrAreas":"Iran","StartState/Province":"Bushehr Province","StartLocation":"Bushehr Province, Iran","Owner":"National Iranian Gas Export Co [50%]; Repsol SA [25%]; Shell PLC [25%]","Operator":"","StartYear1":"","FuelType":"LNG","FacilityType":"export","LocationAccuracy":"approximate","Capacity":"8","CapacityUnits":"mtpa","CapacityMapScale":186400.0,"Tracker":"GGIT-LNG"}},{"type":"Feature","geometry":{"type":"Point","coordinates":[91.866,22.2337]},"properties":{"PipelineName":"Pertamina Bangladesh FSRU","SegmentName":"","Status":"cancelled","Wiki":"https://www.gem.wiki/Pertamina_Bangladesh_FSRU","ProjectID":"T100000131143","UnitID":"G100002114300","CountriesOrAreas":"Bangladesh","StartState/Province":"Chittagong","StartLocation":"Chittagong, Bangladesh","Owner":"PT Pertamina (Persero) PT [100%]","Operator":"","StartYear1":"","FuelType":"LNG","FacilityType":"import","LocationAccuracy":"approximate","Capacity":"","CapacityUnits":"","CapacityMapScale":"","Tracker":"GGIT-LNG"}},{"type":"Feature","geometry":{"type":"Point","coordinates":[-76.297,-13.2451]},"properties":{"PipelineName":"Peru LNG Terminal","SegmentName":"","Status":"operating","Wiki":"https://www.gem.wiki/Peru_LNG_Terminal","ProjectID":"T100000130576","UnitID":"G100002057601","CountriesOrAreas":"Peru","StartState/Province":"Ica","StartLocation":"Ica, Peru","Owner":"Hunt Oil Co [35%]; MidOcean Energy LLC [35%]; Shell PLC [20%]; Marubeni Corp [10%]","Operator":"Hunt Oil","StartYear1":"2010","FuelType":"LNG","FacilityType":"export","LocationAccuracy":"exact","Capacity":"4.45","CapacityUnits":"mtpa","CapacityMapScale":103685.0,"Tracker":"GGIT-LNG"}},{"type":"Feature","geometry":{"type":"Point","coordinates":[-55.3851,7.2053]},"properties":{"PipelineName":"Petronas FLNG Terminal","SegmentName":"","Status":"proposed","Wiki":"https://www.gem.wiki/Petronas_FLNG_Terminal","ProjectID":"T100001048294","UnitID":"G100001055425","CountriesOrAreas":"Suriname","StartState/Province":"","StartLocation":"Suriname","Owner":"Petronas International Co Ltd","Operator":"Petronas International","StartYear1":"","FuelType":"LNG","FacilityType":"export","LocationAccuracy":"approximate","Capacity":"","CapacityUnits":"","CapacityMapScale":"","Tracker":"GGIT-LNG"}},{"type":"Feature","geometry":{"type":"Point","coordinates":[121.0834311,13.6205201]},"properties":{"PipelineName":"Philippines LNG Terminal","SegmentName":"","Status":"operating","Wiki":"https://www.gem.wiki/Philippines_LNG_Terminal","ProjectID":"T100000130968","UnitID":"G100002096800","CountriesOrAreas":"Philippines","StartState/Province":"Batangas","StartLocation":"Batangas, Philippines","Owner":"Linseed Field Power Corp [100%]","Operator":"ADNOC Logistics & Services; AG&P Terminals & Logistics","StartYear1":"2023","FuelType":"LNG","FacilityType":"import","LocationAccuracy":"exact","Capacity":"5","CapacityUnits":"mtpa","CapacityMapScale":116500.0,"Tracker":"GGIT-LNG"}},{"type":"Feature","geometry":{"type":"Point","coordinates":[-93.9838438,29.999077]},"properties":{"PipelineName":"Phillips 66 Beamont Oil Terminal","SegmentName":"","Status":"operating","Wiki":"https://www.gem.wiki/Phillips_66_Beamont_Oil_Terminal","ProjectID":"T100001083859","UnitID":"G100001095124","CountriesOrAreas":"United States","StartState/Province":"","StartLocation":"United States","Owner":"","Operator":"","StartYear1":"1923","FuelType":"Oil","FacilityType":"export","LocationAccuracy":"exact","Capacity":"","CapacityUnits":"","CapacityMapScale":"","Tracker":"GGIT-LNG"}},{"type":"Feature","geometry":{"type":"Point","coordinates":[-110.3273078,24.2740568]},"properties":{"PipelineName":"Pichilingue LNG Terminal","SegmentName":"","Status":"operating","Wiki":"https://www.gem.wiki/Pichilingue_LNG_Terminal","ProjectID":"T100000130690","UnitID":"G100002069000","CountriesOrAreas":"Mexico","StartState/Province":"Baja California Sur","StartLocation":"Baja California Sur, Mexico","Owner":"New Fortress Energy Inc [100%]","Operator":"","StartYear1":"2021","FuelType":"LNG","FacilityType":"import","LocationAccuracy":"exact","Capacity":"0.8","CapacityUnits":"mtpa","CapacityMapScale":18640.0,"Tracker":"GGIT-LNG"}},{"type":"Feature","geometry":{"type":"Point","coordinates":[-8.232798,51.826809]},"properties":{"PipelineName":"Pilot Cork FSRU","SegmentName":"","Status":"shelved","Wiki":"https://www.gem.wiki/Pilot_Cork_FSRU","ProjectID":"T100000131135","UnitID":"G100002113500","CountriesOrAreas":"Ireland","StartState/Province":"","StartLocation":"Ireland","Owner":"Pilot LNG [100%]","Operator":"","StartYear1":"","FuelType":"LNG","FacilityType":"import","LocationAccuracy":"approximate","Capacity":"3","CapacityUnits":"mtpa","CapacityMapScale":69900.0,"Tracker":"GGIT-LNG"}},{"type":"Feature","geometry":{"type":"Point","coordinates":[121.246827,30.681206]},"properties":{"PipelineName":"Pinghu LNG Terminal","SegmentName":"","Status":"operating","Wiki":"https://www.gem.wiki/Pinghu_LNG_Terminal","ProjectID":"T100000130710","UnitID":"G100002071000","CountriesOrAreas":"China","StartState/Province":"Zhejiang","StartLocation":"Zhejiang, China","Owner":"Zhejiang Hangjiaxin Clean Energy Co Ltd [100%]","Operator":"","StartYear1":"2022","FuelType":"LNG","FacilityType":"import","LocationAccuracy":"exact","Capacity":"1","CapacityUnits":"mtpa","CapacityMapScale":23300.0,"Tracker":"GGIT-LNG"}},{"type":"Feature","geometry":{"type":"Point","coordinates":[10.5598354,42.9400879]},"properties":{"PipelineName":"Piombino FSRU","SegmentName":"","Status":"operating","Wiki":"https://www.gem.wiki/Piombino_FSRU","ProjectID":"T100000131096","UnitID":"G100002109600","CountriesOrAreas":"Italy","StartState/Province":"","StartLocation":"Italy","Owner":"Snam FSRU Italia SRL [100%]","Operator":"Cool Company Management; Snam FSRU Italia","StartYear1":"2023","FuelType":"LNG","FacilityType":"import","LocationAccuracy":"exact","Capacity":"5","CapacityUnits":"bcm/y","CapacityMapScale":85627.5,"Tracker":"GGIT-LNG"}},{"type":"Feature","geometry":{"type":"Point","coordinates":[-53.875705,47.417157]},"properties":{"PipelineName":"Placentia Bay FLNG Terminal","SegmentName":"","Status":"shelved","Wiki":"https://www.gem.wiki/Placentia_Bay_FLNG_Terminal","ProjectID":"T100000131042","UnitID":"G100002104201","CountriesOrAreas":"Canada","StartState/Province":"Newfoundland and Labrador","StartLocation":"Newfoundland and Labrador, Canada","Owner":"LNG Newfoundland and Labrador Ltd","Operator":"","StartYear1":"","FuelType":"LNG","FacilityType":"export","LocationAccuracy":"approximate","Capacity":"4","CapacityUnits":"mtpa","CapacityMapScale":93200.0,"Tracker":"GGIT-LNG"}},{"type":"Feature","geometry":{"type":"Point","coordinates":[-89.886404,29.600411]},"properties":{"PipelineName":"Plaquemines LNG Terminal","SegmentName":"Unit Expansion (T37-60)","Status":"proposed","Wiki":"https://www.gem.wiki/Plaquemines_LNG_Terminal","ProjectID":"T100000130242","UnitID":"G100001064081","CountriesOrAreas":"United States","StartState/Province":"Louisiana","StartLocation":"Louisiana, United States","Owner":"Venture Global Plaquemines LNG LLC [100%]","Operator":"Venture Global LNG,","StartYear1":"","FuelType":"LNG","FacilityType":"export","LocationAccuracy":"exact","Capacity":"17.78","CapacityUnits":"mtpa","CapacityMapScale":414274.0,"Tracker":"GGIT-LNG"}},{"type":"Feature","geometry":{"type":"Point","coordinates":[-89.886404,29.600411]},"properties":{"PipelineName":"Plaquemines LNG Terminal","SegmentName":"Unit Phase 1 (T1–24)","Status":"operating","Wiki":"https://www.gem.wiki/Plaquemines_LNG_Terminal","ProjectID":"T100000130242","UnitID":"G100002024201","CountriesOrAreas":"United States","StartState/Province":"Louisiana","StartLocation":"Louisiana, United States","Owner":"Venture Global Plaquemines LNG LLC [100%]","Operator":"Venture Global LNG,","StartYear1":"2025","FuelType":"LNG","FacilityType":"export","LocationAccuracy":"exact","Capacity":"13.33","CapacityUnits":"mtpa","CapacityMapScale":310589.0,"Tracker":"GGIT-LNG"}},{"type":"Feature","geometry":{"type":"Point","coordinates":[-89.886404,29.600411]},"properties":{"PipelineName":"Plaquemines LNG Terminal","SegmentName":"Unit Phase 2 (T25–36)","Status":"construction","Wiki":"https://www.gem.wiki/Plaquemines_LNG_Terminal","ProjectID":"T100000130242","UnitID":"G100002024202","CountriesOrAreas":"United States","StartState/Province":"Louisiana","StartLocation":"Louisiana, United States","Owner":"Venture Global Plaquemines LNG LLC [100%]","Operator":"Venture Global LNG,","StartYear1":"","FuelType":"LNG","FacilityType":"export","LocationAccuracy":"exact","Capacity":"6.67","CapacityUnits":"mtpa","CapacityMapScale":155411.0,"Tracker":"GGIT-LNG"}},{"type":"Feature","geometry":{"type":"Point","coordinates":[-89.967324,29.668286]},"properties":{"PipelineName":"Plaquemines Oil Terminal","SegmentName":"","Status":"cancelled","Wiki":"https://www.gem.wiki/Plaquemines_Oil_Terminal","ProjectID":"T100000130741","UnitID":"G100002074100","CountriesOrAreas":"United States","StartState/Province":"Louisiana","StartLocation":"Louisiana, United States","Owner":"Tallgrass Energy LP [100%]","Operator":"","StartYear1":"","FuelType":"Oil","FacilityType":"export","LocationAccuracy":"exact","Capacity":"800000","CapacityUnits":"bpd","CapacityMapScale":800000.0,"Tracker":"GGIT-LNG"}},{"type":"Feature","geometry":{"type":"Point","coordinates":[116.76556,-20.6128]},"properties":{"PipelineName":"Pluto LNG Terminal","SegmentName":"Unit T1","Status":"operating","Wiki":"https://www.gem.wiki/Pluto_LNG_Terminal","ProjectID":"T100000130338","UnitID":"G100002033801","CountriesOrAreas":"Australia","StartState/Province":"Western Australia","StartLocation":"Western Australia, Australia","Owner":"","Operator":"Woodside Energy","StartYear1":"2012","FuelType":"LNG","FacilityType":"export","LocationAccuracy":"exact","Capacity":"4.9","CapacityUnits":"mtpa","CapacityMapScale":114170.0,"Tracker":"GGIT-LNG"}},{"type":"Feature","geometry":{"type":"Point","coordinates":[116.76556,-20.6128]},"properties":{"PipelineName":"Pluto LNG Terminal","SegmentName":"Unit T2","Status":"construction","Wiki":"https://www.gem.wiki/Pluto_LNG_Terminal","ProjectID":"T100000130338","UnitID":"G100002033802","CountriesOrAreas":"Australia","StartState/Province":"Western Australia","StartLocation":"Western Australia, Australia","Owner":"","Operator":"Woodside Energy","StartYear1":"","FuelType":"LNG","FacilityType":"export","LocationAccuracy":"exact","Capacity":"5","CapacityUnits":"mtpa","CapacityMapScale":116500.0,"Tracker":"GGIT-LNG"}},{"type":"Feature","geometry":{"type":"Point","coordinates":[116.76556,-20.6128]},"properties":{"PipelineName":"Pluto LNG Terminal","SegmentName":"Unit T3","Status":"cancelled","Wiki":"https://www.gem.wiki/Pluto_LNG_Terminal","ProjectID":"T100000130338","UnitID":"G100002033803","CountriesOrAreas":"Australia","StartState/Province":"Western Australia","StartLocation":"Western Australia, Australia","Owner":"","Operator":"Woodside Energy","StartYear1":"","FuelType":"LNG","FacilityType":"export","LocationAccuracy":"exact","Capacity":"","CapacityUnits":"","CapacityMapScale":"","Tracker":"GGIT-LNG"}},{"type":"Feature","geometry":{"type":"Point","coordinates":[120.891207,13.690671]},"properties":{"PipelineName":"PNOC Batangas LNG Terminal","SegmentName":"","Status":"cancelled","Wiki":"https://www.gem.wiki/PNOC_Batangas_LNG_Terminal","ProjectID":"T100000130306","UnitID":"G100002030600","CountriesOrAreas":"Philippines","StartState/Province":"Batangas","StartLocation":"Batangas, Philippines","Owner":"Philippine National Oil Co [100%]","Operator":"","StartYear1":"","FuelType":"LNG","FacilityType":"import","LocationAccuracy":"approximate","Capacity":"","CapacityUnits":"","CapacityMapScale":"","Tracker":"GGIT-LNG"}},{"type":"Feature","geometry":{"type":"Point","coordinates":[-96.558889,28.676111]},"properties":{"PipelineName":"Point Comfort LNG Terminal","SegmentName":"Unit T1-T2","Status":"cancelled","Wiki":"https://www.gem.wiki/Point_Comfort_LNG_Terminal","ProjectID":"T100000130236","UnitID":"G100002023601","CountriesOrAreas":"United States","StartState/Province":"Texas","StartLocation":"Texas, United States","Owner":"Lloyds Energy Group LLC [100%]","Operator":"","StartYear1":"","FuelType":"LNG","FacilityType":"export","LocationAccuracy":"approximate","Capacity":"9","CapacityUnits":"mtpa","CapacityMapScale":209700.0,"Tracker":"GGIT-LNG"}},{"type":"Feature","geometry":{"type":"Point","coordinates":[-89.991638,29.859605]},"properties":{"PipelineName":"Pointe LNG Terminal","SegmentName":"Unit T1-T3","Status":"cancelled","Wiki":"https://www.gem.wiki/Pointe_LNG_Terminal","ProjectID":"T100000130641","UnitID":"G100002064101","CountriesOrAreas":"United States","StartState/Province":"Louisiana","StartLocation":"Louisiana, United States","Owner":"Pointe LNG LLC; Pointe Pipeline Company LLC","Operator":"","StartYear1":"","FuelType":"LNG","FacilityType":"export","LocationAccuracy":"approximate","Capacity":"6","CapacityUnits":"mtpa","CapacityMapScale":139800.0,"Tracker":"GGIT-LNG"}},{"type":"Feature","geometry":{"type":"Point","coordinates":[18.73585,54.424696]},"properties":{"PipelineName":"Polish Baltic Sea Coast FSRU","SegmentName":"","Status":"construction","Wiki":"https://www.gem.wiki/Polish_Baltic_Sea_Coast_FSRU","ProjectID":"T100000130731","UnitID":"G100002073100","CountriesOrAreas":"Poland","StartState/Province":"","StartLocation":"Poland","Owner":"Operator Gazociagow Przesylowych GAZ-SYSTEM SP zoo [100%]","Operator":"Mitsui O.S.K. Lines; Operator Gazociagow Przesylowych GAZ-SYSTEM","StartYear1":"","FuelType":"LNG","FacilityType":"import","LocationAccuracy":"approximate","Capacity":"6.1","CapacityUnits":"bcm/y","CapacityMapScale":104465.6,"Tracker":"GGIT-LNG"}},{"type":"Feature","geometry":{"type":"Point","coordinates":[18.73585,54.424696]},"properties":{"PipelineName":"Polish Baltic Sea Coast FSRU","SegmentName":"Unit Expansion (FSRU 2)","Status":"proposed","Wiki":"https://www.gem.wiki/Polish_Baltic_Sea_Coast_FSRU","ProjectID":"T100000130731","UnitID":"G100002073101","CountriesOrAreas":"Poland","StartState/Province":"","StartLocation":"Poland","Owner":"Operator Gazociagow Przesylowych GAZ-SYSTEM SP zoo [100%]","Operator":"Mitsui O.S.K. Lines; Operator Gazociagow Przesylowych GAZ-SYSTEM","StartYear1":"","FuelType":"LNG","FacilityType":"import","LocationAccuracy":"approximate","Capacity":"4.5","CapacityUnits":"bcm/y","CapacityMapScale":77064.8,"Tracker":"GGIT-LNG"}},{"type":"Feature","geometry":{"type":"Point","coordinates":[21.39881,61.63817]},"properties":{"PipelineName":"Pori LNG Terminal","SegmentName":"","Status":"operating","Wiki":"https://www.gem.wiki/Pori_LNG_Terminal","ProjectID":"T100000130440","UnitID":"G100002044000","CountriesOrAreas":"Finland","StartState/Province":"Satakunta","StartLocation":"Satakunta, Finland","Owner":"Gasum Oyj [100%]","Operator":"","StartYear1":"2016","FuelType":"LNG","FacilityType":"import","LocationAccuracy":"exact","Capacity":"0.1","CapacityUnits":"mtpa","CapacityMapScale":2330.0,"Tracker":"GGIT-LNG"}},{"type":"Feature","geometry":{"type":"Point","coordinates":[-93.9596288,29.8116634]},"properties":{"PipelineName":"Port Arthur LNG Terminal","SegmentName":"Unit T1","Status":"construction","Wiki":"https://www.gem.wiki/Port_Arthur_LNG_Terminal","ProjectID":"T100000130237","UnitID":"G100002023701","CountriesOrAreas":"United States","StartState/Province":"Texas","StartLocation":"Texas, United States","Owner":"","Operator":"","StartYear1":"","FuelType":"LNG","FacilityType":"export","LocationAccuracy":"exact","Capacity":"6.5","CapacityUnits":"mtpa","CapacityMapScale":151450.0,"Tracker":"GGIT-LNG"}},{"type":"Feature","geometry":{"type":"Point","coordinates":[-93.9596288,29.8116634]},"properties":{"PipelineName":"Port Arthur LNG Terminal","SegmentName":"Unit T2","Status":"construction","Wiki":"https://www.gem.wiki/Port_Arthur_LNG_Terminal","ProjectID":"T100000130237","UnitID":"G100002023702","CountriesOrAreas":"United States","StartState/Province":"Texas","StartLocation":"Texas, United States","Owner":"","Operator":"","StartYear1":"","FuelType":"LNG","FacilityType":"export","LocationAccuracy":"exact","Capacity":"6.5","CapacityUnits":"mtpa","CapacityMapScale":151450.0,"Tracker":"GGIT-LNG"}},{"type":"Feature","geometry":{"type":"Point","coordinates":[-93.9596288,29.8116634]},"properties":{"PipelineName":"Port Arthur LNG Terminal","SegmentName":"Unit T3","Status":"construction","Wiki":"https://www.gem.wiki/Port_Arthur_LNG_Terminal","ProjectID":"T100000130237","UnitID":"G100002023703","CountriesOrAreas":"United States","StartState/Province":"Texas","StartLocation":"Texas, United States","Owner":"","Operator":"","StartYear1":"","FuelType":"LNG","FacilityType":"export","LocationAccuracy":"exact","Capacity":"6.5","CapacityUnits":"mtpa","CapacityMapScale":151450.0,"Tracker":"GGIT-LNG"}},{"type":"Feature","geometry":{"type":"Point","coordinates":[-93.9596288,29.8116634]},"properties":{"PipelineName":"Port Arthur LNG Terminal","SegmentName":"Unit T4","Status":"construction","Wiki":"https://www.gem.wiki/Port_Arthur_LNG_Terminal","ProjectID":"T100000130237","UnitID":"G100002023704","CountriesOrAreas":"United States","StartState/Province":"Texas","StartLocation":"Texas, United States","Owner":"","Operator":"","StartYear1":"","FuelType":"LNG","FacilityType":"export","LocationAccuracy":"exact","Capacity":"6.5","CapacityUnits":"mtpa","CapacityMapScale":151450.0,"Tracker":"GGIT-LNG"}},{"type":"Feature","geometry":{"type":"Point","coordinates":[-82.476389,27.968056]},"properties":{"PipelineName":"Port Dolphin LNG Terminal","SegmentName":"","Status":"cancelled","Wiki":"https://www.gem.wiki/Port_Dolphin_LNG_Terminal","ProjectID":"T100000130654","UnitID":"G100002065400","CountriesOrAreas":"United States","StartState/Province":"Florida","StartLocation":"Florida, United States","Owner":"Leif Höegh & Co Ltd [100%]","Operator":"","StartYear1":"","FuelType":"LNG","FacilityType":"import","LocationAccuracy":"approximate","Capacity":"6.4","CapacityUnits":"mtpa","CapacityMapScale":149120.0,"Tracker":"GGIT-LNG"}},{"type":"Feature","geometry":{"type":"Point","coordinates":[-130.252667,54.241254]},"properties":{"PipelineName":"Port Edward LNG Terminal","SegmentName":"","Status":"cancelled","Wiki":"https://www.gem.wiki/Port_Edward_LNG_Terminal","ProjectID":"T100000131127","UnitID":"G100002112700","CountriesOrAreas":"Canada","StartState/Province":"British Columbia","StartLocation":"British Columbia, Canada","Owner":"Port Edward LNG Ltd [100%]","Operator":"Port Edward LNG","StartYear1":"","FuelType":"LNG","FacilityType":"export","LocationAccuracy":"approximate","Capacity":"0.3","CapacityUnits":"mtpa","CapacityMapScale":6990.0,"Tracker":"GGIT-LNG"}},{"type":"Feature","geometry":{"type":"Point","coordinates":[-118.216458,33.754185]},"properties":{"PipelineName":"Port Esperanza FSRU","SegmentName":"","Status":"cancelled","Wiki":"https://www.gem.wiki/Port_Esperanza_FSRU","ProjectID":"T100000130848","UnitID":"G100002084800","CountriesOrAreas":"United States","StartState/Province":"California","StartLocation":"California, United States","Owner":"Esperanza Energy LLC [100%]","Operator":"","StartYear1":"","FuelType":"LNG","FacilityType":"import","LocationAccuracy":"approximate","Capacity":"","CapacityUnits":"","CapacityMapScale":"","Tracker":"GGIT-LNG"}},{"type":"Feature","geometry":{"type":"Point","coordinates":[150.8996029,-34.4598984]},"properties":{"PipelineName":"Port Kembla FSRU","SegmentName":"","Status":"construction","Wiki":"https://www.gem.wiki/Port_Kembla_FSRU","ProjectID":"T100000130606","UnitID":"G100002060600","CountriesOrAreas":"Australia","StartState/Province":"New South Wales","StartLocation":"New South Wales, Australia","Owner":"Australian Industrial Energy Pty Ltd [100%]","Operator":"Höegh Evi; Reganosa Servicios","StartYear1":"","FuelType":"LNG","FacilityType":"import","LocationAccuracy":"exact","Capacity":"304","CapacityUnits":"TJ/d","CapacityMapScale":"","Tracker":"GGIT-LNG"}},{"type":"Feature","geometry":{"type":"Point","coordinates":[-96.629722,28.615556]},"properties":{"PipelineName":"Port Lavaca FLNG Terminal","SegmentName":"","Status":"cancelled","Wiki":"https://www.gem.wiki/Port_Lavaca_FLNG_Terminal","ProjectID":"T100000130851","UnitID":"G100002085101","CountriesOrAreas":"United States","StartState/Province":"Texas","StartLocation":"Texas, United States","Owner":"Excelerate Energy LP [100%]","Operator":"","StartYear1":"","FuelType":"LNG","FacilityType":"export","LocationAccuracy":"approximate","Capacity":"10","CapacityUnits":"mtpa","CapacityMapScale":233000.0,"Tracker":"GGIT-LNG"}},{"type":"Feature","geometry":{"type":"Point","coordinates":[-3.7509124,53.7446429]},"properties":{"PipelineName":"Port Meridian FSRU","SegmentName":"","Status":"cancelled","Wiki":"https://www.gem.wiki/Port_Meridian_FSRU","ProjectID":"T100000130555","UnitID":"G100002055500","CountriesOrAreas":"United Kingdom","StartState/Province":"North West","StartLocation":"North West, United Kingdom","Owner":"Harland & Wolff Group Holdings PLC [100%]","Operator":"","StartYear1":"","FuelType":"LNG","FacilityType":"import","LocationAccuracy":"approximate","Capacity":"6","CapacityUnits":"mtpa","CapacityMapScale":139800.0,"Tracker":"GGIT-LNG"}},{"type":"Feature","geometry":{"type":"Point","coordinates":[-40.9935093,-21.834731]},"properties":{"PipelineName":"Porto do Açu FSRU","SegmentName":"","Status":"operating","Wiki":"https://www.gem.wiki/Porto_do_A%C3%A7u_FSRU","ProjectID":"T100000130688","UnitID":"G100002068800","CountriesOrAreas":"Brazil","StartState/Province":"Rio de Janeiro","StartLocation":"Rio de Janeiro, Brazil","Owner":"Prumo Logistica SA [46.9%]; Siemens [33%]; BP PLC [20.1%]","Operator":"BW Group; BW LNG; KN Energies","StartYear1":"2021","FuelType":"LNG","FacilityType":"import","LocationAccuracy":"exact","Capacity":"10.2","CapacityUnits":"bcm/y","CapacityMapScale":174680.1,"Tracker":"GGIT-LNG"}},{"type":"Feature","geometry":{"type":"Point","coordinates":[13.53774,37.28297]},"properties":{"PipelineName":"Porto Empedocle LNG Terminal","SegmentName":"","Status":"shelved","Wiki":"https://www.gem.wiki/Porto_Empedocle_LNG_Terminal","ProjectID":"T100000130478","UnitID":"G100002047800","CountriesOrAreas":"Italy","StartState/Province":"Sicily","StartLocation":"Sicily, Italy","Owner":"Nuove Energie [100%]","Operator":"","StartYear1":"","FuelType":"LNG","FacilityType":"import","LocationAccuracy":"exact","Capacity":"8","CapacityUnits":"bcm/y","CapacityMapScale":137004.0,"Tracker":"GGIT-LNG"}},{"type":"Feature","geometry":{"type":"Point","coordinates":[19.480761,40.449271]},"properties":{"PipelineName":"Port of Vlora FSRU","SegmentName":"","Status":"cancelled","Wiki":"https://www.gem.wiki/Port_of_Vlora_FSRU","ProjectID":"T100000130924","UnitID":"G100002092400","CountriesOrAreas":"Albania","StartState/Province":"","StartLocation":"Albania","Owner":"Excelerate Energy LP; Exxon Mobil Corp; Ministry of Infrastructure and Energy (Albania)","Operator":"Excelerate Energy","StartYear1":"","FuelType":"LNG","FacilityType":"import","LocationAccuracy":"approximate","Capacity":"","CapacityUnits":"","CapacityMapScale":"","Tracker":"GGIT-LNG"}},{"type":"Feature","geometry":{"type":"Point","coordinates":[19.4802548,40.4495458]},"properties":{"PipelineName":"Port of Vlora FSRU 2","SegmentName":"","Status":"proposed","Wiki":"https://www.gem.wiki/Vlora_LNG_Terminal","ProjectID":"T100001084613","UnitID":"G100001096073","CountriesOrAreas":"Albania","StartState/Province":"","StartLocation":"Albania","Owner":"Aktor LNG USA","Operator":"","StartYear1":"","FuelType":"LNG","FacilityType":"import","LocationAccuracy":"approximate","Capacity":"1","CapacityUnits":"bcm/y","CapacityMapScale":17125.5,"Tracker":"GGIT-LNG"}},{"type":"Feature","geometry":{"type":"Point","coordinates":[-40.978918,-21.514933]},"properties":{"PipelineName":"Porto Norte Fluminense FSRU","SegmentName":"","Status":"proposed","Wiki":"https://www.gem.wiki/Porto_Norte_Fluminense_FSRU","ProjectID":"T100000130933","UnitID":"G100002093300","CountriesOrAreas":"Brazil","StartState/Province":"Rio de Janeiro","StartLocation":"Rio de Janeiro, Brazil","Owner":"Porto Norte Fluminense SA [100%]","Operator":"","StartYear1":"","FuelType":"LNG","FacilityType":"import","LocationAccuracy":"approximate","Capacity":"7.67","CapacityUnits":"bcm/y","CapacityMapScale":131352.6,"Tracker":"GGIT-LNG"}},{"type":"Feature","geometry":{"type":"Point","coordinates":[8.399781,40.842386]},"properties":{"PipelineName":"Porto Torres FSRU","SegmentName":"","Status":"proposed","Wiki":"https://www.gem.wiki/Porto_Torres_FSRU","ProjectID":"T100000131061","UnitID":"G100002106100","CountriesOrAreas":"Italy","StartState/Province":"Sassari","StartLocation":"Sassari, Italy","Owner":"Snam SpA [100%]","Operator":"Snam","StartYear1":"","FuelType":"LNG","FacilityType":"import","LocationAccuracy":"approximate","Capacity":"5","CapacityUnits":"bcm/y","CapacityMapScale":85627.5,"Tracker":"GGIT-LNG"}},{"type":"Feature","geometry":{"type":"Point","coordinates":[28.130122,60.523347]},"properties":{"PipelineName":"Portovaya LNG Terminal","SegmentName":"Unit T1","Status":"operating","Wiki":"https://www.gem.wiki/Portovaya_LNG_Terminal","ProjectID":"T100000130707","UnitID":"G100002070701","CountriesOrAreas":"Russia","StartState/Province":"Leningrad Oblast","StartLocation":"Leningrad Oblast, Russia","Owner":"","Operator":"Gazprom LNG Portovaya","StartYear1":"2022","FuelType":"LNG","FacilityType":"export","LocationAccuracy":"exact","Capacity":"0.75","CapacityUnits":"mtpa","CapacityMapScale":17475.0,"Tracker":"GGIT-LNG"}},{"type":"Feature","geometry":{"type":"Point","coordinates":[28.130122,60.523347]},"properties":{"PipelineName":"Portovaya LNG Terminal","SegmentName":"Unit T2","Status":"operating","Wiki":"https://www.gem.wiki/Portovaya_LNG_Terminal","ProjectID":"T100000130707","UnitID":"G100002070702","CountriesOrAreas":"Russia","StartState/Province":"Leningrad Oblast","StartLocation":"Leningrad Oblast, Russia","Owner":"","Operator":"Gazprom LNG Portovaya","StartYear1":"2022","FuelType":"LNG","FacilityType":"export","LocationAccuracy":"exact","Capacity":"0.75","CapacityUnits":"mtpa","CapacityMapScale":17475.0,"Tracker":"GGIT-LNG"}},{"type":"Feature","geometry":{"type":"Point","coordinates":[28.130122,60.523347]},"properties":{"PipelineName":"Portovaya LNG Terminal","SegmentName":"Unit T3","Status":"shelved","Wiki":"https://www.gem.wiki/Portovaya_LNG_Terminal","ProjectID":"T100000130707","UnitID":"G100002070703","CountriesOrAreas":"Russia","StartState/Province":"Leningrad Oblast","StartLocation":"Leningrad Oblast, Russia","Owner":"","Operator":"Gazprom LNG Portovaya","StartYear1":"","FuelType":"LNG","FacilityType":"export","LocationAccuracy":"exact","Capacity":"2","CapacityUnits":"mtpa","CapacityMapScale":46600.0,"Tracker":"GGIT-LNG"}},{"type":"Feature","geometry":{"type":"Point","coordinates":[8.391925,39.195612]},"properties":{"PipelineName":"Portovesme FSRU","SegmentName":"","Status":"cancelled","Wiki":"https://www.gem.wiki/Portovesme_FSRU","ProjectID":"T100000131058","UnitID":"G100002105800","CountriesOrAreas":"Italy","StartState/Province":"","StartLocation":"Italy","Owner":"Snam SpA [100%]","Operator":"Golar LNG [TO BE DELETED]; Snam","StartYear1":"","FuelType":"LNG","FacilityType":"import","LocationAccuracy":"approximate","Capacity":"","CapacityUnits":"","CapacityMapScale":"","Tracker":"GGIT-LNG"}},{"type":"Feature","geometry":{"type":"Point","coordinates":[-91.284707,28.787546]},"properties":{"PipelineName":"Port Pelican LNG Terminal","SegmentName":"","Status":"cancelled","Wiki":"https://www.gem.wiki/Port_Pelican_LNG_Terminal","ProjectID":"T100000130647","UnitID":"G100002064700","CountriesOrAreas":"United States","StartState/Province":"Texas","StartLocation":"Texas, United States","Owner":"Chevron Corp [100%]","Operator":"","StartYear1":"","FuelType":"LNG","FacilityType":"import","LocationAccuracy":"approximate","Capacity":"12","CapacityUnits":"mtpa","CapacityMapScale":279600.0,"Tracker":"GGIT-LNG"}},{"type":"Feature","geometry":{"type":"Point","coordinates":[144.7965164,-38.03169]},"properties":{"PipelineName":"Port Phillip Bay FSRU","SegmentName":"","Status":"proposed","Wiki":"https://www.gem.wiki/Port_Phillip_Bay_FSRU","ProjectID":"T100000130981","UnitID":"G100002098100","CountriesOrAreas":"Australia","StartState/Province":"Victoria","StartLocation":"Victoria, Australia","Owner":"Vopak Victoria Energy Terminal Pty Ltd [100%]","Operator":"","StartYear1":"","FuelType":"LNG","FacilityType":"import","LocationAccuracy":"exact","Capacity":"4.7","CapacityUnits":"mtpa","CapacityMapScale":109510.0,"Tracker":"GGIT-LNG"}},{"type":"Feature","geometry":{"type":"Point","coordinates":[126.8700751,36.5233519]},"properties":{"PipelineName":"POSCO Dangjin LNG Terminal","SegmentName":"","Status":"shelved","Wiki":"https://www.gem.wiki/POSCO_Dangjin_LNG_Terminal","ProjectID":"T100000131132","UnitID":"G100002113200","CountriesOrAreas":"South Korea","StartState/Province":"Chungcheongnam-do","StartLocation":"Chungcheongnam-do, South Korea","Owner":"LX International [TO BE DELETED] Corp; POSCO International","Operator":"","StartYear1":"","FuelType":"LNG","FacilityType":"import","LocationAccuracy":"approximate","Capacity":"3.5","CapacityUnits":"mtpa","CapacityMapScale":81550.0,"Tracker":"GGIT-LNG"}},{"type":"Feature","geometry":{"type":"Point","coordinates":[119.802714,-13.85783]},"properties":{"PipelineName":"Poseidon FLNG Terminal","SegmentName":"","Status":"cancelled","Wiki":"https://www.gem.wiki/Poseidon_FLNG_Terminal","ProjectID":"T100000130694","UnitID":"G100002069401","CountriesOrAreas":"Australia","StartState/Province":"","StartLocation":"Australia","Owner":"ConocoPhillips Corp [100%]","Operator":"ConocoPhillips","StartYear1":"","FuelType":"LNG","FacilityType":"export","LocationAccuracy":"approximate","Capacity":"3.9","CapacityUnits":"mtpa","CapacityMapScale":90870.0,"Tracker":"GGIT-LNG"}},{"type":"Feature","geometry":{"type":"Point","coordinates":[-8.045619,51.264274]},"properties":{"PipelineName":"Predator FSRU","SegmentName":"","Status":"proposed","Wiki":"https://www.gem.wiki/Predator_FSRU","ProjectID":"T100000130855","UnitID":"G100002085500","CountriesOrAreas":"Ireland","StartState/Province":"","StartLocation":"Ireland","Owner":"Predator Oil & Gas Holdings PLC [100%]","Operator":"","StartYear1":"","FuelType":"LNG","FacilityType":"import","LocationAccuracy":"approximate","Capacity":"2.6","CapacityUnits":"bcm/y","CapacityMapScale":44526.3,"Tracker":"GGIT-LNG"}},{"type":"Feature","geometry":{"type":"Point","coordinates":[123.316667,-13.786667]},"properties":{"PipelineName":"Prelude FLNG Terminal","SegmentName":"","Status":"operating","Wiki":"https://www.gem.wiki/Prelude_FLNG_Terminal","ProjectID":"T100000130339","UnitID":"G100002033901","CountriesOrAreas":"Australia","StartState/Province":"Western Australia","StartLocation":"Western Australia, Australia","Owner":"Shell PLC [67.5%]; INPEX Corp [17.5%]; Korea Gas Corp [10%]; CPC Corporation Taiwan [5%]","Operator":"Shell","StartYear1":"2019","FuelType":"LNG","FacilityType":"export","LocationAccuracy":"exact","Capacity":"3.6","CapacityUnits":"mtpa","CapacityMapScale":83880.0,"Tracker":"GGIT-LNG"}},{"type":"Feature","geometry":{"type":"Point","coordinates":[-40.946933,-21.224754]},"properties":{"PipelineName":"Presidente Kennedy FSRU","SegmentName":"","Status":"shelved","Wiki":"https://www.gem.wiki/Presidente_Kennedy_FSRU","ProjectID":"T100000130934","UnitID":"G100002093400","CountriesOrAreas":"Brazil","StartState/Province":"Espírito Santo","StartLocation":"Espírito Santo, Brazil","Owner":"Porto Central Complexo Industrial Portuário SA [100%]","Operator":"","StartYear1":"","FuelType":"LNG","FacilityType":"import","LocationAccuracy":"approximate","Capacity":"7.3","CapacityUnits":"bcm/y","CapacityMapScale":125016.2,"Tracker":"GGIT-LNG"}},{"type":"Feature","geometry":{"type":"Point","coordinates":[-130.314542,54.20642]},"properties":{"PipelineName":"Prince Rupert LNG Terminal","SegmentName":"Unit T1-T3","Status":"cancelled","Wiki":"https://www.gem.wiki/Prince_Rupert_LNG_Terminal","ProjectID":"T100000130364","UnitID":"G100002036401","CountriesOrAreas":"Canada","StartState/Province":"British Columbia","StartLocation":"British Columbia, Canada","Owner":"Prince Rupert LNG Exports Ltd [100%]","Operator":"","StartYear1":"","FuelType":"LNG","FacilityType":"export","LocationAccuracy":"approximate","Capacity":"21.6","CapacityUnits":"mtpa","CapacityMapScale":503280.0,"Tracker":"GGIT-LNG"}},{"type":"Feature","geometry":{"type":"Point","coordinates":[15.216667,37.25]},"properties":{"PipelineName":"Priolo Augusta LNG Terminal","SegmentName":"","Status":"cancelled","Wiki":"https://www.gem.wiki/Priolo_Augusta_LNG_Terminal","ProjectID":"T100000130480","UnitID":"G100002048000","CountriesOrAreas":"Italy","StartState/Province":"Sicily","StartLocation":"Sicily, Italy","Owner":"Shell PLC [100%]","Operator":"","StartYear1":"","FuelType":"LNG","FacilityType":"import","LocationAccuracy":"approximate","Capacity":"8","CapacityUnits":"bcm/y","CapacityMapScale":137004.0,"Tracker":"GGIT-LNG"}},{"type":"Feature","geometry":{"type":"Point","coordinates":[-89.67,21.28]},"properties":{"PipelineName":"Progreso LNG Terminal","SegmentName":"","Status":"cancelled","Wiki":"https://www.gem.wiki/Progreso_LNG_Terminal","ProjectID":"T100000130574","UnitID":"G100002057400","CountriesOrAreas":"Mexico","StartState/Province":"Yucatán","StartLocation":"Yucatán, Mexico","Owner":"Korea Gas Corp [100%]","Operator":"","StartYear1":"","FuelType":"LNG","FacilityType":"import","LocationAccuracy":"approximate","Capacity":"","CapacityUnits":"","CapacityMapScale":"","Tracker":"GGIT-LNG"}},{"type":"Feature","geometry":{"type":"Point","coordinates":[-63.331569,10.302279]},"properties":{"PipelineName":"Project Venezuela LNG Terminal","SegmentName":"","Status":"cancelled","Wiki":"https://www.gem.wiki/Project_Venezuela_LNG_Terminal","ProjectID":"T100000130624","UnitID":"G100002062401","CountriesOrAreas":"Venezuela","StartState/Province":"","StartLocation":"Venezuela","Owner":"Exxon Mobil Corp; Mitsubishi Corp; Petróleos de Venezuela SA; Shell PLC","Operator":"","StartYear1":"","FuelType":"LNG","FacilityType":"export","LocationAccuracy":"approximate","Capacity":"4","CapacityUnits":"mtpa","CapacityMapScale":93200.0,"Tracker":"GGIT-LNG"}},{"type":"Feature","geometry":{"type":"Point","coordinates":[-75.5440874,10.2877805]},"properties":{"PipelineName":"Puerto Bahía LNG Terminal","SegmentName":"Unit Phase 1","Status":"proposed","Wiki":"https://www.gem.wiki/Puerto_Bahía_LNG_Terminal","ProjectID":"T100001083296","UnitID":"G100001094059","CountriesOrAreas":"Colombia","StartState/Province":"Bolívar","StartLocation":"Bolívar, Colombia","Owner":"Sociedad Portuaria Puerto Bahía SA [100%]","Operator":"","StartYear1":"","FuelType":"LNG","FacilityType":"import","LocationAccuracy":"approximate","Capacity":"126","CapacityUnits":"MMcf/d","CapacityMapScale":22517.6,"Tracker":"GGIT-LNG"}},{"type":"Feature","geometry":{"type":"Point","coordinates":[-75.5440874,10.2877805]},"properties":{"PipelineName":"Puerto Bahía LNG Terminal","SegmentName":"Unit Phase 2","Status":"proposed","Wiki":"https://www.gem.wiki/Puerto_Bahía_LNG_Terminal","ProjectID":"T100001083296","UnitID":"G100001094060","CountriesOrAreas":"Colombia","StartState/Province":"Bolívar","StartLocation":"Bolívar, Colombia","Owner":"Sociedad Portuaria Puerto Bahía SA [100%]","Operator":"","StartYear1":"","FuelType":"LNG","FacilityType":"import","LocationAccuracy":"approximate","Capacity":"174","CapacityUnits":"MMcf/d","CapacityMapScale":31095.7,"Tracker":"GGIT-LNG"}},{"type":"Feature","geometry":{"type":"Point","coordinates":[-73.38434,11.27525]},"properties":{"PipelineName":"Puerto Brisa LNG Terminal","SegmentName":"Unit Phase 1","Status":"proposed","Wiki":"https://www.gem.wiki/Puerto_Brisa_LNG_Terminal","ProjectID":"T100001049377","UnitID":"G100001056985","CountriesOrAreas":"Colombia","StartState/Province":"La Guajira","StartLocation":"La Guajira, Colombia","Owner":"Energy Developments LLC; TransEnergy LNG SASESP","Operator":"","StartYear1":"","FuelType":"LNG","FacilityType":"import","LocationAccuracy":"approximate","Capacity":"0.24","CapacityUnits":"bcf/d","CapacityMapScale":42890.6,"Tracker":"GGIT-LNG"}},{"type":"Feature","geometry":{"type":"Point","coordinates":[-73.38434,11.27525]},"properties":{"PipelineName":"Puerto Brisa LNG Terminal","SegmentName":"Unit Phase 2","Status":"proposed","Wiki":"https://www.gem.wiki/Puerto_Brisa_LNG_Terminal","ProjectID":"T100001049377","UnitID":"G100001057016","CountriesOrAreas":"Colombia","StartState/Province":"La Guajira","StartLocation":"La Guajira, Colombia","Owner":"Energy Developments LLC; TransEnergy LNG SASESP","Operator":"","StartYear1":"","FuelType":"LNG","FacilityType":"import","LocationAccuracy":"approximate","Capacity":"0.4","CapacityUnits":"bcf/d","CapacityMapScale":71484.4,"Tracker":"GGIT-LNG"}},{"type":"Feature","geometry":{"type":"Point","coordinates":[-87.941126,15.839808]},"properties":{"PipelineName":"Puerto Cortés LNG Terminal","SegmentName":"","Status":"construction","Wiki":"https://www.gem.wiki/Puerto_Cortés_LNG_Terminal","ProjectID":"T100001061417","UnitID":"G100001070365","CountriesOrAreas":"Honduras","StartState/Province":"","StartLocation":"Honduras","Owner":"Génesis Energías SA [100%]","Operator":"","StartYear1":"","FuelType":"LNG","FacilityType":"import","LocationAccuracy":"approximate","Capacity":"","CapacityUnits":"","CapacityMapScale":"","Tracker":"GGIT-LNG"}},{"type":"Feature","geometry":{"type":"Point","coordinates":[-15.423414,28.139483]},"properties":{"PipelineName":"Puerto de la Luz LNG Terminal","SegmentName":"","Status":"cancelled","Wiki":"https://www.gem.wiki/Puerto_de_la_Luz_LNG_Terminal","ProjectID":"T100000130856","UnitID":"G100002085600","CountriesOrAreas":"Spain","StartState/Province":"Canarias","StartLocation":"Canarias, Spain","Owner":"Totisa Holdings SA [100%]","Operator":"","StartYear1":"","FuelType":"LNG","FacilityType":"import","LocationAccuracy":"approximate","Capacity":"","CapacityUnits":"","CapacityMapScale":"","Tracker":"GGIT-LNG"}},{"type":"Feature","geometry":{"type":"Point","coordinates":[-86.767115,12.171182]},"properties":{"PipelineName":"Puerto Sandino FSRU","SegmentName":"","Status":"construction","Wiki":"https://www.gem.wiki/Puerto_Sandino_FSRU","ProjectID":"T100000130966","UnitID":"G100002096600","CountriesOrAreas":"Nicaragua","StartState/Province":"","StartLocation":"Nicaragua","Owner":"New Fortress Energy Inc [100%]","Operator":"Energos Infrastructure; New Fortress Energy","StartYear1":"","FuelType":"LNG","FacilityType":"import","LocationAccuracy":"approximate","Capacity":"5","CapacityUnits":"mtpa","CapacityMapScale":116500.0,"Tracker":"GGIT-LNG"}},{"type":"Feature","geometry":{"type":"Point","coordinates":[8.7015,3.776]},"properties":{"PipelineName":"Punta Europa LNG Terminal","SegmentName":"Unit T1","Status":"operating","Wiki":"https://www.gem.wiki/Punta_Europa_LNG_Terminal","ProjectID":"T100000130252","UnitID":"G100002025201","CountriesOrAreas":"Equatorial Guinea","StartState/Province":"Bioko Island","StartLocation":"Bioko Island, Equatorial Guinea","Owner":"EG LNG [100%]","Operator":"EG LNG","StartYear1":"2007","FuelType":"LNG","FacilityType":"export","LocationAccuracy":"exact","Capacity":"3.7","CapacityUnits":"mtpa","CapacityMapScale":86210.0,"Tracker":"GGIT-LNG"}},{"type":"Feature","geometry":{"type":"Point","coordinates":[8.7015,3.776]},"properties":{"PipelineName":"Punta Europa LNG Terminal","SegmentName":"Unit T2","Status":"cancelled","Wiki":"https://www.gem.wiki/Punta_Europa_LNG_Terminal","ProjectID":"T100000130252","UnitID":"G100002025202","CountriesOrAreas":"Equatorial Guinea","StartState/Province":"Bioko Island","StartLocation":"Bioko Island, Equatorial Guinea","Owner":"EG LNG [100%]","Operator":"EG LNG","StartYear1":"","FuelType":"LNG","FacilityType":"export","LocationAccuracy":"exact","Capacity":"4.4","CapacityUnits":"mtpa","CapacityMapScale":102520.0,"Tracker":"GGIT-LNG"}},{"type":"Feature","geometry":{"type":"Point","coordinates":[119.0719378,25.1038092]},"properties":{"PipelineName":"Putian LNG Terminal","SegmentName":"Unit Phase 1","Status":"construction","Wiki":"https://www.gem.wiki/Putian_LNG_Terminal","ProjectID":"T100000130399","UnitID":"G100002039900","CountriesOrAreas":"China","StartState/Province":"Fujian","StartLocation":"Fujian, China","Owner":"Putian Hanas Liquefied Natural Gas Co Ltd [100%]","Operator":"","StartYear1":"","FuelType":"LNG","FacilityType":"import","LocationAccuracy":"exact","Capacity":"5.65","CapacityUnits":"mtpa","CapacityMapScale":131645.0,"Tracker":"GGIT-LNG"}},{"type":"Feature","geometry":{"type":"Point","coordinates":[119.0719378,25.1038092]},"properties":{"PipelineName":"Putian LNG Terminal","SegmentName":"Unit Phase 2","Status":"proposed","Wiki":"https://www.gem.wiki/Putian_LNG_Terminal","ProjectID":"T100000130399","UnitID":"G100002039901","CountriesOrAreas":"China","StartState/Province":"Fujian","StartLocation":"Fujian, China","Owner":"Putian Hanas Liquefied Natural Gas Co Ltd [100%]","Operator":"","StartYear1":"","FuelType":"LNG","FacilityType":"import","LocationAccuracy":"exact","Capacity":"4.35","CapacityUnits":"mtpa","CapacityMapScale":101355.0,"Tracker":"GGIT-LNG"}},{"type":"Feature","geometry":{"type":"Point","coordinates":[126.7841,37.0057]},"properties":{"PipelineName":"Pyeongtaek LNG Terminal","SegmentName":"","Status":"operating","Wiki":"https://www.gem.wiki/Pyeongtaek_LNG_Terminal","ProjectID":"T100000130313","UnitID":"G100002031300","CountriesOrAreas":"South Korea","StartState/Province":"Gyeonggi","StartLocation":"Gyeonggi, South Korea","Owner":"Korea Gas Corp [100%]","Operator":"","StartYear1":"1986","FuelType":"LNG","FacilityType":"import","LocationAccuracy":"exact","Capacity":"41","CapacityUnits":"mtpa","CapacityMapScale":955300.0,"Tracker":"GGIT-LNG"}},{"type":"Feature","geometry":{"type":"Point","coordinates":[51.557708,25.908412]},"properties":{"PipelineName":"QatarEnergy LNG (N)","SegmentName":"Unit N(4) T7","Status":"operating","Wiki":"https://www.gem.wiki/QatarEnergy_LNG_(N)","ProjectID":"T100000130594","UnitID":"G100001055426","CountriesOrAreas":"Qatar","StartState/Province":"Al Khawr","StartLocation":"Al Khawr, Qatar","Owner":"","Operator":"QatarEnergy LNG","StartYear1":"2011","FuelType":"LNG","FacilityType":"export","LocationAccuracy":"exact","Capacity":"7.8","CapacityUnits":"mtpa","CapacityMapScale":181740.0,"Tracker":"GGIT-LNG"}},{"type":"Feature","geometry":{"type":"Point","coordinates":[51.557708,25.908412]},"properties":{"PipelineName":"QatarEnergy LNG (N)","SegmentName":"Unit N(1) T1-3","Status":"operating","Wiki":"https://www.gem.wiki/QatarEnergy_LNG_(N)","ProjectID":"T100000130594","UnitID":"G100002059401","CountriesOrAreas":"Qatar","StartState/Province":"Al Khawr","StartLocation":"Al Khawr, Qatar","Owner":"","Operator":"QatarEnergy LNG","StartYear1":"1996","FuelType":"LNG","FacilityType":"export","LocationAccuracy":"exact","Capacity":"9.6","CapacityUnits":"mtpa","CapacityMapScale":223680.0,"Tracker":"GGIT-LNG"}},{"type":"Feature","geometry":{"type":"Point","coordinates":[51.557708,25.908412]},"properties":{"PipelineName":"QatarEnergy LNG (N)","SegmentName":"Unit N(2) T4-5","Status":"operating","Wiki":"https://www.gem.wiki/QatarEnergy_LNG_(N)","ProjectID":"T100000130594","UnitID":"G100002059402","CountriesOrAreas":"Qatar","StartState/Province":"Al Khawr","StartLocation":"Al Khawr, Qatar","Owner":"","Operator":"QatarEnergy LNG","StartYear1":"2009","FuelType":"LNG","FacilityType":"export","LocationAccuracy":"exact","Capacity":"15.6","CapacityUnits":"mtpa","CapacityMapScale":363480.0,"Tracker":"GGIT-LNG"}},{"type":"Feature","geometry":{"type":"Point","coordinates":[51.557708,25.908412]},"properties":{"PipelineName":"QatarEnergy LNG (N)","SegmentName":"Unit N(3) T6","Status":"operating","Wiki":"https://www.gem.wiki/QatarEnergy_LNG_(N)","ProjectID":"T100000130594","UnitID":"G100002059403","CountriesOrAreas":"Qatar","StartState/Province":"Al Khawr","StartLocation":"Al Khawr, Qatar","Owner":"","Operator":"QatarEnergy LNG","StartYear1":"2010","FuelType":"LNG","FacilityType":"export","LocationAccuracy":"exact","Capacity":"7.8","CapacityUnits":"mtpa","CapacityMapScale":181740.0,"Tracker":"GGIT-LNG"}},{"type":"Feature","geometry":{"type":"Point","coordinates":[51.54435,25.891475]},"properties":{"PipelineName":"QatarEnergy LNG (S)","SegmentName":"Unit S(3) T6-7","Status":"operating","Wiki":"https://www.gem.wiki/QatarEnergy_LNG_(S)","ProjectID":"T100000130598","UnitID":"G100001055432","CountriesOrAreas":"Qatar","StartState/Province":"Al Khawr","StartLocation":"Al Khawr, Qatar","Owner":"","Operator":"QatarEnergy LNG","StartYear1":"2009","FuelType":"LNG","FacilityType":"export","LocationAccuracy":"exact","Capacity":"15.6","CapacityUnits":"mtpa","CapacityMapScale":363480.0,"Tracker":"GGIT-LNG"}},{"type":"Feature","geometry":{"type":"Point","coordinates":[51.54435,25.891475]},"properties":{"PipelineName":"QatarEnergy LNG (S)","SegmentName":"Unit S(1) T1-2","Status":"operating","Wiki":"https://www.gem.wiki/QatarEnergy_LNG_(S)","ProjectID":"T100000130598","UnitID":"G100002059801","CountriesOrAreas":"Qatar","StartState/Province":"Al Khawr","StartLocation":"Al Khawr, Qatar","Owner":"","Operator":"QatarEnergy LNG","StartYear1":"1999","FuelType":"LNG","FacilityType":"export","LocationAccuracy":"exact","Capacity":"6.6","CapacityUnits":"mtpa","CapacityMapScale":153780.0,"Tracker":"GGIT-LNG"}},{"type":"Feature","geometry":{"type":"Point","coordinates":[51.54435,25.891475]},"properties":{"PipelineName":"QatarEnergy LNG (S)","SegmentName":"Unit S(2) T3-5","Status":"operating","Wiki":"https://www.gem.wiki/QatarEnergy_LNG_(S)","ProjectID":"T100000130598","UnitID":"G100002059802","CountriesOrAreas":"Qatar","StartState/Province":"Al Khawr","StartLocation":"Al Khawr, Qatar","Owner":"","Operator":"QatarEnergy LNG","StartYear1":"2004","FuelType":"LNG","FacilityType":"export","LocationAccuracy":"exact","Capacity":"14.1","CapacityUnits":"mtpa","CapacityMapScale":328530.0,"Tracker":"GGIT-LNG"}},{"type":"Feature","geometry":{"type":"Point","coordinates":[55.752355,26.951056]},"properties":{"PipelineName":"Qeshm LNG Terminal","SegmentName":"Unit T1-T3","Status":"cancelled","Wiki":"https://www.gem.wiki/Qeshm_LNG_Terminal","ProjectID":"T100000130627","UnitID":"G100002062701","CountriesOrAreas":"Iran","StartState/Province":"","StartLocation":"Iran","Owner":"Tak-Iranian Gas Company [100%]","Operator":"","StartYear1":"","FuelType":"LNG","FacilityType":"export","LocationAccuracy":"approximate","Capacity":"3.45","CapacityUnits":"mtpa","CapacityMapScale":80385.0,"Tracker":"GGIT-LNG"}},{"type":"Feature","geometry":{"type":"Point","coordinates":[121.746907,32.041846]},"properties":{"PipelineName":"Qidong LNG Terminal","SegmentName":"Unit Phase 2","Status":"operating","Wiki":"https://www.gem.wiki/Qidong_LNG_Terminal","ProjectID":"T100000130400","UnitID":"G100001053525","CountriesOrAreas":"China","StartState/Province":"Jiangsu","StartLocation":"Jiangsu, China","Owner":"Guanghui Energy Integrated Logistics Development Co Ltd [100%]","Operator":"","StartYear1":"2018","FuelType":"LNG","FacilityType":"import","LocationAccuracy":"exact","Capacity":"0.55","CapacityUnits":"mtpa","CapacityMapScale":12815.0,"Tracker":"GGIT-LNG"}},{"type":"Feature","geometry":{"type":"Point","coordinates":[121.746907,32.041846]},"properties":{"PipelineName":"Qidong LNG Terminal","SegmentName":"Unit Phase 1","Status":"operating","Wiki":"https://www.gem.wiki/Qidong_LNG_Terminal","ProjectID":"T100000130400","UnitID":"G100002040000","CountriesOrAreas":"China","StartState/Province":"Jiangsu","StartLocation":"Jiangsu, China","Owner":"Guanghui Energy Integrated Logistics Development Co Ltd [100%]","Operator":"","StartYear1":"2017","FuelType":"LNG","FacilityType":"import","LocationAccuracy":"exact","Capacity":"0.6","CapacityUnits":"mtpa","CapacityMapScale":13980.0,"Tracker":"GGIT-LNG"}},{"type":"Feature","geometry":{"type":"Point","coordinates":[121.746907,32.041846]},"properties":{"PipelineName":"Qidong LNG Terminal","SegmentName":"Unit Phase 3","Status":"operating","Wiki":"https://www.gem.wiki/Qidong_LNG_Terminal","ProjectID":"T100000130400","UnitID":"G100002040001","CountriesOrAreas":"China","StartState/Province":"Jiangsu","StartLocation":"Jiangsu, China","Owner":"Guanghui Energy Integrated Logistics Development Co Ltd [100%]","Operator":"","StartYear1":"2020","FuelType":"LNG","FacilityType":"import","LocationAccuracy":"exact","Capacity":"1.85","CapacityUnits":"mtpa","CapacityMapScale":43105.0,"Tracker":"GGIT-LNG"}},{"type":"Feature","geometry":{"type":"Point","coordinates":[121.746907,32.041846]},"properties":{"PipelineName":"Qidong LNG Terminal","SegmentName":"Unit Phase 4","Status":"operating","Wiki":"https://www.gem.wiki/Qidong_LNG_Terminal","ProjectID":"T100000130400","UnitID":"G100002040002","CountriesOrAreas":"China","StartState/Province":"Jiangsu","StartLocation":"Jiangsu, China","Owner":"Guanghui Energy Integrated Logistics Development Co Ltd [100%]","Operator":"","StartYear1":"2022","FuelType":"LNG","FacilityType":"import","LocationAccuracy":"exact","Capacity":"2","CapacityUnits":"mtpa","CapacityMapScale":46600.0,"Tracker":"GGIT-LNG"}},{"type":"Feature","geometry":{"type":"Point","coordinates":[121.746907,32.041846]},"properties":{"PipelineName":"Qidong LNG Terminal","SegmentName":"Unit Phase 5","Status":"operating","Wiki":"https://www.gem.wiki/Qidong_LNG_Terminal","ProjectID":"T100000130400","UnitID":"G100002040003","CountriesOrAreas":"China","StartState/Province":"Jiangsu","StartLocation":"Jiangsu, China","Owner":"Guanghui Energy Integrated Logistics Development Co Ltd [100%]","Operator":"","StartYear1":"2024","FuelType":"LNG","FacilityType":"import","LocationAccuracy":"exact","Capacity":"","CapacityUnits":"","CapacityMapScale":"","Tracker":"GGIT-LNG"}},{"type":"Feature","geometry":{"type":"Point","coordinates":[-146.2563,70.1734]},"properties":{"PipelineName":"Qilak LNG Terminal","SegmentName":"","Status":"proposed","Wiki":"https://www.gem.wiki/Qilak_LNG_Terminal","ProjectID":"T100000130922","UnitID":"G100002092201","CountriesOrAreas":"United States","StartState/Province":"Alaska","StartLocation":"Alaska, United States","Owner":"Qilak LNG Inc [100%]","Operator":"","StartYear1":"","FuelType":"LNG","FacilityType":"export","LocationAccuracy":"approximate","Capacity":"4","CapacityUnits":"mtpa","CapacityMapScale":93200.0,"Tracker":"GGIT-LNG"}},{"type":"Feature","geometry":{"type":"Point","coordinates":[108.616667,21.95]},"properties":{"PipelineName":"Qinzhou LNG Terminal","SegmentName":"","Status":"proposed","Wiki":"https://www.gem.wiki/Qinzhou_LNG_Terminal","ProjectID":"T100000130401","UnitID":"G100002040100","CountriesOrAreas":"China","StartState/Province":"Guangxi","StartLocation":"Guangxi, China","Owner":"China National Petroleum Corp [100%]","Operator":"","StartYear1":"","FuelType":"LNG","FacilityType":"import","LocationAccuracy":"approximate","Capacity":"4","CapacityUnits":"mtpa","CapacityMapScale":93200.0,"Tracker":"GGIT-LNG"}},{"type":"Feature","geometry":{"type":"Point","coordinates":[108.389096,15.876183]},"properties":{"PipelineName":"Quang Nam LNG Terminal","SegmentName":"","Status":"cancelled","Wiki":"https://www.gem.wiki/Quang_Nam_LNG_Terminal","ProjectID":"T100000130903","UnitID":"G100002090300","CountriesOrAreas":"Vietnam","StartState/Province":"","StartLocation":"Vietnam","Owner":"Energy Capital Vietnam [100%]","Operator":"","StartYear1":"","FuelType":"LNG","FacilityType":"import","LocationAccuracy":"approximate","Capacity":"","CapacityUnits":"","CapacityMapScale":"","Tracker":"GGIT-LNG"}},{"type":"Feature","geometry":{"type":"Point","coordinates":[107.35511,21.004545]},"properties":{"PipelineName":"Quang Ninh LNG Terminal","SegmentName":"","Status":"proposed","Wiki":"https://www.gem.wiki/Quang_Ninh_LNG_Terminal","ProjectID":"T100001057476","UnitID":"G100001065704","CountriesOrAreas":"Vietnam","StartState/Province":"","StartLocation":"Vietnam","Owner":"Quang Ninh LNG Power JSC","Operator":"","StartYear1":"","FuelType":"LNG","FacilityType":"import","LocationAccuracy":"approximate","Capacity":"1.2","CapacityUnits":"mtpa","CapacityMapScale":27960.0,"Tracker":"GGIT-LNG"}},{"type":"Feature","geometry":{"type":"Point","coordinates":[118.9743127,25.1825286]},"properties":{"PipelineName":"Quanzhou LNG Terminal","SegmentName":"Unit Phase 1","Status":"shelved","Wiki":"https://www.gem.wiki/Quanzhou_LNG_Terminal","ProjectID":"T100000130953","UnitID":"G100002095300","CountriesOrAreas":"China","StartState/Province":"Fujian","StartLocation":"Fujian, China","Owner":"Quanzhou Honghai Petrochemical Storage Co Ltd [100%]","Operator":"","StartYear1":"","FuelType":"LNG","FacilityType":"import","LocationAccuracy":"approximate","Capacity":"3","CapacityUnits":"mtpa","CapacityMapScale":69900.0,"Tracker":"GGIT-LNG"}},{"type":"Feature","geometry":{"type":"Point","coordinates":[118.9743127,25.1825286]},"properties":{"PipelineName":"Quanzhou LNG Terminal","SegmentName":"Unit Phase 2","Status":"shelved","Wiki":"https://www.gem.wiki/Quanzhou_LNG_Terminal","ProjectID":"T100000130953","UnitID":"G100002095301","CountriesOrAreas":"China","StartState/Province":"Fujian","StartLocation":"Fujian, China","Owner":"Quanzhou Honghai Petrochemical Storage Co Ltd [100%]","Operator":"","StartYear1":"","FuelType":"LNG","FacilityType":"import","LocationAccuracy":"approximate","Capacity":"3","CapacityUnits":"mtpa","CapacityMapScale":69900.0,"Tracker":"GGIT-LNG"}},{"type":"Feature","geometry":{"type":"Point","coordinates":[151.199,-23.7693]},"properties":{"PipelineName":"Queensland Curtis LNG Terminal","SegmentName":"Unit T1","Status":"operating","Wiki":"https://www.gem.wiki/Queensland_Curtis_LNG_Terminal","ProjectID":"T100000130340","UnitID":"G100002034001","CountriesOrAreas":"Australia","StartState/Province":"Queensland","StartLocation":"Queensland, Australia","Owner":"","Operator":"Shell","StartYear1":"2015","FuelType":"LNG","FacilityType":"export","LocationAccuracy":"exact","Capacity":"4.25","CapacityUnits":"mtpa","CapacityMapScale":99025.0,"Tracker":"GGIT-LNG"}},{"type":"Feature","geometry":{"type":"Point","coordinates":[151.199,-23.7693]},"properties":{"PipelineName":"Queensland Curtis LNG Terminal","SegmentName":"Unit T2","Status":"operating","Wiki":"https://www.gem.wiki/Queensland_Curtis_LNG_Terminal","ProjectID":"T100000130340","UnitID":"G100002034002","CountriesOrAreas":"Australia","StartState/Province":"Queensland","StartLocation":"Queensland, Australia","Owner":"","Operator":"Shell","StartYear1":"2015","FuelType":"LNG","FacilityType":"export","LocationAccuracy":"exact","Capacity":"4.25","CapacityUnits":"mtpa","CapacityMapScale":99025.0,"Tracker":"GGIT-LNG"}},{"type":"Feature","geometry":{"type":"Point","coordinates":[121.7614756,14.2322935]},"properties":{"PipelineName":"Quezon LNG Terminal","SegmentName":"","Status":"shelved","Wiki":"https://www.gem.wiki/Quezon_LNG_Terminal","ProjectID":"T100000131167","UnitID":"G100002116700","CountriesOrAreas":"Philippines","StartState/Province":"Quezon","StartLocation":"Quezon, Philippines","Owner":"Quezon Power (Philippines) Ltd Co [100%]","Operator":"Quezon Power (Philippines)","StartYear1":"","FuelType":"LNG","FacilityType":"import","LocationAccuracy":"exact","Capacity":"1.1","CapacityUnits":"mtpa","CapacityMapScale":25630.0,"Tracker":"GGIT-LNG"}},{"type":"Feature","geometry":{"type":"Point","coordinates":[-71.49001,-32.7787]},"properties":{"PipelineName":"Quintero LNG Terminal","SegmentName":"","Status":"operating","Wiki":"https://www.gem.wiki/Quintero_LNG_Terminal","ProjectID":"T100000130560","UnitID":"G100002056000","CountriesOrAreas":"Chile","StartState/Province":"Valparaíso","StartLocation":"Valparaíso, Chile","Owner":"EIG Global Energy Partners LLC [40%]; Fluxys NV [40%]; Empresa Nacional del Petróleo [20%]","Operator":"GNL Quintero","StartYear1":"2009","FuelType":"LNG","FacilityType":"import","LocationAccuracy":"exact","Capacity":"4","CapacityUnits":"mtpa","CapacityMapScale":93200.0,"Tracker":"GGIT-LNG"}},{"type":"Feature","geometry":{"type":"Point","coordinates":[-71.49001,-32.7787]},"properties":{"PipelineName":"Quintero LNG Terminal","SegmentName":"Unit Expansion","Status":"cancelled","Wiki":"https://www.gem.wiki/Quintero_LNG_Terminal","ProjectID":"T100000130560","UnitID":"G100002056001","CountriesOrAreas":"Chile","StartState/Province":"Valparaíso","StartLocation":"Valparaíso, Chile","Owner":"EIG Global Energy Partners LLC [40%]; Fluxys NV [40%]; Empresa Nacional del Petróleo [20%]","Operator":"GNL Quintero","StartYear1":"","FuelType":"LNG","FacilityType":"import","LocationAccuracy":"exact","Capacity":"1.83","CapacityUnits":"bcm/y","CapacityMapScale":31339.7,"Tracker":"GGIT-LNG"}},{"type":"Feature","geometry":{"type":"Point","coordinates":[-67.041773,44.957541]},"properties":{"PipelineName":"Quoddy Bay LNG Terminal","SegmentName":"","Status":"cancelled","Wiki":"https://www.gem.wiki/Quoddy_Bay_LNG_Terminal","ProjectID":"T100000130649","UnitID":"G100002064900","CountriesOrAreas":"United States","StartState/Province":"Maine","StartLocation":"Maine, United States","Owner":"Quoddy Bay LNG LLC [100%]","Operator":"","StartYear1":"","FuelType":"LNG","FacilityType":"import","LocationAccuracy":"approximate","Capacity":"","CapacityUnits":"","CapacityMapScale":"","Tracker":"GGIT-LNG"}},{"type":"Feature","geometry":{"type":"Point","coordinates":[122.351978,30.427224]},"properties":{"PipelineName":"Qushan LNG Terminal","SegmentName":"","Status":"proposed","Wiki":"https://www.gem.wiki/Qushan_LNG_Terminal","ProjectID":"T100000130996","UnitID":"G100002099600","CountriesOrAreas":"China","StartState/Province":"Zhejiang","StartLocation":"Zhejiang, China","Owner":"","Operator":"","StartYear1":"","FuelType":"LNG","FacilityType":"import","LocationAccuracy":"approximate","Capacity":"3","CapacityUnits":"mtpa","CapacityMapScale":69900.0,"Tracker":"GGIT-LNG"}},{"type":"Feature","geometry":{"type":"Point","coordinates":[105.8009029,19.2818643]},"properties":{"PipelineName":"Quynh Lap LNG Terminal","SegmentName":"","Status":"construction","Wiki":"https://www.gem.wiki/Quynh_Lap_LNG_Terminal","ProjectID":"T100001057484","UnitID":"G100001065714","CountriesOrAreas":"Vietnam","StartState/Province":"","StartLocation":"Vietnam","Owner":"Nghe An Sugar LLC; PetroVietnam Power Corporation JSC; SK Innovation Co Ltd","Operator":"","StartYear1":"","FuelType":"LNG","FacilityType":"import","LocationAccuracy":"approximate","Capacity":"1.15","CapacityUnits":"mtpa","CapacityMapScale":26795.0,"Tracker":"GGIT-LNG"}},{"type":"Feature","geometry":{"type":"Point","coordinates":[-71.055819,46.83281]},"properties":{"PipelineName":"Rabaska LNG Terminal","SegmentName":"","Status":"cancelled","Wiki":"https://www.gem.wiki/Rabaska_LNG_Terminal","ProjectID":"T100000130365","UnitID":"G100002036500","CountriesOrAreas":"Canada","StartState/Province":"Quebec","StartLocation":"Quebec, Canada","Owner":"Enbridge Inc; Énergir Inc; ENGIE SA; Gazprom PJSC","Operator":"","StartYear1":"","FuelType":"LNG","FacilityType":"import","LocationAccuracy":"approximate","Capacity":"3.8","CapacityUnits":"mtpa","CapacityMapScale":88540.0,"Tracker":"GGIT-LNG"}},{"type":"Feature","geometry":{"type":"Point","coordinates":[93.5543,19.4281]},"properties":{"PipelineName":"Rakhine LNG Terminal","SegmentName":"","Status":"cancelled","Wiki":"https://www.gem.wiki/Rakhine_LNG_Terminal","ProjectID":"T100000130905","UnitID":"G100002090500","CountriesOrAreas":"Myanmar","StartState/Province":"Rakhine","StartLocation":"Rakhine, Myanmar","Owner":"CNTIC VPower Group Holdings Ltd [100%]","Operator":"","StartYear1":"","FuelType":"LNG","FacilityType":"import","LocationAccuracy":"approximate","Capacity":"","CapacityUnits":"","CapacityMapScale":"","Tracker":"GGIT-LNG"}},{"type":"Feature","geometry":{"type":"Point","coordinates":[21.435687,61.130747]},"properties":{"PipelineName":"Rauma LNG Terminal","SegmentName":"","Status":"cancelled","Wiki":"https://www.gem.wiki/Rauma_LNG_Terminal","ProjectID":"T100000130720","UnitID":"G100002072000","CountriesOrAreas":"Finland","StartState/Province":"","StartLocation":"Finland","Owner":"Linde PLC [100%]","Operator":"","StartYear1":"","FuelType":"LNG","FacilityType":"import","LocationAccuracy":"approximate","Capacity":"","CapacityUnits":"","CapacityMapScale":"","Tracker":"GGIT-LNG"}},{"type":"Feature","geometry":{"type":"Point","coordinates":[12.3973846,44.4636196]},"properties":{"PipelineName":"Ravenna FSRU","SegmentName":"","Status":"operating","Wiki":"https://www.gem.wiki/Ravenna_FSRU","ProjectID":"T100000131095","UnitID":"G100002109500","CountriesOrAreas":"Italy","StartState/Province":"","StartLocation":"Italy","Owner":"Snam SpA [100%]","Operator":"BW LNG; Snam","StartYear1":"2025","FuelType":"LNG","FacilityType":"import","LocationAccuracy":"exact","Capacity":"5","CapacityUnits":"bcm/y","CapacityMapScale":85627.5,"Tracker":"GGIT-LNG"}},{"type":"Feature","geometry":{"type":"Point","coordinates":[12.2641682,44.482483]},"properties":{"PipelineName":"Ravenna LNG Terminal","SegmentName":"","Status":"operating","Wiki":"https://www.gem.wiki/Ravenna_LNG_Terminal","ProjectID":"T100000130683","UnitID":"G100002068300","CountriesOrAreas":"Italy","StartState/Province":"","StartLocation":"Italy","Owner":"Depositi Italiani GNL SpA [100%]","Operator":"Depositi Italiani GNL","StartYear1":"2021","FuelType":"LNG","FacilityType":"import","LocationAccuracy":"exact","Capacity":"1","CapacityUnits":"mtpa","CapacityMapScale":23300.0,"Tracker":"GGIT-LNG"}},{"type":"Feature","geometry":{"type":"Point","coordinates":[-77.077035,3.904541]},"properties":{"PipelineName":"Regasificadora del Pacífico LNG Terminal","SegmentName":"","Status":"construction","Wiki":"https://www.gem.wiki/Buenaventura_FSRU","ProjectID":"T100000130679","UnitID":"G100002067900","CountriesOrAreas":"Colombia","StartState/Province":"Valle del Cauca","StartLocation":"Valle del Cauca, Colombia","Owner":"Regasificadora del Pacífico SAS [100%]","Operator":"Exmar; Regasificadora del Pacífico","StartYear1":"","FuelType":"LNG","FacilityType":"import","LocationAccuracy":"approximate","Capacity":"0.06","CapacityUnits":"bcf/d","CapacityMapScale":10722.7,"Tracker":"GGIT-LNG"}},{"type":"Feature","geometry":{"type":"Point","coordinates":[23.4023,37.96]},"properties":{"PipelineName":"Revithoussa LNG Terminal","SegmentName":"","Status":"operating","Wiki":"https://www.gem.wiki/Revithoussa_LNG_Terminal","ProjectID":"T100000130462","UnitID":"G100002046200","CountriesOrAreas":"Greece","StartState/Province":"Attica","StartLocation":"Attica, Greece","Owner":"DESFA [TO BE DELETED] SA [100%]","Operator":"DESFA [TO BE DELETED]","StartYear1":"2000","FuelType":"LNG","FacilityType":"import","LocationAccuracy":"exact","Capacity":"5.1","CapacityUnits":"mtpa","CapacityMapScale":118830.0,"Tracker":"GGIT-LNG"}},{"type":"Feature","geometry":{"type":"Point","coordinates":[32.048096,-28.81492]},"properties":{"PipelineName":"Richards Bay FSRU","SegmentName":"","Status":"cancelled","Wiki":"https://www.gem.wiki/Richards_Bay_FSRU","ProjectID":"T100000130266","UnitID":"G100002026600","CountriesOrAreas":"South Africa","StartState/Province":"KwaZulu-Natal","StartLocation":"KwaZulu-Natal, South Africa","Owner":"Karpowership [100%]","Operator":"Karpowership","StartYear1":"","FuelType":"LNG","FacilityType":"import","LocationAccuracy":"approximate","Capacity":"","CapacityUnits":"","CapacityMapScale":"","Tracker":"GGIT-LNG"}},{"type":"Feature","geometry":{"type":"Point","coordinates":[32.05915,-28.806186]},"properties":{"PipelineName":"Richards Bay Transnet FSRU","SegmentName":"Unit Phase 1","Status":"proposed","Wiki":"https://www.gem.wiki/Richards_Bay_Transnet_FSRU","ProjectID":"T100000131126","UnitID":"G100002112600","CountriesOrAreas":"South Africa","StartState/Province":"KwaZulu-Natal","StartLocation":"KwaZulu-Natal, South Africa","Owner":"Zululand Energy Terminal Pty Ltd [100%]","Operator":"Zululand Energy Terminal","StartYear1":"","FuelType":"LNG","FacilityType":"import","LocationAccuracy":"approximate","Capacity":"0.4","CapacityUnits":"bcf/d","CapacityMapScale":71484.4,"Tracker":"GGIT-LNG"}},{"type":"Feature","geometry":{"type":"Point","coordinates":[32.05915,-28.806186]},"properties":{"PipelineName":"Richards Bay Transnet FSRU","SegmentName":"Unit Phase 2","Status":"proposed","Wiki":"https://www.gem.wiki/Richards_Bay_Transnet_FSRU","ProjectID":"T100000131126","UnitID":"G100002112601","CountriesOrAreas":"South Africa","StartState/Province":"KwaZulu-Natal","StartLocation":"KwaZulu-Natal, South Africa","Owner":"Zululand Energy Terminal Pty Ltd [100%]","Operator":"Zululand Energy Terminal","StartYear1":"","FuelType":"LNG","FacilityType":"import","LocationAccuracy":"approximate","Capacity":"0.2","CapacityUnits":"bcf/d","CapacityMapScale":35742.2,"Tracker":"GGIT-LNG"}},{"type":"Feature","geometry":{"type":"Point","coordinates":[24.106389,56.948889]},"properties":{"PipelineName":"Riga FSRU","SegmentName":"","Status":"cancelled","Wiki":"https://www.gem.wiki/Riga_FSRU","ProjectID":"T100000130486","UnitID":"G100002048600","CountriesOrAreas":"Latvia","StartState/Province":"","StartLocation":"Latvia","Owner":"Latvenergo [100%]","Operator":"","StartYear1":"","FuelType":"LNG","FacilityType":"import","LocationAccuracy":"approximate","Capacity":"","CapacityUnits":"","CapacityMapScale":"","Tracker":"GGIT-LNG"}},{"type":"Feature","geometry":{"type":"Point","coordinates":[24.106389,56.948889]},"properties":{"PipelineName":"Riga FSRU","SegmentName":"Unit Revived Project","Status":"cancelled","Wiki":"https://www.gem.wiki/Riga_FSRU","ProjectID":"T100000130486","UnitID":"G100002048601","CountriesOrAreas":"Latvia","StartState/Province":"","StartLocation":"Latvia","Owner":"Latvenergo [100%]","Operator":"","StartYear1":"","FuelType":"LNG","FacilityType":"import","LocationAccuracy":"approximate","Capacity":"","CapacityUnits":"","CapacityMapScale":"","Tracker":"GGIT-LNG"}},{"type":"Feature","geometry":{"type":"Point","coordinates":[-97.2542192,26.023621]},"properties":{"PipelineName":"Rio Grande LNG Terminal","SegmentName":"Unit T6 (Phase 3)","Status":"proposed","Wiki":"https://www.gem.wiki/Rio_Grande_LNG_Terminal","ProjectID":"T100000130239","UnitID":"G100001064225","CountriesOrAreas":"United States","StartState/Province":"Texas","StartLocation":"Texas, United States","Owner":"","Operator":"","StartYear1":"","FuelType":"LNG","FacilityType":"export","LocationAccuracy":"exact","Capacity":"6","CapacityUnits":"mtpa","CapacityMapScale":139800.0,"Tracker":"GGIT-LNG"}},{"type":"Feature","geometry":{"type":"Point","coordinates":[-97.2542192,26.023621]},"properties":{"PipelineName":"Rio Grande LNG Terminal","SegmentName":"Unit T7 (Phase 3)","Status":"proposed","Wiki":"https://www.gem.wiki/Rio_Grande_LNG_Terminal","ProjectID":"T100000130239","UnitID":"G100001094215","CountriesOrAreas":"United States","StartState/Province":"Texas","StartLocation":"Texas, United States","Owner":"","Operator":"","StartYear1":"","FuelType":"LNG","FacilityType":"export","LocationAccuracy":"exact","Capacity":"6","CapacityUnits":"mtpa","CapacityMapScale":139800.0,"Tracker":"GGIT-LNG"}},{"type":"Feature","geometry":{"type":"Point","coordinates":[-97.2542192,26.023621]},"properties":{"PipelineName":"Rio Grande LNG Terminal","SegmentName":"Unit T8 (Phase 3)","Status":"proposed","Wiki":"https://www.gem.wiki/Rio_Grande_LNG_Terminal","ProjectID":"T100000130239","UnitID":"G100001094216","CountriesOrAreas":"United States","StartState/Province":"Texas","StartLocation":"Texas, United States","Owner":"","Operator":"","StartYear1":"","FuelType":"LNG","FacilityType":"export","LocationAccuracy":"exact","Capacity":"6","CapacityUnits":"mtpa","CapacityMapScale":139800.0,"Tracker":"GGIT-LNG"}},{"type":"Feature","geometry":{"type":"Point","coordinates":[-97.2542192,26.023621]},"properties":{"PipelineName":"Rio Grande LNG Terminal","SegmentName":"Unit T1 (Phase 1)","Status":"construction","Wiki":"https://www.gem.wiki/Rio_Grande_LNG_Terminal","ProjectID":"T100000130239","UnitID":"G100002023901","CountriesOrAreas":"United States","StartState/Province":"Texas","StartLocation":"Texas, United States","Owner":"","Operator":"","StartYear1":"","FuelType":"LNG","FacilityType":"export","LocationAccuracy":"exact","Capacity":"5.87","CapacityUnits":"mtpa","CapacityMapScale":136771.0,"Tracker":"GGIT-LNG"}},{"type":"Feature","geometry":{"type":"Point","coordinates":[-97.2542192,26.023621]},"properties":{"PipelineName":"Rio Grande LNG Terminal","SegmentName":"Unit T2 (Phase 1)","Status":"construction","Wiki":"https://www.gem.wiki/Rio_Grande_LNG_Terminal","ProjectID":"T100000130239","UnitID":"G100002023902","CountriesOrAreas":"United States","StartState/Province":"Texas","StartLocation":"Texas, United States","Owner":"","Operator":"","StartYear1":"","FuelType":"LNG","FacilityType":"export","LocationAccuracy":"exact","Capacity":"5.87","CapacityUnits":"mtpa","CapacityMapScale":136771.0,"Tracker":"GGIT-LNG"}},{"type":"Feature","geometry":{"type":"Point","coordinates":[-97.2542192,26.023621]},"properties":{"PipelineName":"Rio Grande LNG Terminal","SegmentName":"Unit T3 (Phase 1)","Status":"construction","Wiki":"https://www.gem.wiki/Rio_Grande_LNG_Terminal","ProjectID":"T100000130239","UnitID":"G100002023903","CountriesOrAreas":"United States","StartState/Province":"Texas","StartLocation":"Texas, United States","Owner":"","Operator":"","StartYear1":"","FuelType":"LNG","FacilityType":"export","LocationAccuracy":"exact","Capacity":"5.87","CapacityUnits":"mtpa","CapacityMapScale":136771.0,"Tracker":"GGIT-LNG"}},{"type":"Feature","geometry":{"type":"Point","coordinates":[-97.2542192,26.023621]},"properties":{"PipelineName":"Rio Grande LNG Terminal","SegmentName":"Unit T4 (Phase 2)","Status":"construction","Wiki":"https://www.gem.wiki/Rio_Grande_LNG_Terminal","ProjectID":"T100000130239","UnitID":"G100002023904","CountriesOrAreas":"United States","StartState/Province":"Texas","StartLocation":"Texas, United States","Owner":"","Operator":"","StartYear1":"","FuelType":"LNG","FacilityType":"export","LocationAccuracy":"exact","Capacity":"6","CapacityUnits":"mtpa","CapacityMapScale":139800.0,"Tracker":"GGIT-LNG"}},{"type":"Feature","geometry":{"type":"Point","coordinates":[-97.2542192,26.023621]},"properties":{"PipelineName":"Rio Grande LNG Terminal","SegmentName":"Unit T5 (Phase 2)","Status":"construction","Wiki":"https://www.gem.wiki/Rio_Grande_LNG_Terminal","ProjectID":"T100000130239","UnitID":"G100002023905","CountriesOrAreas":"United States","StartState/Province":"Texas","StartLocation":"Texas, United States","Owner":"","Operator":"","StartYear1":"","FuelType":"LNG","FacilityType":"export","LocationAccuracy":"exact","Capacity":"6","CapacityUnits":"mtpa","CapacityMapScale":139800.0,"Tracker":"GGIT-LNG"}},{"type":"Feature","geometry":{"type":"Point","coordinates":[5.5761,58.9237]},"properties":{"PipelineName":"Risavika LNG Terminal","SegmentName":"","Status":"operating","Wiki":"https://www.gem.wiki/Risavika_LNG_Terminal","ProjectID":"T100000130496","UnitID":"G100002049601","CountriesOrAreas":"Norway","StartState/Province":"Rogaland","StartLocation":"Rogaland, Norway","Owner":"North Sea Midstream Partners Ltd [100%]","Operator":"PX Group","StartYear1":"2011","FuelType":"LNG","FacilityType":"export","LocationAccuracy":"exact","Capacity":"0.33","CapacityUnits":"mtpa","CapacityMapScale":7689.0,"Tracker":"GGIT-LNG"}},{"type":"Feature","geometry":{"type":"Point","coordinates":[7.159439,4.698139]},"properties":{"PipelineName":"Riverside LNG Terminal","SegmentName":"","Status":"shelved","Wiki":"https://www.gem.wiki/Riverside_LNG_Terminal","ProjectID":"T100000131170","UnitID":"G100002117001","CountriesOrAreas":"Nigeria","StartState/Province":"Rivers","StartLocation":"Rivers, Nigeria","Owner":"Riverside LNG [100%]","Operator":"","StartYear1":"","FuelType":"LNG","FacilityType":"export","LocationAccuracy":"approximate","Capacity":"1.4","CapacityUnits":"mtpa","CapacityMapScale":32620.0,"Tracker":"GGIT-LNG"}},{"type":"Feature","geometry":{"type":"Point","coordinates":[119.4076352,35.1623057]},"properties":{"PipelineName":"Rizhao Lanshan LNG Terminal","SegmentName":"Unit Phase 1","Status":"proposed","Wiki":"https://www.gem.wiki/Rizhao_LNG_Terminal","ProjectID":"T100000130402","UnitID":"G100002040200","CountriesOrAreas":"China","StartState/Province":"Shandong","StartLocation":"Shandong, China","Owner":"Shandong Pacific Natural Gas Co Ltd","Operator":"","StartYear1":"","FuelType":"LNG","FacilityType":"import","LocationAccuracy":"exact","Capacity":"3","CapacityUnits":"mtpa","CapacityMapScale":69900.0,"Tracker":"GGIT-LNG"}},{"type":"Feature","geometry":{"type":"Point","coordinates":[122.437258,36.891775]},"properties":{"PipelineName":"Rongcheng LNG Terminal","SegmentName":"","Status":"cancelled","Wiki":"https://www.gem.wiki/Rongcheng_LNG_Terminal","ProjectID":"T100000130955","UnitID":"G100002095500","CountriesOrAreas":"China","StartState/Province":"Shandong","StartLocation":"Shandong, China","Owner":"Beijing Energy International Holding Co; Xinfa Holding Co Ltd","Operator":"","StartYear1":"","FuelType":"LNG","FacilityType":"import","LocationAccuracy":"approximate","Capacity":"","CapacityUnits":"","CapacityMapScale":"","Tracker":"GGIT-LNG"}},{"type":"Feature","geometry":{"type":"Point","coordinates":[12.088052,54.181909]},"properties":{"PipelineName":"Rostock LNG Terminal","SegmentName":"","Status":"proposed","Wiki":"https://www.gem.wiki/Rostock_LNG_Terminal","ProjectID":"T100000130722","UnitID":"G100002072200","CountriesOrAreas":"Germany","StartState/Province":"","StartLocation":"Germany","Owner":"BarMalGas [100%]","Operator":"","StartYear1":"","FuelType":"LNG","FacilityType":"import","LocationAccuracy":"approximate","Capacity":"0.8","CapacityUnits":"mtpa","CapacityMapScale":18640.0,"Tracker":"GGIT-LNG"}},{"type":"Feature","geometry":{"type":"Point","coordinates":[40.798272,-10.753277]},"properties":{"PipelineName":"Rovuma FLNG Terminal","SegmentName":"","Status":"cancelled","Wiki":"https://www.gem.wiki/Rovuma_FLNG_Terminal","ProjectID":"T100000131090","UnitID":"G100002109001","CountriesOrAreas":"Mozambique","StartState/Province":"","StartLocation":"Mozambique","Owner":"Mozambique Rovuma Venture [70%]; Empresa Nacional de Hidrocarbonetos EP [10%]; Galp Energia SGPS SA [10%]; KOGAS Canada Ltd [10%]","Operator":"Mozambique Rovuma Venture","StartYear1":"","FuelType":"LNG","FacilityType":"export","LocationAccuracy":"approximate","Capacity":"3","CapacityUnits":"mtpa","CapacityMapScale":69900.0,"Tracker":"GGIT-LNG"}},{"type":"Feature","geometry":{"type":"Point","coordinates":[40.526087,-10.829537]},"properties":{"PipelineName":"Rovuma LNG Terminal","SegmentName":"Unit T1-T12","Status":"proposed","Wiki":"https://www.gem.wiki/Rovuma_LNG_Terminal","ProjectID":"T100000130789","UnitID":"G100002078901","CountriesOrAreas":"Mozambique","StartState/Province":"","StartLocation":"Mozambique","Owner":"Mozambique Rovuma Venture [70%]; Abu Dhabi National Oil Co [10%]; Empresa Nacional de Hidrocarbonetos EP [10%]; KOGAS Canada Ltd [10%]","Operator":"Mozambique Rovuma Venture","StartYear1":"","FuelType":"LNG","FacilityType":"export","LocationAccuracy":"approximate","Capacity":"18","CapacityUnits":"mtpa","CapacityMapScale":419400.0,"Tracker":"GGIT-LNG"}},{"type":"Feature","geometry":{"type":"Point","coordinates":[91.8733,21.7271]},"properties":{"PipelineName":"RPGC Matarbari LNG Terminal","SegmentName":"","Status":"cancelled","Wiki":"https://www.gem.wiki/Matarbari_LNG_Terminal","ProjectID":"T100000130614","UnitID":"G100002061400","CountriesOrAreas":"Bangladesh","StartState/Province":"Chittagong","StartLocation":"Chittagong, Bangladesh","Owner":"Rupantarita Prakritik Gas Co Ltd [100%]","Operator":"","StartYear1":"","FuelType":"LNG","FacilityType":"import","LocationAccuracy":"approximate","Capacity":"7.5","CapacityUnits":"mtpa","CapacityMapScale":174750.0,"Tracker":"GGIT-LNG"}},{"type":"Feature","geometry":{"type":"Point","coordinates":[121.418122,32.5301876]},"properties":{"PipelineName":"Rudong LNG Terminal (China Resources)","SegmentName":"","Status":"construction","Wiki":"https://www.gem.wiki/Rudong_LNG_Terminal_(China_Resources)","ProjectID":"T100000131109","UnitID":"G100002110900","CountriesOrAreas":"China","StartState/Province":"Jiangsu","StartLocation":"Jiangsu, China","Owner":"Rudong Yangkou Port Liquefied Products Terminal Co Ltd [100%]","Operator":"","StartYear1":"","FuelType":"LNG","FacilityType":"import","LocationAccuracy":"exact","Capacity":"6.5","CapacityUnits":"mtpa","CapacityMapScale":151450.0,"Tracker":"GGIT-LNG"}},{"type":"Feature","geometry":{"type":"Point","coordinates":[121.412712,32.526845]},"properties":{"PipelineName":"Rudong LNG Terminal (GCL-Poly)","SegmentName":"Unit Phase 2","Status":"proposed","Wiki":"https://www.gem.wiki/Rudong_LNG_Terminal_(GCL-Poly)","ProjectID":"T100000130403","UnitID":"G100001093503","CountriesOrAreas":"China","StartState/Province":"Jiangsu","StartLocation":"Jiangsu, China","Owner":"GCL Huidong LNG Rudong Co Ltd [100%]; Kunlun GCL Huidong LNG Terminal Rudong Co Ltd","Operator":"","StartYear1":"","FuelType":"LNG","FacilityType":"import","LocationAccuracy":"exact","Capacity":"0.25","CapacityUnits":"mtpa","CapacityMapScale":5825.0,"Tracker":"GGIT-LNG"}},{"type":"Feature","geometry":{"type":"Point","coordinates":[121.412712,32.526845]},"properties":{"PipelineName":"Rudong LNG Terminal (GCL-Poly)","SegmentName":"Unit Phase 1","Status":"construction","Wiki":"https://www.gem.wiki/Rudong_LNG_Terminal_(GCL-Poly)","ProjectID":"T100000130403","UnitID":"G100002040300","CountriesOrAreas":"China","StartState/Province":"Jiangsu","StartLocation":"Jiangsu, China","Owner":"GCL Huidong LNG Rudong Co Ltd [100%]; Kunlun GCL Huidong LNG Terminal Rudong Co Ltd","Operator":"","StartYear1":"","FuelType":"LNG","FacilityType":"import","LocationAccuracy":"exact","Capacity":"3.5","CapacityUnits":"mtpa","CapacityMapScale":81550.0,"Tracker":"GGIT-LNG"}},{"type":"Feature","geometry":{"type":"Point","coordinates":[121.412712,32.526845]},"properties":{"PipelineName":"Rudong LNG Terminal (Jiangsu Guoxin)","SegmentName":"Unit Phase 1","Status":"construction","Wiki":"https://www.gem.wiki/Rudong_LNG_Terminal_(Jiangsu_Guoxin)","ProjectID":"T100000130956","UnitID":"G100002095600","CountriesOrAreas":"China","StartState/Province":"Jiangsu","StartLocation":"Jiangsu, China","Owner":"Jiangsu Guoxin LNG Co Ltd [100%]","Operator":"","StartYear1":"","FuelType":"LNG","FacilityType":"import","LocationAccuracy":"exact","Capacity":"2.95","CapacityUnits":"mtpa","CapacityMapScale":68735.0,"Tracker":"GGIT-LNG"}},{"type":"Feature","geometry":{"type":"Point","coordinates":[121.412712,32.526845]},"properties":{"PipelineName":"Rudong LNG Terminal (Jiangsu Guoxin)","SegmentName":"Unit Phase 2","Status":"construction","Wiki":"https://www.gem.wiki/Rudong_LNG_Terminal_(Jiangsu_Guoxin)","ProjectID":"T100000130956","UnitID":"G100002095601","CountriesOrAreas":"China","StartState/Province":"Jiangsu","StartLocation":"Jiangsu, China","Owner":"Jiangsu Guoxin LNG Co Ltd [100%]","Operator":"","StartYear1":"","FuelType":"LNG","FacilityType":"import","LocationAccuracy":"exact","Capacity":"3.05","CapacityUnits":"mtpa","CapacityMapScale":71065.0,"Tracker":"GGIT-LNG"}},{"type":"Feature","geometry":{"type":"Point","coordinates":[121.428128,32.528814]},"properties":{"PipelineName":"Rudong LNG Terminal (PetroChina)","SegmentName":"Unit Phase 1","Status":"operating","Wiki":"https://www.gem.wiki/Rudong_LNG_Terminal_(PetroChina)","ProjectID":"T100000130392","UnitID":"G100002039200","CountriesOrAreas":"China","StartState/Province":"Jiangsu","StartLocation":"Jiangsu, China","Owner":"PetroChina Jiangsu LNG Co Ltd [100%]","Operator":"","StartYear1":"2011","FuelType":"LNG","FacilityType":"import","LocationAccuracy":"exact","Capacity":"3.5","CapacityUnits":"mtpa","CapacityMapScale":81550.0,"Tracker":"GGIT-LNG"}},{"type":"Feature","geometry":{"type":"Point","coordinates":[121.428128,32.528814]},"properties":{"PipelineName":"Rudong LNG Terminal (PetroChina)","SegmentName":"Unit Phase 2","Status":"operating","Wiki":"https://www.gem.wiki/Rudong_LNG_Terminal_(PetroChina)","ProjectID":"T100000130392","UnitID":"G100002039201","CountriesOrAreas":"China","StartState/Province":"Jiangsu","StartLocation":"Jiangsu, China","Owner":"PetroChina Jiangsu LNG Co Ltd [100%]","Operator":"","StartYear1":"2016","FuelType":"LNG","FacilityType":"import","LocationAccuracy":"exact","Capacity":"3","CapacityUnits":"mtpa","CapacityMapScale":69900.0,"Tracker":"GGIT-LNG"}},{"type":"Feature","geometry":{"type":"Point","coordinates":[121.428128,32.528814]},"properties":{"PipelineName":"Rudong LNG Terminal (PetroChina)","SegmentName":"Unit Phase 3","Status":"operating","Wiki":"https://www.gem.wiki/Rudong_LNG_Terminal_(PetroChina)","ProjectID":"T100000130392","UnitID":"G100002039202","CountriesOrAreas":"China","StartState/Province":"Jiangsu","StartLocation":"Jiangsu, China","Owner":"PetroChina Jiangsu LNG Co Ltd [100%]","Operator":"","StartYear1":"2021","FuelType":"LNG","FacilityType":"import","LocationAccuracy":"exact","Capacity":"3.5","CapacityUnits":"mtpa","CapacityMapScale":81550.0,"Tracker":"GGIT-LNG"}},{"type":"Feature","geometry":{"type":"Point","coordinates":[121.428128,32.528814]},"properties":{"PipelineName":"Rudong LNG Terminal (PetroChina)","SegmentName":"Unit Phase 4","Status":"construction","Wiki":"https://www.gem.wiki/Rudong_LNG_Terminal_(PetroChina)","ProjectID":"T100000130392","UnitID":"G100002039203","CountriesOrAreas":"China","StartState/Province":"Jiangsu","StartLocation":"Jiangsu, China","Owner":"PetroChina Jiangsu LNG Co Ltd [100%]","Operator":"","StartYear1":"","FuelType":"LNG","FacilityType":"import","LocationAccuracy":"exact","Capacity":"6.5","CapacityUnits":"mtpa","CapacityMapScale":151450.0,"Tracker":"GGIT-LNG"}},{"type":"Feature","geometry":{"type":"Point","coordinates":[52.7389,24.1483]},"properties":{"PipelineName":"Ruwais FSRU","SegmentName":"","Status":"operating","Wiki":"https://www.gem.wiki/Ruwais_FSRU","ProjectID":"T100000130604","UnitID":"G100002060400","CountriesOrAreas":"United Arab Emirates","StartState/Province":"Abu Dhabi","StartLocation":"Abu Dhabi, United Arab Emirates","Owner":"Abu Dhabi National Oil Co [100%]","Operator":"Excelerate Energy","StartYear1":"2016","FuelType":"LNG","FacilityType":"import","LocationAccuracy":"exact","Capacity":"3.8","CapacityUnits":"mtpa","CapacityMapScale":88540.0,"Tracker":"GGIT-LNG"}},{"type":"Feature","geometry":{"type":"Point","coordinates":[52.65226,24.13523]},"properties":{"PipelineName":"Ruwais LNG Terminal","SegmentName":"Unit T1","Status":"construction","Wiki":"https://www.gem.wiki/Ruwais_LNG_Terminal","ProjectID":"T100000131105","UnitID":"G100002110501","CountriesOrAreas":"United Arab Emirates","StartState/Province":"Abu Dhabi","StartLocation":"Abu Dhabi, United Arab Emirates","Owner":"Abu Dhabi Gas Liquefaction Company Ltd [60%]; BP PLC [10%]; Mitsui & Co Ltd [10%]; Shell PLC [10%]; TotalEnergies SE [10%]","Operator":"Abu Dhabi Gas Liquefaction Company","StartYear1":"","FuelType":"LNG","FacilityType":"export","LocationAccuracy":"exact","Capacity":"4.8","CapacityUnits":"mtpa","CapacityMapScale":111840.0,"Tracker":"GGIT-LNG"}},{"type":"Feature","geometry":{"type":"Point","coordinates":[52.65226,24.13523]},"properties":{"PipelineName":"Ruwais LNG Terminal","SegmentName":"Unit T2","Status":"construction","Wiki":"https://www.gem.wiki/Ruwais_LNG_Terminal","ProjectID":"T100000131105","UnitID":"G100002110502","CountriesOrAreas":"United Arab Emirates","StartState/Province":"Abu Dhabi","StartLocation":"Abu Dhabi, United Arab Emirates","Owner":"Abu Dhabi Gas Liquefaction Company Ltd [60%]; BP PLC [10%]; Mitsui & Co Ltd [10%]; Shell PLC [10%]; TotalEnergies SE [10%]","Operator":"Abu Dhabi Gas Liquefaction Company","StartYear1":"","FuelType":"LNG","FacilityType":"export","LocationAccuracy":"exact","Capacity":"4.8","CapacityUnits":"mtpa","CapacityMapScale":111840.0,"Tracker":"GGIT-LNG"}},{"type":"Feature","geometry":{"type":"Point","coordinates":[-93.8740512,29.7540967]},"properties":{"PipelineName":"Sabine Pass LNG Terminal","SegmentName":"Unit Stage 5 Expansion Project Phase 2 (T8–T9)","Status":"proposed","Wiki":"https://www.gem.wiki/Sabine_Pass_LNG_Terminal","ProjectID":"T100000130240","UnitID":"G100001094208","CountriesOrAreas":"United States","StartState/Province":"Louisiana","StartLocation":"Louisiana, United States","Owner":"","Operator":"Cheniere Energy","StartYear1":"","FuelType":"LNG","FacilityType":"export","LocationAccuracy":"exact","Capacity":"13","CapacityUnits":"mtpa","CapacityMapScale":302900.0,"Tracker":"GGIT-LNG"}},{"type":"Feature","geometry":{"type":"Point","coordinates":[-93.8740512,29.7540967]},"properties":{"PipelineName":"Sabine Pass LNG Terminal","SegmentName":"Unit Import Terminal","Status":"operating","Wiki":"https://www.gem.wiki/Sabine_Pass_LNG_Terminal","ProjectID":"T100000130240","UnitID":"G100002024000","CountriesOrAreas":"United States","StartState/Province":"Louisiana","StartLocation":"Louisiana, United States","Owner":"","Operator":"Cheniere Energy","StartYear1":"2008","FuelType":"LNG","FacilityType":"import","LocationAccuracy":"exact","Capacity":"30.4","CapacityUnits":"mtpa","CapacityMapScale":708320.0,"Tracker":"GGIT-LNG"}},{"type":"Feature","geometry":{"type":"Point","coordinates":[-93.8740512,29.7540967]},"properties":{"PipelineName":"Sabine Pass LNG Terminal","SegmentName":"Unit T1","Status":"operating","Wiki":"https://www.gem.wiki/Sabine_Pass_LNG_Terminal","ProjectID":"T100000130240","UnitID":"G100002024001","CountriesOrAreas":"United States","StartState/Province":"Louisiana","StartLocation":"Louisiana, United States","Owner":"","Operator":"Cheniere Energy","StartYear1":"2016","FuelType":"LNG","FacilityType":"export","LocationAccuracy":"exact","Capacity":"5","CapacityUnits":"mtpa","CapacityMapScale":116500.0,"Tracker":"GGIT-LNG"}},{"type":"Feature","geometry":{"type":"Point","coordinates":[-93.8740512,29.7540967]},"properties":{"PipelineName":"Sabine Pass LNG Terminal","SegmentName":"Unit T2","Status":"operating","Wiki":"https://www.gem.wiki/Sabine_Pass_LNG_Terminal","ProjectID":"T100000130240","UnitID":"G100002024002","CountriesOrAreas":"United States","StartState/Province":"Louisiana","StartLocation":"Louisiana, United States","Owner":"","Operator":"Cheniere Energy","StartYear1":"2016","FuelType":"LNG","FacilityType":"export","LocationAccuracy":"exact","Capacity":"5","CapacityUnits":"mtpa","CapacityMapScale":116500.0,"Tracker":"GGIT-LNG"}},{"type":"Feature","geometry":{"type":"Point","coordinates":[-93.8740512,29.7540967]},"properties":{"PipelineName":"Sabine Pass LNG Terminal","SegmentName":"Unit T3","Status":"operating","Wiki":"https://www.gem.wiki/Sabine_Pass_LNG_Terminal","ProjectID":"T100000130240","UnitID":"G100002024003","CountriesOrAreas":"United States","StartState/Province":"Louisiana","StartLocation":"Louisiana, United States","Owner":"","Operator":"Cheniere Energy","StartYear1":"2017","FuelType":"LNG","FacilityType":"export","LocationAccuracy":"exact","Capacity":"5","CapacityUnits":"mtpa","CapacityMapScale":116500.0,"Tracker":"GGIT-LNG"}},{"type":"Feature","geometry":{"type":"Point","coordinates":[-93.8740512,29.7540967]},"properties":{"PipelineName":"Sabine Pass LNG Terminal","SegmentName":"Unit T4","Status":"operating","Wiki":"https://www.gem.wiki/Sabine_Pass_LNG_Terminal","ProjectID":"T100000130240","UnitID":"G100002024004","CountriesOrAreas":"United States","StartState/Province":"Louisiana","StartLocation":"Louisiana, United States","Owner":"","Operator":"Cheniere Energy","StartYear1":"2017","FuelType":"LNG","FacilityType":"export","LocationAccuracy":"exact","Capacity":"5","CapacityUnits":"mtpa","CapacityMapScale":116500.0,"Tracker":"GGIT-LNG"}},{"type":"Feature","geometry":{"type":"Point","coordinates":[-93.8740512,29.7540967]},"properties":{"PipelineName":"Sabine Pass LNG Terminal","SegmentName":"Unit T5","Status":"operating","Wiki":"https://www.gem.wiki/Sabine_Pass_LNG_Terminal","ProjectID":"T100000130240","UnitID":"G100002024005","CountriesOrAreas":"United States","StartState/Province":"Louisiana","StartLocation":"Louisiana, United States","Owner":"","Operator":"Cheniere Energy","StartYear1":"2018","FuelType":"LNG","FacilityType":"export","LocationAccuracy":"exact","Capacity":"5","CapacityUnits":"mtpa","CapacityMapScale":116500.0,"Tracker":"GGIT-LNG"}},{"type":"Feature","geometry":{"type":"Point","coordinates":[-93.8740512,29.7540967]},"properties":{"PipelineName":"Sabine Pass LNG Terminal","SegmentName":"Unit T6","Status":"operating","Wiki":"https://www.gem.wiki/Sabine_Pass_LNG_Terminal","ProjectID":"T100000130240","UnitID":"G100002024006","CountriesOrAreas":"United States","StartState/Province":"Louisiana","StartLocation":"Louisiana, United States","Owner":"","Operator":"Cheniere Energy","StartYear1":"2021","FuelType":"LNG","FacilityType":"export","LocationAccuracy":"exact","Capacity":"5","CapacityUnits":"mtpa","CapacityMapScale":116500.0,"Tracker":"GGIT-LNG"}},{"type":"Feature","geometry":{"type":"Point","coordinates":[-93.8740512,29.7540967]},"properties":{"PipelineName":"Sabine Pass LNG Terminal","SegmentName":"Unit Stage 5 Expansion Project Phase 1 (T7)","Status":"proposed","Wiki":"https://www.gem.wiki/Sabine_Pass_LNG_Terminal","ProjectID":"T100000130240","UnitID":"G100002024007","CountriesOrAreas":"United States","StartState/Province":"Louisiana","StartLocation":"Louisiana, United States","Owner":"","Operator":"Cheniere Energy","StartYear1":"","FuelType":"LNG","FacilityType":"export","LocationAccuracy":"exact","Capacity":"6.5","CapacityUnits":"mtpa","CapacityMapScale":151450.0,"Tracker":"GGIT-LNG"}},{"type":"Feature","geometry":{"type":"Point","coordinates":[-73.609722,40.388611]},"properties":{"PipelineName":"Safe Harbor Energy LNG Terminal","SegmentName":"","Status":"cancelled","Wiki":"https://www.gem.wiki/Safe_Harbor_Energy_LNG_Terminal","ProjectID":"T100000130653","UnitID":"G100002065300","CountriesOrAreas":"United States","StartState/Province":"New York","StartLocation":"New York, United States","Owner":"Atlantic Sea Island Group LLC [100%]","Operator":"","StartYear1":"","FuelType":"LNG","FacilityType":"import","LocationAccuracy":"exact","Capacity":"2","CapacityUnits":"bcf/d","CapacityMapScale":357422.0,"Tracker":"GGIT-LNG"}},{"type":"Feature","geometry":{"type":"Point","coordinates":[-112.688038,29.905838]},"properties":{"PipelineName":"Saguaro Energía LNG Terminal","SegmentName":"Unit Phase 1 (Trains 1-3)","Status":"proposed","Wiki":"https://www.gem.wiki/Saguaro_Energ%C3%ADa_LNG_Terminal","ProjectID":"T100000130809","UnitID":"G100002080901","CountriesOrAreas":"Mexico","StartState/Province":"Sonora","StartLocation":"Sonora, Mexico","Owner":"Mexico Pacific Holdings LLC [100%]","Operator":"Mexico Pacific Limited","StartYear1":"","FuelType":"LNG","FacilityType":"export","LocationAccuracy":"approximate","Capacity":"15","CapacityUnits":"mtpa","CapacityMapScale":349500.0,"Tracker":"GGIT-LNG"}},{"type":"Feature","geometry":{"type":"Point","coordinates":[-112.688038,29.905838]},"properties":{"PipelineName":"Saguaro Energía LNG Terminal","SegmentName":"Unit Phase 2 (Trains 4-6)","Status":"proposed","Wiki":"https://www.gem.wiki/Saguaro_Energ%C3%ADa_LNG_Terminal","ProjectID":"T100000130809","UnitID":"G100002080902","CountriesOrAreas":"Mexico","StartState/Province":"Sonora","StartLocation":"Sonora, Mexico","Owner":"Mexico Pacific Holdings LLC [100%]","Operator":"Mexico Pacific Limited","StartYear1":"","FuelType":"LNG","FacilityType":"export","LocationAccuracy":"approximate","Capacity":"15","CapacityUnits":"mtpa","CapacityMapScale":349500.0,"Tracker":"GGIT-LNG"}},{"type":"Feature","geometry":{"type":"Point","coordinates":[-0.2152,39.6329]},"properties":{"PipelineName":"Sagunto LNG Terminal","SegmentName":"","Status":"operating","Wiki":"https://www.gem.wiki/Sagunto_LNG_Terminal","ProjectID":"T100000130536","UnitID":"G100002053600","CountriesOrAreas":"Spain","StartState/Province":"Valencia","StartLocation":"Valencia, Spain","Owner":"Infraestructuras de Gas SA [50%]; Iniciativas de Gas SL [50%]","Operator":"Saggas","StartYear1":"2006","FuelType":"LNG","FacilityType":"import","LocationAccuracy":"exact","Capacity":"8.76","CapacityUnits":"mtpa","CapacityMapScale":204108.0,"Tracker":"GGIT-LNG"}},{"type":"Feature","geometry":{"type":"Point","coordinates":[-65.978,45.2114]},"properties":{"PipelineName":"Saint John LNG Terminal","SegmentName":"Unit Import Facility","Status":"operating","Wiki":"https://www.gem.wiki/Saint_John_LNG_Terminal","ProjectID":"T100000130349","UnitID":"G100002034900","CountriesOrAreas":"Canada","StartState/Province":"New Brunswick","StartLocation":"New Brunswick, Canada","Owner":"","Operator":"Repsol","StartYear1":"2009","FuelType":"LNG","FacilityType":"import","LocationAccuracy":"exact","Capacity":"7.4","CapacityUnits":"mtpa","CapacityMapScale":172420.0,"Tracker":"GGIT-LNG"}},{"type":"Feature","geometry":{"type":"Point","coordinates":[-65.978,45.2114]},"properties":{"PipelineName":"Saint John LNG Terminal","SegmentName":"Unit Export Facility (first proposal)","Status":"cancelled","Wiki":"https://www.gem.wiki/Saint_John_LNG_Terminal","ProjectID":"T100000130349","UnitID":"G100002034901","CountriesOrAreas":"Canada","StartState/Province":"New Brunswick","StartLocation":"New Brunswick, Canada","Owner":"","Operator":"Repsol","StartYear1":"","FuelType":"LNG","FacilityType":"export","LocationAccuracy":"exact","Capacity":"5","CapacityUnits":"mtpa","CapacityMapScale":116500.0,"Tracker":"GGIT-LNG"}},{"type":"Feature","geometry":{"type":"Point","coordinates":[-65.978,45.2114]},"properties":{"PipelineName":"Saint John LNG Terminal","SegmentName":"Unit Export Facility (second proposal)","Status":"cancelled","Wiki":"https://www.gem.wiki/Saint_John_LNG_Terminal","ProjectID":"T100000130349","UnitID":"G100002034902","CountriesOrAreas":"Canada","StartState/Province":"New Brunswick","StartLocation":"New Brunswick, Canada","Owner":"","Operator":"Repsol","StartYear1":"","FuelType":"LNG","FacilityType":"export","LocationAccuracy":"exact","Capacity":"","CapacityUnits":"","CapacityMapScale":"","Tracker":"GGIT-LNG"}},{"type":"Feature","geometry":{"type":"Point","coordinates":[133.8367306,34.3568348]},"properties":{"PipelineName":"Sakaide LNG Terminal","SegmentName":"Unit Expansion","Status":"proposed","Wiki":"https://www.gem.wiki/Sakaide_LNG_Terminal","ProjectID":"T100000130513","UnitID":"G100001094395","CountriesOrAreas":"Japan","StartState/Province":"Shikoku","StartLocation":"Shikoku, Japan","Owner":"Sakaide LNG Co Inc [100%]","Operator":"","StartYear1":"","FuelType":"LNG","FacilityType":"import","LocationAccuracy":"exact","Capacity":"50","CapacityUnits":"","CapacityMapScale":"","Tracker":"GGIT-LNG"}},{"type":"Feature","geometry":{"type":"Point","coordinates":[133.8367306,34.3568348]},"properties":{"PipelineName":"Sakaide LNG Terminal","SegmentName":"","Status":"operating","Wiki":"https://www.gem.wiki/Sakaide_LNG_Terminal","ProjectID":"T100000130513","UnitID":"G100002051300","CountriesOrAreas":"Japan","StartState/Province":"Shikoku","StartLocation":"Shikoku, Japan","Owner":"Sakaide LNG Co Inc [100%]","Operator":"","StartYear1":"2010","FuelType":"LNG","FacilityType":"import","LocationAccuracy":"exact","Capacity":"1.2","CapacityUnits":"mtpa","CapacityMapScale":27960.0,"Tracker":"GGIT-LNG"}},{"type":"Feature","geometry":{"type":"Point","coordinates":[135.414,34.57142]},"properties":{"PipelineName":"Sakai LNG Terminal","SegmentName":"","Status":"operating","Wiki":"https://www.gem.wiki/Sakai_LNG_Terminal","ProjectID":"T100000130511","UnitID":"G100002051100","CountriesOrAreas":"Japan","StartState/Province":"Kansai","StartLocation":"Kansai, Japan","Owner":"Kansai Electric Power [TO BE DELETED] [100%]","Operator":"","StartYear1":"2006","FuelType":"LNG","FacilityType":"import","LocationAccuracy":"exact","Capacity":"6.4","CapacityUnits":"mtpa","CapacityMapScale":149120.0,"Tracker":"GGIT-LNG"}},{"type":"Feature","geometry":{"type":"Point","coordinates":[142.9112,46.6288]},"properties":{"PipelineName":"Sakhalin II LNG Terminal","SegmentName":"Unit T1","Status":"operating","Wiki":"https://www.gem.wiki/Sakhalin_II_LNG_Terminal","ProjectID":"T100000130512","UnitID":"G100002051201","CountriesOrAreas":"Russia","StartState/Province":"Sakhalin","StartLocation":"Sakhalin, Russia","Owner":"Sakhalin Energy LLC [100%]","Operator":"Sakhalin Energy","StartYear1":"2009","FuelType":"LNG","FacilityType":"export","LocationAccuracy":"exact","Capacity":"4.8","CapacityUnits":"mtpa","CapacityMapScale":111840.0,"Tracker":"GGIT-LNG"}},{"type":"Feature","geometry":{"type":"Point","coordinates":[142.9112,46.6288]},"properties":{"PipelineName":"Sakhalin II LNG Terminal","SegmentName":"Unit T2","Status":"operating","Wiki":"https://www.gem.wiki/Sakhalin_II_LNG_Terminal","ProjectID":"T100000130512","UnitID":"G100002051202","CountriesOrAreas":"Russia","StartState/Province":"Sakhalin","StartLocation":"Sakhalin, Russia","Owner":"Sakhalin Energy LLC [100%]","Operator":"Sakhalin Energy","StartYear1":"2009","FuelType":"LNG","FacilityType":"export","LocationAccuracy":"exact","Capacity":"4.8","CapacityUnits":"mtpa","CapacityMapScale":111840.0,"Tracker":"GGIT-LNG"}},{"type":"Feature","geometry":{"type":"Point","coordinates":[142.9112,46.6288]},"properties":{"PipelineName":"Sakhalin II LNG Terminal","SegmentName":"Unit T3","Status":"proposed","Wiki":"https://www.gem.wiki/Sakhalin_II_LNG_Terminal","ProjectID":"T100000130512","UnitID":"G100002051203","CountriesOrAreas":"Russia","StartState/Province":"Sakhalin","StartLocation":"Sakhalin, Russia","Owner":"Sakhalin Energy LLC [100%]","Operator":"Sakhalin Energy","StartYear1":"","FuelType":"LNG","FacilityType":"export","LocationAccuracy":"exact","Capacity":"5.4","CapacityUnits":"mtpa","CapacityMapScale":125820.0,"Tracker":"GGIT-LNG"}},{"type":"Feature","geometry":{"type":"Point","coordinates":[18.009722,-33.034722]},"properties":{"PipelineName":"Saldanha Bay FSRU","SegmentName":"","Status":"cancelled","Wiki":"https://www.gem.wiki/Saldanha_Bay_FSRU","ProjectID":"T100000130267","UnitID":"G100002026700","CountriesOrAreas":"South Africa","StartState/Province":"Western Cape","StartLocation":"Western Cape, South Africa","Owner":"Karpowership [100%]","Operator":"Karpowership","StartYear1":"","FuelType":"LNG","FacilityType":"import","LocationAccuracy":"approximate","Capacity":"","CapacityUnits":"","CapacityMapScale":"","Tracker":"GGIT-LNG"}},{"type":"Feature","geometry":{"type":"Point","coordinates":[-95.195759,16.161733]},"properties":{"PipelineName":"Salina Cruz LNG Terminal (CFE)","SegmentName":"","Status":"shelved","Wiki":"https://www.gem.wiki/Salina_Cruz_LNG_Terminal_(CFE)","ProjectID":"T100000130717","UnitID":"G100002071701","CountriesOrAreas":"Mexico","StartState/Province":"Oaxaca","StartLocation":"Oaxaca, Mexico","Owner":"CFEnergía SA de CV [100%]","Operator":"","StartYear1":"","FuelType":"LNG","FacilityType":"export","LocationAccuracy":"approximate","Capacity":"3","CapacityUnits":"mtpa","CapacityMapScale":69900.0,"Tracker":"GGIT-LNG"}},{"type":"Feature","geometry":{"type":"Point","coordinates":[-95.209909,16.15999]},"properties":{"PipelineName":"Salina Cruz LNG Terminal (Pilot/GFI)","SegmentName":"","Status":"proposed","Wiki":"https://www.gem.wiki/Salina_Cruz_LNG_Terminal_(Pilot/GFI)","ProjectID":"T100000131173","UnitID":"G100002117300","CountriesOrAreas":"Mexico","StartState/Province":"Oaxaca","StartLocation":"Oaxaca, Mexico","Owner":"GFI (Gomez Family International) [50%]; Pilot LNG [50%]","Operator":"","StartYear1":"","FuelType":"LNG","FacilityType":"export","LocationAccuracy":"approximate","Capacity":"0.34","CapacityUnits":"mtpa","CapacityMapScale":7922.0,"Tracker":"GGIT-LNG"}},{"type":"Feature","geometry":{"type":"Point","coordinates":[129.3502,37.1683]},"properties":{"PipelineName":"Samcheok LNG Terminal","SegmentName":"Unit Expansion","Status":"operating","Wiki":"https://www.gem.wiki/Samcheok_LNG_Terminal","ProjectID":"T100000130314","UnitID":"G100001063875","CountriesOrAreas":"South Korea","StartState/Province":"Gangwon-do","StartLocation":"Gangwon-do, South Korea","Owner":"Korea Gas Corp [100%]","Operator":"","StartYear1":"2016","FuelType":"LNG","FacilityType":"import","LocationAccuracy":"exact","Capacity":"5","CapacityUnits":"mtpa","CapacityMapScale":116500.0,"Tracker":"GGIT-LNG"}},{"type":"Feature","geometry":{"type":"Point","coordinates":[129.3502,37.1683]},"properties":{"PipelineName":"Samcheok LNG Terminal","SegmentName":"","Status":"operating","Wiki":"https://www.gem.wiki/Samcheok_LNG_Terminal","ProjectID":"T100000130314","UnitID":"G100002031400","CountriesOrAreas":"South Korea","StartState/Province":"Gangwon-do","StartLocation":"Gangwon-do, South Korea","Owner":"Korea Gas Corp [100%]","Operator":"","StartYear1":"2014","FuelType":"LNG","FacilityType":"import","LocationAccuracy":"exact","Capacity":"6.6","CapacityUnits":"mtpa","CapacityMapScale":153780.0,"Tracker":"GGIT-LNG"}},{"type":"Feature","geometry":{"type":"Point","coordinates":[-66.1065779,18.4270025]},"properties":{"PipelineName":"San Juan LNG Terminal","SegmentName":"","Status":"operating","Wiki":"https://www.gem.wiki/San_Juan_LNG_Terminal","ProjectID":"T100000130784","UnitID":"G100002078400","CountriesOrAreas":"Puerto Rico","StartState/Province":"","StartLocation":"Puerto Rico","Owner":"New Fortress Energy Inc [100%]","Operator":"New Fortress Energy","StartYear1":"2020","FuelType":"LNG","FacilityType":"import","LocationAccuracy":"exact","Capacity":"1.1","CapacityUnits":"mtpa","CapacityMapScale":25630.0,"Tracker":"GGIT-LNG"}},{"type":"Feature","geometry":{"type":"Point","coordinates":[-69.3,18.45]},"properties":{"PipelineName":"San Pedro de Macoris LNG Terminal","SegmentName":"","Status":"cancelled","Wiki":"https://www.gem.wiki/San_Pedro_de_Macoris_LNG_Terminal","ProjectID":"T100000130567","UnitID":"G100002056700","CountriesOrAreas":"Dominican Republic","StartState/Province":"San Pedro Macorís","StartLocation":"San Pedro Macorís, Dominican Republic","Owner":"BW Group; Coastal; InterEnergy Holdings; Ipson; Promigas SA ESP","Operator":"","StartYear1":"","FuelType":"LNG","FacilityType":"import","LocationAccuracy":"approximate","Capacity":"1","CapacityUnits":"mtpa","CapacityMapScale":23300.0,"Tracker":"GGIT-LNG"}},{"type":"Feature","geometry":{"type":"Point","coordinates":[-46.325,-23.936944]},"properties":{"PipelineName":"Santos Basin FLNG Terminal","SegmentName":"","Status":"cancelled","Wiki":"https://www.gem.wiki/Santos_Basin_FLNG_Terminal","ProjectID":"T100000130550","UnitID":"G100002055001","CountriesOrAreas":"Brazil","StartState/Province":"São Paulo","StartLocation":"São Paulo, Brazil","Owner":"BG Group Ltd; Galp Energia SGPS SA; Petróleo Brasileiro SA; Repsol SA","Operator":"","StartYear1":"","FuelType":"LNG","FacilityType":"export","LocationAccuracy":"approximate","Capacity":"2.7","CapacityUnits":"mtpa","CapacityMapScale":62910.0,"Tracker":"GGIT-LNG"}},{"type":"Feature","geometry":{"type":"Point","coordinates":[-44.378683,-2.550981]},"properties":{"PipelineName":"São Marcos Bay FSRU","SegmentName":"","Status":"shelved","Wiki":"https://www.gem.wiki/S%C3%A3o_Marcos_Bay_FSRU","ProjectID":"T100000130935","UnitID":"G100002093500","CountriesOrAreas":"Brazil","StartState/Province":"Maranhão","StartLocation":"Maranhão, Brazil","Owner":"New Fortress Energy Inc [100%]","Operator":"","StartYear1":"","FuelType":"LNG","FacilityType":"import","LocationAccuracy":"approximate","Capacity":"7.67","CapacityUnits":"bcm/y","CapacityMapScale":131352.6,"Tracker":"GGIT-LNG"}},{"type":"Feature","geometry":{"type":"Point","coordinates":[115.4000061,6.3997568]},"properties":{"PipelineName":"Satu FLNG Terminal","SegmentName":"","Status":"operating","Wiki":"https://www.gem.wiki/Satu_FLNG_Terminal","ProjectID":"T100000130288","UnitID":"G100002028801","CountriesOrAreas":"Malaysia","StartState/Province":"Sarawak","StartLocation":"Sarawak, Malaysia","Owner":"Petroliam Nasional Bhd [100%]","Operator":"Petroliam Nasional","StartYear1":"2017","FuelType":"LNG","FacilityType":"export","LocationAccuracy":"exact","Capacity":"1.2","CapacityUnits":"mtpa","CapacityMapScale":27960.0,"Tracker":"GGIT-LNG"}},{"type":"Feature","geometry":{"type":"Point","coordinates":[-80.3079074,25.8386492]},"properties":{"PipelineName":"Sawgrass LNG Terminal","SegmentName":"","Status":"operating","Wiki":"https://www.gem.wiki/American_LNG_Hialeah_Terminal","ProjectID":"T100000130208","UnitID":"G100002020801","CountriesOrAreas":"United States","StartState/Province":"Florida","StartLocation":"Florida, United States","Owner":"American LNG Marketing LLC [100%]","Operator":"","StartYear1":"2016","FuelType":"LNG","FacilityType":"export","LocationAccuracy":"exact","Capacity":"0.06","CapacityUnits":"mtpa","CapacityMapScale":1398.0,"Tracker":"GGIT-LNG"}},{"type":"Feature","geometry":{"type":"Point","coordinates":[115.116667,-21.633333]},"properties":{"PipelineName":"Scarborough FLNG Terminal","SegmentName":"","Status":"cancelled","Wiki":"https://www.gem.wiki/Scarborough_FLNG_Terminal","ProjectID":"T100000130341","UnitID":"G100002034101","CountriesOrAreas":"Australia","StartState/Province":"Western Australia","StartLocation":"Western Australia, Australia","Owner":"Exxon Mobil Corp [75%]; BHP Group Ltd [25%]","Operator":"Exxon Mobil","StartYear1":"","FuelType":"LNG","FacilityType":"export","LocationAccuracy":"approximate","Capacity":"7","CapacityUnits":"mtpa","CapacityMapScale":163100.0,"Tracker":"GGIT-LNG"}},{"type":"Feature","geometry":{"type":"Point","coordinates":[-95.0868523,28.4557085]},"properties":{"PipelineName":"Sea Port Oil Terminal (SPOT)","SegmentName":"","Status":"proposed","Wiki":"https://www.gem.wiki/Sea_Port_Oil_Terminal_(SPOT)","ProjectID":"T100000130734","UnitID":"G100002073400","CountriesOrAreas":"United States","StartState/Province":"Texas","StartLocation":"Texas, United States","Owner":"Spot Terminal Services LLC [100%]","Operator":"","StartYear1":"","FuelType":"Oil","FacilityType":"export","LocationAccuracy":"exact","Capacity":"2000000","CapacityUnits":"bpd","CapacityMapScale":2000000.0,"Tracker":"GGIT-LNG"}},{"type":"Feature","geometry":{"type":"Point","coordinates":[35.650967,34.281578]},"properties":{"PipelineName":"Selaata FSRU","SegmentName":"","Status":"cancelled","Wiki":"https://www.gem.wiki/Selaata_FSRU","ProjectID":"T100000130964","UnitID":"G100002096400","CountriesOrAreas":"Lebanon","StartState/Province":"","StartLocation":"Lebanon","Owner":"Ministry of Energy and Water (Lebanon) [100%]","Operator":"","StartYear1":"","FuelType":"LNG","FacilityType":"import","LocationAccuracy":"approximate","Capacity":"","CapacityUnits":"","CapacityMapScale":"","Tracker":"GGIT-LNG"}},{"type":"Feature","geometry":{"type":"Point","coordinates":[135.4284047,34.5488834]},"properties":{"PipelineName":"Senboku 1 LNG Terminal","SegmentName":"","Status":"operating","Wiki":"https://www.gem.wiki/Senboku_1_LNG_Terminal","ProjectID":"T100000130515","UnitID":"G100002051500","CountriesOrAreas":"Japan","StartState/Province":"Kansai","StartLocation":"Kansai, Japan","Owner":"Osaka Gas Co Ltd [100%]","Operator":"","StartYear1":"1972","FuelType":"LNG","FacilityType":"import","LocationAccuracy":"exact","Capacity":"1.9","CapacityUnits":"mtpa","CapacityMapScale":44270.0,"Tracker":"GGIT-LNG"}},{"type":"Feature","geometry":{"type":"Point","coordinates":[135.40147,34.536626]},"properties":{"PipelineName":"Senboku 2 LNG Terminal","SegmentName":"","Status":"operating","Wiki":"https://www.gem.wiki/Senboku_2_LNG_Terminal","ProjectID":"T100000130517","UnitID":"G100002051700","CountriesOrAreas":"Japan","StartState/Province":"Kansai","StartLocation":"Kansai, Japan","Owner":"Osaka Gas Co Ltd [100%]","Operator":"","StartYear1":"1977","FuelType":"LNG","FacilityType":"import","LocationAccuracy":"exact","Capacity":"10","CapacityUnits":"mtpa","CapacityMapScale":233000.0,"Tracker":"GGIT-LNG"}},{"type":"Feature","geometry":{"type":"Point","coordinates":[141.023973,38.280112]},"properties":{"PipelineName":"Sendai LNG Terminal","SegmentName":"","Status":"operating","Wiki":"https://www.gem.wiki/Sendai_LNG_Terminal","ProjectID":"T100000130875","UnitID":"G100002087500","CountriesOrAreas":"Japan","StartState/Province":"","StartLocation":"Japan","Owner":"City of Sendai Gas Bureau [100%]","Operator":"","StartYear1":"1997","FuelType":"LNG","FacilityType":"import","LocationAccuracy":"exact","Capacity":"90","CapacityUnits":"","CapacityMapScale":"","Tracker":"GGIT-LNG"}},{"type":"Feature","geometry":{"type":"Point","coordinates":[120.3420507,-3.9087659]},"properties":{"PipelineName":"Sengkang LNG Terminal","SegmentName":"Unit T1","Status":"shelved","Wiki":"https://www.gem.wiki/Sengkang_LNG_Terminal","ProjectID":"T100000130285","UnitID":"G100002028501","CountriesOrAreas":"Indonesia","StartState/Province":"Sulawesi","StartLocation":"Sulawesi, Indonesia","Owner":"PT South Sulawesi LNG [100%]","Operator":"PT South Sulawesi LNG","StartYear1":"","FuelType":"LNG","FacilityType":"export","LocationAccuracy":"exact","Capacity":"0.5","CapacityUnits":"mtpa","CapacityMapScale":11650.0,"Tracker":"GGIT-LNG"}},{"type":"Feature","geometry":{"type":"Point","coordinates":[120.3420507,-3.9087659]},"properties":{"PipelineName":"Sengkang LNG Terminal","SegmentName":"Unit T2-T4 Expansion","Status":"shelved","Wiki":"https://www.gem.wiki/Sengkang_LNG_Terminal","ProjectID":"T100000130285","UnitID":"G100002028502","CountriesOrAreas":"Indonesia","StartState/Province":"Sulawesi","StartLocation":"Sulawesi, Indonesia","Owner":"PT South Sulawesi LNG [100%]","Operator":"PT South Sulawesi LNG","StartYear1":"","FuelType":"LNG","FacilityType":"export","LocationAccuracy":"exact","Capacity":"1.5","CapacityUnits":"mtpa","CapacityMapScale":34950.0,"Tracker":"GGIT-LNG"}},{"type":"Feature","geometry":{"type":"Point","coordinates":[-43.8110733,-22.9468542]},"properties":{"PipelineName":"Sepetiba Bay FSRU","SegmentName":"","Status":"operating","Wiki":"https://www.gem.wiki/Sepetiba_Bay_FSRU","ProjectID":"T100000131119","UnitID":"G100002111900","CountriesOrAreas":"Brazil","StartState/Province":"Rio de Janeiro","StartLocation":"Rio de Janeiro, Brazil","Owner":"KARMOL [100%]","Operator":"Karpowership","StartYear1":"2022","FuelType":"LNG","FacilityType":"import","LocationAccuracy":"exact","Capacity":"0.5","CapacityUnits":"mtpa","CapacityMapScale":11650.0,"Tracker":"GGIT-LNG"}},{"type":"Feature","geometry":{"type":"Point","coordinates":[-36.8824768,-10.8548863]},"properties":{"PipelineName":"Sergipe FSRU","SegmentName":"","Status":"operating","Wiki":"https://www.gem.wiki/Sergipe_FSRU","ProjectID":"T100000130664","UnitID":"G100002066400","CountriesOrAreas":"Brazil","StartState/Province":"Pernambuco","StartLocation":"Pernambuco, Brazil","Owner":"CELSE (Centrais Elétricas de Sergipe S.A.) [100%]","Operator":"CELSE - Centrais Elétricas de Sergipe; Energos Infrastructure","StartYear1":"2020","FuelType":"LNG","FacilityType":"import","LocationAccuracy":"exact","Capacity":"5.64","CapacityUnits":"mtpa","CapacityMapScale":131412.0,"Tracker":"GGIT-LNG"}},{"type":"Feature","geometry":{"type":"Point","coordinates":[119.759685,35.58624]},"properties":{"PipelineName":"Shandong LNG Terminal","SegmentName":"Unit Phase 1","Status":"operating","Wiki":"https://www.gem.wiki/Shandong_LNG_Terminal","ProjectID":"T100000130404","UnitID":"G100002040400","CountriesOrAreas":"China","StartState/Province":"Shandong","StartLocation":"Shandong, China","Owner":"Sinopec Qingdao LNG Co Ltd [100%]","Operator":"","StartYear1":"2014","FuelType":"LNG","FacilityType":"import","LocationAccuracy":"exact","Capacity":"3","CapacityUnits":"mtpa","CapacityMapScale":69900.0,"Tracker":"GGIT-LNG"}},{"type":"Feature","geometry":{"type":"Point","coordinates":[119.759685,35.58624]},"properties":{"PipelineName":"Shandong LNG Terminal","SegmentName":"Unit Phase 2","Status":"operating","Wiki":"https://www.gem.wiki/Shandong_LNG_Terminal","ProjectID":"T100000130404","UnitID":"G100002040401","CountriesOrAreas":"China","StartState/Province":"Shandong","StartLocation":"Shandong, China","Owner":"Sinopec Qingdao LNG Co Ltd [100%]","Operator":"","StartYear1":"2021","FuelType":"LNG","FacilityType":"import","LocationAccuracy":"exact","Capacity":"4","CapacityUnits":"mtpa","CapacityMapScale":93200.0,"Tracker":"GGIT-LNG"}},{"type":"Feature","geometry":{"type":"Point","coordinates":[119.759685,35.58624]},"properties":{"PipelineName":"Shandong LNG Terminal","SegmentName":"Unit Phase 3","Status":"operating","Wiki":"https://www.gem.wiki/Shandong_LNG_Terminal","ProjectID":"T100000130404","UnitID":"G100002040402","CountriesOrAreas":"China","StartState/Province":"Shandong","StartLocation":"Shandong, China","Owner":"Sinopec Qingdao LNG Co Ltd [100%]","Operator":"","StartYear1":"2023","FuelType":"LNG","FacilityType":"import","LocationAccuracy":"exact","Capacity":"4","CapacityUnits":"mtpa","CapacityMapScale":93200.0,"Tracker":"GGIT-LNG"}},{"type":"Feature","geometry":{"type":"Point","coordinates":[-9.4427104,52.5824732]},"properties":{"PipelineName":"Shannon FSRU","SegmentName":"","Status":"proposed","Wiki":"https://www.gem.wiki/Shannon_FSRU","ProjectID":"T100000130464","UnitID":"G100002046401","CountriesOrAreas":"Ireland","StartState/Province":"Munster","StartLocation":"Munster, Ireland","Owner":"New Fortress Energy Inc [100%]","Operator":"","StartYear1":"","FuelType":"LNG","FacilityType":"import","LocationAccuracy":"exact","Capacity":"8.25","CapacityUnits":"bcm/y","CapacityMapScale":141285.4,"Tracker":"GGIT-LNG"}},{"type":"Feature","geometry":{"type":"Point","coordinates":[116.7944804,23.2256286]},"properties":{"PipelineName":"Shantou LNG Terminal","SegmentName":"Unit Phase 1","Status":"proposed","Wiki":"https://www.gem.wiki/Shantou_LNG_Terminal","ProjectID":"T100000130406","UnitID":"G100001053095","CountriesOrAreas":"China","StartState/Province":"Guangdong","StartLocation":"Guangdong, China","Owner":"Guangdong Yuedian Shantou LNG Co Ltd [100%]","Operator":"","StartYear1":"","FuelType":"LNG","FacilityType":"import","LocationAccuracy":"exact","Capacity":"3","CapacityUnits":"mtpa","CapacityMapScale":69900.0,"Tracker":"GGIT-LNG"}},{"type":"Feature","geometry":{"type":"Point","coordinates":[116.7944804,23.2256286]},"properties":{"PipelineName":"Shantou LNG Terminal","SegmentName":"Unit Phase 2","Status":"proposed","Wiki":"https://www.gem.wiki/Shantou_LNG_Terminal","ProjectID":"T100000130406","UnitID":"G100001093312","CountriesOrAreas":"China","StartState/Province":"Guangdong","StartLocation":"Guangdong, China","Owner":"Guangdong Yuedian Shantou LNG Co Ltd [100%]","Operator":"","StartYear1":"","FuelType":"LNG","FacilityType":"import","LocationAccuracy":"exact","Capacity":"3","CapacityUnits":"mtpa","CapacityMapScale":69900.0,"Tracker":"GGIT-LNG"}},{"type":"Feature","geometry":{"type":"Point","coordinates":[115.5691341,22.6517236]},"properties":{"PipelineName":"Shanwei LNG Terminal","SegmentName":"","Status":"shelved","Wiki":"https://www.gem.wiki/Shanwei_LNG_Terminal","ProjectID":"T100000131110","UnitID":"G100002111000","CountriesOrAreas":"China","StartState/Province":"Guangdong","StartLocation":"Guangdong, China","Owner":"","Operator":"","StartYear1":"","FuelType":"LNG","FacilityType":"import","LocationAccuracy":"approximate","Capacity":"","CapacityUnits":"","CapacityMapScale":"","Tracker":"GGIT-LNG"}},{"type":"Feature","geometry":{"type":"Point","coordinates":[55.387511,25.379099]},"properties":{"PipelineName":"Sharjah FSRU","SegmentName":"","Status":"cancelled","Wiki":"https://www.gem.wiki/Sharjah_FSRU","ProjectID":"T100000130972","UnitID":"G100002097200","CountriesOrAreas":"United Arab Emirates","StartState/Province":"Sharjah","StartLocation":"Sharjah, United Arab Emirates","Owner":"Sharjah National Oil Corp [100%]","Operator":"","StartYear1":"","FuelType":"LNG","FacilityType":"import","LocationAccuracy":"approximate","Capacity":"1","CapacityUnits":"bcf/d","CapacityMapScale":178711.0,"Tracker":"GGIT-LNG"}},{"type":"Feature","geometry":{"type":"Point","coordinates":[34.9666047,29.3771727]},"properties":{"PipelineName":"Sheikh Sabah LNG Terminal","SegmentName":"","Status":"construction","Wiki":"https://www.gem.wiki/Sheikh_Sabah_LNG_Terminal","ProjectID":"T100001048176","UnitID":"G100001055238","CountriesOrAreas":"Jordan","StartState/Province":"","StartLocation":"Jordan","Owner":"Aqaba Development Corporation","Operator":"","StartYear1":"","FuelType":"LNG","FacilityType":"import","LocationAccuracy":"exact","Capacity":"0.72","CapacityUnits":"bcf/d","CapacityMapScale":128671.9,"Tracker":"GGIT-LNG"}},{"type":"Feature","geometry":{"type":"Point","coordinates":[114.444262,22.593039]},"properties":{"PipelineName":"Shenzhen Diefu CNOOC LNG Terminal","SegmentName":"Unit Phase 1","Status":"operating","Wiki":"https://www.gem.wiki/Shenzhen_Diefu_CNOOC_LNG_Terminal","ProjectID":"T100000130407","UnitID":"G100002040700","CountriesOrAreas":"China","StartState/Province":"Guangdong","StartLocation":"Guangdong, China","Owner":"Cnooc Shenzhen Gas Co Ltd [100%]","Operator":"","StartYear1":"2018","FuelType":"LNG","FacilityType":"import","LocationAccuracy":"exact","Capacity":"4","CapacityUnits":"mtpa","CapacityMapScale":93200.0,"Tracker":"GGIT-LNG"}},{"type":"Feature","geometry":{"type":"Point","coordinates":[114.4283,22.594055]},"properties":{"PipelineName":"Shenzhen LNG Terminal","SegmentName":"Unit Phase 1","Status":"construction","Wiki":"https://www.gem.wiki/Shenzhen_LNG_Terminal","ProjectID":"T100000130408","UnitID":"G100002040800","CountriesOrAreas":"China","StartState/Province":"Guangdong","StartLocation":"Guangdong, China","Owner":"National Oil and Gas Pipeline Network Group Co Ltd Shenzhen LNG Project Management Department [100%]","Operator":"","StartYear1":"","FuelType":"LNG","FacilityType":"import","LocationAccuracy":"exact","Capacity":"3","CapacityUnits":"mtpa","CapacityMapScale":69900.0,"Tracker":"GGIT-LNG"}},{"type":"Feature","geometry":{"type":"Point","coordinates":[114.384841,22.618619]},"properties":{"PipelineName":"Shenzhen LNG Terminal (Shenzhen Gas)","SegmentName":"Unit Phase 1","Status":"operating","Wiki":"https://www.gem.wiki/Shenzhen_LNG_Terminal_(Shenzhen_Gas)","ProjectID":"T100000130715","UnitID":"G100002071500","CountriesOrAreas":"China","StartState/Province":"Guangdong","StartLocation":"Guangdong, China","Owner":"SHEN ZHEN SINO-BENNY LPG Co Ltd [100%]","Operator":"","StartYear1":"2019","FuelType":"LNG","FacilityType":"import","LocationAccuracy":"exact","Capacity":"0.8","CapacityUnits":"mtpa","CapacityMapScale":18640.0,"Tracker":"GGIT-LNG"}},{"type":"Feature","geometry":{"type":"Point","coordinates":[114.384841,22.618619]},"properties":{"PipelineName":"Shenzhen LNG Terminal (Shenzhen Gas)","SegmentName":"Unit Phase 2","Status":"construction","Wiki":"https://www.gem.wiki/Shenzhen_LNG_Terminal_(Shenzhen_Gas)","ProjectID":"T100000130715","UnitID":"G100002071501","CountriesOrAreas":"China","StartState/Province":"Guangdong","StartLocation":"Guangdong, China","Owner":"SHEN ZHEN SINO-BENNY LPG Co Ltd [100%]","Operator":"","StartYear1":"","FuelType":"LNG","FacilityType":"import","LocationAccuracy":"exact","Capacity":"2","CapacityUnits":"mtpa","CapacityMapScale":46600.0,"Tracker":"GGIT-LNG"}},{"type":"Feature","geometry":{"type":"Point","coordinates":[141.0393,38.27678]},"properties":{"PipelineName":"Shin-Sendai LNG Terminal","SegmentName":"Unit Expansion","Status":"operating","Wiki":"https://www.gem.wiki/Shin-Sendai_LNG_Terminal","ProjectID":"T100000130521","UnitID":"G100001094441","CountriesOrAreas":"Japan","StartState/Province":"Tohoku","StartLocation":"Tohoku, Japan","Owner":"Tohoku Electric Power Co Inc [100%]","Operator":"","StartYear1":"2021","FuelType":"LNG","FacilityType":"import","LocationAccuracy":"exact","Capacity":"0.9","CapacityUnits":"mtpa","CapacityMapScale":20970.0,"Tracker":"GGIT-LNG"}},{"type":"Feature","geometry":{"type":"Point","coordinates":[141.0393,38.27678]},"properties":{"PipelineName":"Shin-Sendai LNG Terminal","SegmentName":"","Status":"operating","Wiki":"https://www.gem.wiki/Shin-Sendai_LNG_Terminal","ProjectID":"T100000130521","UnitID":"G100002052100","CountriesOrAreas":"Japan","StartState/Province":"Tohoku","StartLocation":"Tohoku, Japan","Owner":"Tohoku Electric Power Co Inc [100%]","Operator":"","StartYear1":"2015","FuelType":"LNG","FacilityType":"import","LocationAccuracy":"exact","Capacity":"0.8","CapacityUnits":"mtpa","CapacityMapScale":18640.0,"Tracker":"GGIT-LNG"}},{"type":"Feature","geometry":{"type":"Point","coordinates":[44.0,73.0]},"properties":{"PipelineName":"Shtokman LNG Terminal","SegmentName":"","Status":"cancelled","Wiki":"https://www.gem.wiki/Shtokman_LNG_Terminal","ProjectID":"T100000130514","UnitID":"G100002051401","CountriesOrAreas":"Russia","StartState/Province":"Barents Sea","StartLocation":"Barents Sea, Russia","Owner":"Gazprom PJSC [100%]","Operator":"","StartYear1":"","FuelType":"LNG","FacilityType":"export","LocationAccuracy":"approximate","Capacity":"30","CapacityUnits":"mtpa","CapacityMapScale":699000.0,"Tracker":"GGIT-LNG"}},{"type":"Feature","geometry":{"type":"Point","coordinates":[-13.2,8.48]},"properties":{"PipelineName":"Sierra Leone LNG Terminal","SegmentName":"Unit Sierra Leone LNG Terminal","Status":"proposed","Wiki":"https://www.gem.wiki/Sierra_Leone_LNG_Terminal","ProjectID":"T100001084290","UnitID":"G100001095681","CountriesOrAreas":"Sierra Leone","StartState/Province":"","StartLocation":"Sierra Leone","Owner":"CECA SL Generation Ltd","Operator":"","StartYear1":"","FuelType":"LNG","FacilityType":"import","LocationAccuracy":"approximate","Capacity":"","CapacityUnits":"","CapacityMapScale":"","Tracker":"GGIT-LNG"}},{"type":"Feature","geometry":{"type":"Point","coordinates":[-8.8435,37.9419]},"properties":{"PipelineName":"Sines LNG Terminal","SegmentName":"","Status":"operating","Wiki":"https://www.gem.wiki/Sines_LNG_Terminal","ProjectID":"T100000130500","UnitID":"G100002050000","CountriesOrAreas":"Portugal","StartState/Province":"Alentejo","StartLocation":"Alentejo, Portugal","Owner":"REN Atlantico [100%]","Operator":"REN Atlantico","StartYear1":"2003","FuelType":"LNG","FacilityType":"import","LocationAccuracy":"exact","Capacity":"5.6","CapacityUnits":"mtpa","CapacityMapScale":130480.0,"Tracker":"GGIT-LNG"}},{"type":"Feature","geometry":{"type":"Point","coordinates":[103.67135,1.23616]},"properties":{"PipelineName":"Singapore LNG Terminal","SegmentName":"Unit Phase 1","Status":"operating","Wiki":"https://www.gem.wiki/Singapore_LNG_Terminal","ProjectID":"T100000130309","UnitID":"G100002030900","CountriesOrAreas":"Singapore","StartState/Province":"West Region","StartLocation":"West Region, Singapore","Owner":"Singapore LNG Corporation Pte Ltd [100%]","Operator":"Singapore LNG Corporation","StartYear1":"2013","FuelType":"LNG","FacilityType":"import","LocationAccuracy":"exact","Capacity":"3.5","CapacityUnits":"mtpa","CapacityMapScale":81550.0,"Tracker":"GGIT-LNG"}},{"type":"Feature","geometry":{"type":"Point","coordinates":[103.67135,1.23616]},"properties":{"PipelineName":"Singapore LNG Terminal","SegmentName":"Unit Phase 2","Status":"operating","Wiki":"https://www.gem.wiki/Singapore_LNG_Terminal","ProjectID":"T100000130309","UnitID":"G100002030901","CountriesOrAreas":"Singapore","StartState/Province":"West Region","StartLocation":"West Region, Singapore","Owner":"Singapore LNG Corporation Pte Ltd [100%]","Operator":"Singapore LNG Corporation","StartYear1":"2014","FuelType":"LNG","FacilityType":"import","LocationAccuracy":"exact","Capacity":"2.5","CapacityUnits":"mtpa","CapacityMapScale":58250.0,"Tracker":"GGIT-LNG"}},{"type":"Feature","geometry":{"type":"Point","coordinates":[103.67135,1.23616]},"properties":{"PipelineName":"Singapore LNG Terminal","SegmentName":"Unit Phase 3","Status":"operating","Wiki":"https://www.gem.wiki/Singapore_LNG_Terminal","ProjectID":"T100000130309","UnitID":"G100002030902","CountriesOrAreas":"Singapore","StartState/Province":"West Region","StartLocation":"West Region, Singapore","Owner":"Singapore LNG Corporation Pte Ltd [100%]","Operator":"Singapore LNG Corporation","StartYear1":"2018","FuelType":"LNG","FacilityType":"import","LocationAccuracy":"exact","Capacity":"5","CapacityUnits":"mtpa","CapacityMapScale":116500.0,"Tracker":"GGIT-LNG"}},{"type":"Feature","geometry":{"type":"Point","coordinates":[-79.88305,9.384621]},"properties":{"PipelineName":"Sinolam LNG Terminal","SegmentName":"","Status":"shelved","Wiki":"https://www.gem.wiki/Sinolam_LNG_Terminal","ProjectID":"T100000131082","UnitID":"G100002108200","CountriesOrAreas":"Panama","StartState/Province":"Colón","StartLocation":"Colón, Panama","Owner":"Sinolam Smarter Energy [100%]","Operator":"GasLog","StartYear1":"","FuelType":"LNG","FacilityType":"import","LocationAccuracy":"approximate","Capacity":"1.1","CapacityUnits":"mtpa","CapacityMapScale":25630.0,"Tracker":"GGIT-LNG"}},{"type":"Feature","geometry":{"type":"Point","coordinates":[120.2907759,37.6497398]},"properties":{"PipelineName":"Sinopec Longkou LNG Terminal","SegmentName":"Unit Phase 1","Status":"construction","Wiki":"https://www.gem.wiki/Sinopec_Longkou_LNG_Terminal","ProjectID":"T100000130796","UnitID":"G100002079600","CountriesOrAreas":"China","StartState/Province":"Shandong","StartLocation":"Shandong, China","Owner":"Sinopec Yantai Longkou LNG Co Ltd [100%]","Operator":"","StartYear1":"","FuelType":"LNG","FacilityType":"import","LocationAccuracy":"exact","Capacity":"6.5","CapacityUnits":"mtpa","CapacityMapScale":151450.0,"Tracker":"GGIT-LNG"}},{"type":"Feature","geometry":{"type":"Point","coordinates":[120.2907759,37.6497398]},"properties":{"PipelineName":"Sinopec Longkou LNG Terminal","SegmentName":"Unit Phase 2","Status":"proposed","Wiki":"https://www.gem.wiki/Sinopec_Longkou_LNG_Terminal","ProjectID":"T100000130796","UnitID":"G100002079601","CountriesOrAreas":"China","StartState/Province":"Shandong","StartLocation":"Shandong, China","Owner":"Sinopec Yantai Longkou LNG Co Ltd [100%]","Operator":"","StartYear1":"","FuelType":"LNG","FacilityType":"import","LocationAccuracy":"exact","Capacity":"5.5","CapacityUnits":"mtpa","CapacityMapScale":128150.0,"Tracker":"GGIT-LNG"}},{"type":"Feature","geometry":{"type":"Point","coordinates":[92.845724,20.133701]},"properties":{"PipelineName":"Sittwe LNG Terminal","SegmentName":"","Status":"cancelled","Wiki":"https://www.gem.wiki/Sittwe_LNG_Terminal","ProjectID":"T100000130702","UnitID":"G100002070200","CountriesOrAreas":"Myanmar","StartState/Province":"Rakhine","StartLocation":"Rakhine, Myanmar","Owner":"Petronet LNG Ltd [100%]","Operator":"","StartYear1":"","FuelType":"LNG","FacilityType":"import","LocationAccuracy":"approximate","Capacity":"","CapacityUnits":"","CapacityMapScale":"","Tracker":"GGIT-LNG"}},{"type":"Feature","geometry":{"type":"Point","coordinates":[-128.587023,54.49342]},"properties":{"PipelineName":"Skeena LNG Terminal","SegmentName":"","Status":"cancelled","Wiki":"https://www.gem.wiki/Skeena_LNG_Terminal","ProjectID":"T100000130939","UnitID":"G100002093901","CountriesOrAreas":"Canada","StartState/Province":"British Columbia","StartLocation":"British Columbia, Canada","Owner":"Top Speed Energy Holding Ltd [100%]","Operator":"","StartYear1":"","FuelType":"LNG","FacilityType":"export","LocationAccuracy":"approximate","Capacity":"0.15","CapacityUnits":"mtpa","CapacityMapScale":3495.0,"Tracker":"GGIT-LNG"}},{"type":"Feature","geometry":{"type":"Point","coordinates":[79.7630609,6.9487462]},"properties":{"PipelineName":"SK Group Sri Lanka LNG Terminal","SegmentName":"","Status":"cancelled","Wiki":"https://www.gem.wiki/SK_Group_Sri_Lanka_LNG_Terminal","ProjectID":"T100000130971","UnitID":"G100002097100","CountriesOrAreas":"Sri Lanka","StartState/Province":"","StartLocation":"Sri Lanka","Owner":"SK Inc [100%]","Operator":"","StartYear1":"","FuelType":"LNG","FacilityType":"import","LocationAccuracy":"approximate","Capacity":"","CapacityUnits":"","CapacityMapScale":"","Tracker":"GGIT-LNG"}},{"type":"Feature","geometry":{"type":"Point","coordinates":[6.9415,36.8779]},"properties":{"PipelineName":"Skikda LNG Terminal","SegmentName":"Unit T10","Status":"retired","Wiki":"https://www.gem.wiki/Skikda_LNG_Terminal","ProjectID":"T100000130244","UnitID":"G100002024401","CountriesOrAreas":"Algeria","StartState/Province":"Skikda","StartLocation":"Skikda, Algeria","Owner":"Sonatrach SpA [100%]","Operator":"Sonatrach","StartYear1":"1972","FuelType":"LNG","FacilityType":"export","LocationAccuracy":"exact","Capacity":"1","CapacityUnits":"mtpa","CapacityMapScale":23300.0,"Tracker":"GGIT-LNG"}},{"type":"Feature","geometry":{"type":"Point","coordinates":[6.9415,36.8779]},"properties":{"PipelineName":"Skikda LNG Terminal","SegmentName":"Unit T20","Status":"retired","Wiki":"https://www.gem.wiki/Skikda_LNG_Terminal","ProjectID":"T100000130244","UnitID":"G100002024402","CountriesOrAreas":"Algeria","StartState/Province":"Skikda","StartLocation":"Skikda, Algeria","Owner":"Sonatrach SpA [100%]","Operator":"Sonatrach","StartYear1":"1972","FuelType":"LNG","FacilityType":"export","LocationAccuracy":"exact","Capacity":"1","CapacityUnits":"mtpa","CapacityMapScale":23300.0,"Tracker":"GGIT-LNG"}},{"type":"Feature","geometry":{"type":"Point","coordinates":[6.9415,36.8779]},"properties":{"PipelineName":"Skikda LNG Terminal","SegmentName":"Unit T30","Status":"retired","Wiki":"https://www.gem.wiki/Skikda_LNG_Terminal","ProjectID":"T100000130244","UnitID":"G100002024403","CountriesOrAreas":"Algeria","StartState/Province":"Skikda","StartLocation":"Skikda, Algeria","Owner":"Sonatrach SpA [100%]","Operator":"Sonatrach","StartYear1":"1972","FuelType":"LNG","FacilityType":"export","LocationAccuracy":"exact","Capacity":"1","CapacityUnits":"mtpa","CapacityMapScale":23300.0,"Tracker":"GGIT-LNG"}},{"type":"Feature","geometry":{"type":"Point","coordinates":[6.9415,36.8779]},"properties":{"PipelineName":"Skikda LNG Terminal","SegmentName":"Unit T40","Status":"retired","Wiki":"https://www.gem.wiki/Skikda_LNG_Terminal","ProjectID":"T100000130244","UnitID":"G100002024404","CountriesOrAreas":"Algeria","StartState/Province":"Skikda","StartLocation":"Skikda, Algeria","Owner":"Sonatrach SpA [100%]","Operator":"Sonatrach","StartYear1":"1981","FuelType":"LNG","FacilityType":"export","LocationAccuracy":"exact","Capacity":"1","CapacityUnits":"mtpa","CapacityMapScale":23300.0,"Tracker":"GGIT-LNG"}},{"type":"Feature","geometry":{"type":"Point","coordinates":[6.9415,36.8779]},"properties":{"PipelineName":"Skikda LNG Terminal","SegmentName":"Unit T5P","Status":"retired","Wiki":"https://www.gem.wiki/Skikda_LNG_Terminal","ProjectID":"T100000130244","UnitID":"G100002024405","CountriesOrAreas":"Algeria","StartState/Province":"Skikda","StartLocation":"Skikda, Algeria","Owner":"Sonatrach SpA [100%]","Operator":"Sonatrach","StartYear1":"1981","FuelType":"LNG","FacilityType":"export","LocationAccuracy":"exact","Capacity":"1.25","CapacityUnits":"mtpa","CapacityMapScale":29125.0,"Tracker":"GGIT-LNG"}},{"type":"Feature","geometry":{"type":"Point","coordinates":[6.9415,36.8779]},"properties":{"PipelineName":"Skikda LNG Terminal","SegmentName":"Unit T6P","Status":"retired","Wiki":"https://www.gem.wiki/Skikda_LNG_Terminal","ProjectID":"T100000130244","UnitID":"G100002024406","CountriesOrAreas":"Algeria","StartState/Province":"Skikda","StartLocation":"Skikda, Algeria","Owner":"Sonatrach SpA [100%]","Operator":"Sonatrach","StartYear1":"1981","FuelType":"LNG","FacilityType":"export","LocationAccuracy":"exact","Capacity":"1.25","CapacityUnits":"mtpa","CapacityMapScale":29125.0,"Tracker":"GGIT-LNG"}},{"type":"Feature","geometry":{"type":"Point","coordinates":[6.9415,36.8779]},"properties":{"PipelineName":"Skikda LNG Terminal","SegmentName":"Unit GL1K Rebuild","Status":"operating","Wiki":"https://www.gem.wiki/Skikda_LNG_Terminal","ProjectID":"T100000130244","UnitID":"G100002024407","CountriesOrAreas":"Algeria","StartState/Province":"Skikda","StartLocation":"Skikda, Algeria","Owner":"Sonatrach SpA [100%]","Operator":"Sonatrach","StartYear1":"2013","FuelType":"LNG","FacilityType":"export","LocationAccuracy":"exact","Capacity":"4.5","CapacityUnits":"mtpa","CapacityMapScale":104850.0,"Tracker":"GGIT-LNG"}},{"type":"Feature","geometry":{"type":"Point","coordinates":[24.367,57.315]},"properties":{"PipelineName":"Skulte LNG Terminal","SegmentName":"","Status":"shelved","Wiki":"https://www.gem.wiki/Skulte_LNG_Terminal","ProjectID":"T100000130725","UnitID":"G100002072500","CountriesOrAreas":"Latvia","StartState/Province":"","StartLocation":"Latvia","Owner":"Skulte LNG Terminal [80%]; Virši-A [20%]","Operator":"","StartYear1":"","FuelType":"LNG","FacilityType":"import","LocationAccuracy":"approximate","Capacity":"3","CapacityUnits":"mtpa","CapacityMapScale":69900.0,"Tracker":"GGIT-LNG"}},{"type":"Feature","geometry":{"type":"Point","coordinates":[103.672847,1.200281]},"properties":{"PipelineName":"SLNG 2 LNG Terminal","SegmentName":"","Status":"construction","Wiki":"https://www.gem.wiki/SLNG_2_LNG_Terminal","ProjectID":"T100000130890","UnitID":"G100002089000","CountriesOrAreas":"Singapore","StartState/Province":"","StartLocation":"Singapore","Owner":"Singapore LNG Corporation Pte Ltd [100%]","Operator":"","StartYear1":"","FuelType":"LNG","FacilityType":"import","LocationAccuracy":"approximate","Capacity":"5","CapacityUnits":"mtpa","CapacityMapScale":116500.0,"Tracker":"GGIT-LNG"}},{"type":"Feature","geometry":{"type":"Point","coordinates":[139.972393,35.467955]},"properties":{"PipelineName":"Sodegaura LNG Terminal","SegmentName":"","Status":"operating","Wiki":"https://www.gem.wiki/Sodegaura_LNG_Terminal","ProjectID":"T100000130523","UnitID":"G100002052300","CountriesOrAreas":"Japan","StartState/Province":"Kanto","StartLocation":"Kanto, Japan","Owner":"JERA Co Inc; Tokyo Gas Co Ltd","Operator":"","StartYear1":"1973","FuelType":"LNG","FacilityType":"import","LocationAccuracy":"exact","Capacity":"29.3","CapacityUnits":"mtpa","CapacityMapScale":682690.0,"Tracker":"GGIT-LNG"}},{"type":"Feature","geometry":{"type":"Point","coordinates":[138.4978,35.0274]},"properties":{"PipelineName":"Sodeshi Shimizu LNG Terminal","SegmentName":"Unit Expansion","Status":"operating","Wiki":"https://www.gem.wiki/Sodeshi_Shimizu_LNG_Terminal","ProjectID":"T100000130525","UnitID":"G100001094470","CountriesOrAreas":"Japan","StartState/Province":"Chūbu","StartLocation":"Chūbu, Japan","Owner":"Shimizu LNG [100%]","Operator":"","StartYear1":"2009","FuelType":"LNG","FacilityType":"import","LocationAccuracy":"exact","Capacity":"2.1","CapacityUnits":"mtpa","CapacityMapScale":48930.0,"Tracker":"GGIT-LNG"}},{"type":"Feature","geometry":{"type":"Point","coordinates":[138.4978,35.0274]},"properties":{"PipelineName":"Sodeshi Shimizu LNG Terminal","SegmentName":"","Status":"operating","Wiki":"https://www.gem.wiki/Sodeshi_Shimizu_LNG_Terminal","ProjectID":"T100000130525","UnitID":"G100002052500","CountriesOrAreas":"Japan","StartState/Province":"Chūbu","StartLocation":"Chūbu, Japan","Owner":"Shimizu LNG [100%]","Operator":"","StartYear1":"1996","FuelType":"LNG","FacilityType":"import","LocationAccuracy":"exact","Capacity":"0.8","CapacityUnits":"mtpa","CapacityMapScale":18640.0,"Tracker":"GGIT-LNG"}},{"type":"Feature","geometry":{"type":"Point","coordinates":[140.9496459,37.8501123]},"properties":{"PipelineName":"Soma Port LNG Terminal","SegmentName":"","Status":"operating","Wiki":"https://www.gem.wiki/Soma_Port_LNG_Terminal","ProjectID":"T100000130527","UnitID":"G100002052700","CountriesOrAreas":"Japan","StartState/Province":"Tohoku","StartLocation":"Tohoku, Japan","Owner":"Japex [TO BE DELETED] [100%]","Operator":"","StartYear1":"2018","FuelType":"LNG","FacilityType":"import","LocationAccuracy":"exact","Capacity":"1.5","CapacityUnits":"mtpa","CapacityMapScale":34950.0,"Tracker":"GGIT-LNG"}},{"type":"Feature","geometry":{"type":"Point","coordinates":[100.573438,7.229648]},"properties":{"PipelineName":"Songkhla FSRU","SegmentName":"","Status":"cancelled","Wiki":"https://www.gem.wiki/Songkhla_FSRU","ProjectID":"T100000130898","UnitID":"G100002089800","CountriesOrAreas":"Thailand","StartState/Province":"","StartLocation":"Thailand","Owner":"PTT PCL [100%]","Operator":"","StartYear1":"","FuelType":"LNG","FacilityType":"import","LocationAccuracy":"approximate","Capacity":"3","CapacityUnits":"mtpa","CapacityMapScale":69900.0,"Tracker":"GGIT-LNG"}},{"type":"Feature","geometry":{"type":"Point","coordinates":[107.68464,10.65008]},"properties":{"PipelineName":"Son My LNG Terminal","SegmentName":"Unit Phase 1","Status":"proposed","Wiki":"https://www.gem.wiki/Son_My_LNG_Terminal","ProjectID":"T100000130325","UnitID":"G100002032500","CountriesOrAreas":"Vietnam","StartState/Province":"Binh Thuan","StartLocation":"Binh Thuan, Vietnam","Owner":"PetroVietnam Gas JSC [61%]; AES Corp [39%]","Operator":"","StartYear1":"","FuelType":"LNG","FacilityType":"import","LocationAccuracy":"approximate","Capacity":"2.4","CapacityUnits":"mtpa","CapacityMapScale":55920.0,"Tracker":"GGIT-LNG"}},{"type":"Feature","geometry":{"type":"Point","coordinates":[107.68464,10.65008]},"properties":{"PipelineName":"Son My LNG Terminal","SegmentName":"Unit Phase 2","Status":"construction","Wiki":"https://www.gem.wiki/Son_My_LNG_Terminal","ProjectID":"T100000130325","UnitID":"G100002032501","CountriesOrAreas":"Vietnam","StartState/Province":"Binh Thuan","StartLocation":"Binh Thuan, Vietnam","Owner":"PetroVietnam Gas JSC [61%]; AES Corp [39%]","Operator":"","StartYear1":"","FuelType":"LNG","FacilityType":"import","LocationAccuracy":"approximate","Capacity":"2.4","CapacityUnits":"mtpa","CapacityMapScale":55920.0,"Tracker":"GGIT-LNG"}},{"type":"Feature","geometry":{"type":"Point","coordinates":[131.2448702,-0.8676534]},"properties":{"PipelineName":"Sorong FSRU","SegmentName":"","Status":"cancelled","Wiki":"https://www.gem.wiki/Sorong_LNG_Terminal","ProjectID":"T100000130871","UnitID":"G100002087100","CountriesOrAreas":"Indonesia","StartState/Province":"","StartLocation":"Indonesia","Owner":"PT Pertamina (Persero) PT [100%]","Operator":"","StartYear1":"","FuelType":"LNG","FacilityType":"import","LocationAccuracy":"approximate","Capacity":"","CapacityUnits":"","CapacityMapScale":"","Tracker":"GGIT-LNG"}},{"type":"Feature","geometry":{"type":"Point","coordinates":[107.776489,10.653405]},"properties":{"PipelineName":"South East LNG Terminal","SegmentName":"","Status":"cancelled","Wiki":"https://www.gem.wiki/South_East_LNG_Terminal","ProjectID":"T100000131041","UnitID":"G100002104100","CountriesOrAreas":"Vietnam","StartState/Province":"Bình Thuận Province","StartLocation":"Bình Thuận Province, Vietnam","Owner":"","Operator":"","StartYear1":"","FuelType":"LNG","FacilityType":"import","LocationAccuracy":"approximate","Capacity":"6","CapacityUnits":"mtpa","CapacityMapScale":139800.0,"Tracker":"GGIT-LNG"}},{"type":"Feature","geometry":{"type":"Point","coordinates":[23.95714,60.01371]},"properties":{"PipelineName":"Southern Finland LNG Terminal","SegmentName":"","Status":"cancelled","Wiki":"https://www.gem.wiki/Southern_Finland_LNG_Terminal","ProjectID":"T100000130442","UnitID":"G100002044200","CountriesOrAreas":"Finland","StartState/Province":"Uusimaa","StartLocation":"Uusimaa, Finland","Owner":"Gasum Oyj [100%]","Operator":"","StartYear1":"","FuelType":"LNG","FacilityType":"import","LocationAccuracy":"approximate","Capacity":"","CapacityUnits":"","CapacityMapScale":"","Tracker":"GGIT-LNG"}},{"type":"Feature","geometry":{"type":"Point","coordinates":[-5.07627,51.7152]},"properties":{"PipelineName":"South Hook LNG Terminal","SegmentName":"","Status":"operating","Wiki":"https://www.gem.wiki/South_Hook_LNG_Terminal","ProjectID":"T100000130557","UnitID":"G100002055700","CountriesOrAreas":"United Kingdom","StartState/Province":"Wales","StartLocation":"Wales, United Kingdom","Owner":"QatarEnergy [67.5%]; Exxon Mobil Corp [24.15%]; TotalEnergies SE [8.35%]","Operator":"South Hook LNG Terminal","StartYear1":"2009","FuelType":"LNG","FacilityType":"import","LocationAccuracy":"exact","Capacity":"15.6","CapacityUnits":"mtpa","CapacityMapScale":363480.0,"Tracker":"GGIT-LNG"}},{"type":"Feature","geometry":{"type":"Point","coordinates":[-5.07627,51.7152]},"properties":{"PipelineName":"South Hook LNG Terminal","SegmentName":"Unit Expansion","Status":"operating","Wiki":"https://www.gem.wiki/South_Hook_LNG_Terminal","ProjectID":"T100000130557","UnitID":"G100002055701","CountriesOrAreas":"United Kingdom","StartState/Province":"Wales","StartLocation":"Wales, United Kingdom","Owner":"QatarEnergy [67.5%]; Exxon Mobil Corp [24.15%]; TotalEnergies SE [8.35%]","Operator":"South Hook LNG Terminal","StartYear1":"2025","FuelType":"LNG","FacilityType":"import","LocationAccuracy":"exact","Capacity":"3.9","CapacityUnits":"mtpa","CapacityMapScale":90870.0,"Tracker":"GGIT-LNG"}},{"type":"Feature","geometry":{"type":"Point","coordinates":[52.5931157,27.5430077]},"properties":{"PipelineName":"South Pars LNG Terminal","SegmentName":"Unit T1-T2","Status":"cancelled","Wiki":"https://www.gem.wiki/South_Pars_LNG_Terminal","ProjectID":"T100000130916","UnitID":"G100002091601","CountriesOrAreas":"Iran","StartState/Province":"","StartLocation":"Iran","Owner":"National Iranian Oil Co [50%]; Total [30%]; Petroliam Nasional Bhd [20%]","Operator":"","StartYear1":"","FuelType":"LNG","FacilityType":"export","LocationAccuracy":"approximate","Capacity":"10","CapacityUnits":"mtpa","CapacityMapScale":233000.0,"Tracker":"GGIT-LNG"}},{"type":"Feature","geometry":{"type":"Point","coordinates":[-97.407222,27.812778]},"properties":{"PipelineName":"South Texas LNG Terminal","SegmentName":"Unit T1-T2","Status":"cancelled","Wiki":"https://www.gem.wiki/South_Texas_LNG_Terminal","ProjectID":"T100000130849","UnitID":"G100002084901","CountriesOrAreas":"United States","StartState/Province":"Texas","StartLocation":"Texas, United States","Owner":"Pangea LNG (North America) Holdings LLC [100%]","Operator":"","StartYear1":"","FuelType":"LNG","FacilityType":"export","LocationAccuracy":"approximate","Capacity":"8","CapacityUnits":"mtpa","CapacityMapScale":186400.0,"Tracker":"GGIT-LNG"}},{"type":"Feature","geometry":{"type":"Point","coordinates":[106.5186744,9.5712152]},"properties":{"PipelineName":"South West FSRU","SegmentName":"","Status":"cancelled","Wiki":"https://www.gem.wiki/South_West_FSRU","ProjectID":"T100000130991","UnitID":"G100002099100","CountriesOrAreas":"Vietnam","StartState/Province":"Trà Vinh Province","StartLocation":"Trà Vinh Province, Vietnam","Owner":"","Operator":"","StartYear1":"","FuelType":"LNG","FacilityType":"import","LocationAccuracy":"approximate","Capacity":"1","CapacityUnits":"mtpa","CapacityMapScale":23300.0,"Tracker":"GGIT-LNG"}},{"type":"Feature","geometry":{"type":"Point","coordinates":[-76.476111,39.219167]},"properties":{"PipelineName":"Sparrows Point LNG Terminal","SegmentName":"","Status":"cancelled","Wiki":"https://www.gem.wiki/Sparrows_Point_LNG_Terminal","ProjectID":"T100000130651","UnitID":"G100002065100","CountriesOrAreas":"United States","StartState/Province":"Maryland","StartLocation":"Maryland, United States","Owner":"AES Corp [100%]","Operator":"","StartYear1":"","FuelType":"LNG","FacilityType":"import","LocationAccuracy":"approximate","Capacity":"11.5","CapacityUnits":"mtpa","CapacityMapScale":267950.0,"Tracker":"GGIT-LNG"}},{"type":"Feature","geometry":{"type":"Point","coordinates":[9.515233,53.6526534]},"properties":{"PipelineName":"Stade FSRU","SegmentName":"","Status":"construction","Wiki":"https://www.gem.wiki/Stade_FSRU","ProjectID":"T100000131086","UnitID":"G100002108600","CountriesOrAreas":"Germany","StartState/Province":"","StartLocation":"Germany","Owner":"Deutsche Energy Terminal GmbH [100%]","Operator":"Deutsche Energy Terminal; Energos Infrastructure","StartYear1":"","FuelType":"LNG","FacilityType":"import","LocationAccuracy":"approximate","Capacity":"750","CapacityUnits":"MMcf/d","CapacityMapScale":134033.2,"Tracker":"GGIT-LNG"}},{"type":"Feature","geometry":{"type":"Point","coordinates":[9.5050768,53.6487293]},"properties":{"PipelineName":"Stade LNG Terminal","SegmentName":"","Status":"construction","Wiki":"https://www.gem.wiki/Stade_LNG_Terminal","ProjectID":"T100000130721","UnitID":"G100002072100","CountriesOrAreas":"Germany","StartState/Province":"Lower Saxony","StartLocation":"Lower Saxony, Germany","Owner":"Hanseatic Energy Hub [100%]","Operator":"Enagás","StartYear1":"","FuelType":"LNG","FacilityType":"import","LocationAccuracy":"exact","Capacity":"13.3","CapacityUnits":"bcm/y","CapacityMapScale":227769.2,"Tracker":"GGIT-LNG"}},{"type":"Feature","geometry":{"type":"Point","coordinates":[108.018511,16.3273733]},"properties":{"PipelineName":"Stavian Chan May LNG Terminal","SegmentName":"","Status":"shelved","Wiki":"https://www.gem.wiki/Stavian_Chan_May_LNG_Terminal","ProjectID":"T100001049935","UnitID":"G100001057589","CountriesOrAreas":"Vietnam","StartState/Province":"","StartLocation":"Vietnam","Owner":"Stavian Group JSC; Wealth Power Viet Nam Group JSC","Operator":"","StartYear1":"","FuelType":"LNG","FacilityType":"import","LocationAccuracy":"approximate","Capacity":"","CapacityUnits":"","CapacityMapScale":"","Tracker":"GGIT-LNG"}},{"type":"Feature","geometry":{"type":"Point","coordinates":[-129.990833,55.935833]},"properties":{"PipelineName":"Stewart Energy LNG Terminal","SegmentName":"Unit FLNG","Status":"cancelled","Wiki":"https://www.gem.wiki/Stewart_Energy_LNG_Terminal","ProjectID":"T100000130367","UnitID":"G100002036701","CountriesOrAreas":"Canada","StartState/Province":"British Columbia","StartLocation":"British Columbia, Canada","Owner":"Canada Stewart Energy Group Ltd [100%]","Operator":"","StartYear1":"","FuelType":"LNG","FacilityType":"export","LocationAccuracy":"approximate","Capacity":"5","CapacityUnits":"mtpa","CapacityMapScale":116500.0,"Tracker":"GGIT-LNG"}},{"type":"Feature","geometry":{"type":"Point","coordinates":[-129.990833,55.935833]},"properties":{"PipelineName":"Stewart Energy LNG Terminal","SegmentName":"Unit Onshore T1-T5","Status":"cancelled","Wiki":"https://www.gem.wiki/Stewart_Energy_LNG_Terminal","ProjectID":"T100000130367","UnitID":"G100002036702","CountriesOrAreas":"Canada","StartState/Province":"British Columbia","StartLocation":"British Columbia, Canada","Owner":"Canada Stewart Energy Group Ltd [100%]","Operator":"","StartYear1":"","FuelType":"LNG","FacilityType":"export","LocationAccuracy":"approximate","Capacity":"5","CapacityUnits":"mtpa","CapacityMapScale":116500.0,"Tracker":"GGIT-LNG"}},{"type":"Feature","geometry":{"type":"Point","coordinates":[-95.8284171,28.4017159]},"properties":{"PipelineName":"ST LNG FLNG Terminal","SegmentName":"Unit Phase 1","Status":"proposed","Wiki":"https://www.gem.wiki/ST_LNG_FLNG_Terminal","ProjectID":"T100001061236","UnitID":"G100001070151","CountriesOrAreas":"United States","StartState/Province":"","StartLocation":"United States","Owner":"ST LNG LLC [100%]","Operator":"","StartYear1":"","FuelType":"LNG","FacilityType":"export","LocationAccuracy":"approximate","Capacity":"2.1","CapacityUnits":"mtpa","CapacityMapScale":48930.0,"Tracker":"GGIT-LNG"}},{"type":"Feature","geometry":{"type":"Point","coordinates":[-95.8284171,28.4017159]},"properties":{"PipelineName":"ST LNG FLNG Terminal","SegmentName":"Unit Phase 2","Status":"proposed","Wiki":"https://www.gem.wiki/ST_LNG_FLNG_Terminal","ProjectID":"T100001061236","UnitID":"G100001094253","CountriesOrAreas":"United States","StartState/Province":"","StartLocation":"United States","Owner":"ST LNG LLC [100%]","Operator":"","StartYear1":"","FuelType":"LNG","FacilityType":"export","LocationAccuracy":"approximate","Capacity":"2.1","CapacityUnits":"mtpa","CapacityMapScale":48930.0,"Tracker":"GGIT-LNG"}},{"type":"Feature","geometry":{"type":"Point","coordinates":[-95.8284171,28.4017159]},"properties":{"PipelineName":"ST LNG FLNG Terminal","SegmentName":"Unit Phase 3","Status":"proposed","Wiki":"https://www.gem.wiki/ST_LNG_FLNG_Terminal","ProjectID":"T100001061236","UnitID":"G100001094254","CountriesOrAreas":"United States","StartState/Province":"","StartLocation":"United States","Owner":"ST LNG LLC [100%]","Operator":"","StartYear1":"","FuelType":"LNG","FacilityType":"export","LocationAccuracy":"approximate","Capacity":"2.1","CapacityUnits":"mtpa","CapacityMapScale":48930.0,"Tracker":"GGIT-LNG"}},{"type":"Feature","geometry":{"type":"Point","coordinates":[-95.8284171,28.4017159]},"properties":{"PipelineName":"ST LNG FLNG Terminal","SegmentName":"Unit Phase 4","Status":"proposed","Wiki":"https://www.gem.wiki/ST_LNG_FLNG_Terminal","ProjectID":"T100001061236","UnitID":"G100001094255","CountriesOrAreas":"United States","StartState/Province":"","StartLocation":"United States","Owner":"ST LNG LLC [100%]","Operator":"","StartYear1":"","FuelType":"LNG","FacilityType":"export","LocationAccuracy":"approximate","Capacity":"2.1","CapacityUnits":"mtpa","CapacityMapScale":48930.0,"Tracker":"GGIT-LNG"}},{"type":"Feature","geometry":{"type":"Point","coordinates":[-72.385894,46.390573]},"properties":{"PipelineName":"Stolt LNGaz Terminal","SegmentName":"Unit T1 & T2","Status":"cancelled","Wiki":"https://www.gem.wiki/Stolt_LNGaz_Terminal","ProjectID":"T100000130368","UnitID":"G100002036801","CountriesOrAreas":"Canada","StartState/Province":"Quebec","StartLocation":"Quebec, Canada","Owner":"Stolt LNGaz [100%]","Operator":"Stolt LNGaz","StartYear1":"","FuelType":"LNG","FacilityType":"export","LocationAccuracy":"approximate","Capacity":"0.5","CapacityUnits":"mtpa","CapacityMapScale":11650.0,"Tracker":"GGIT-LNG"}},{"type":"Feature","geometry":{"type":"Point","coordinates":[-9.1410991,52.6346336]},"properties":{"PipelineName":"Strategic Gas Emergency Reserve (SGER) FSRU","SegmentName":"","Status":"proposed","Wiki":"https://www.gem.wiki/Gas_Networks_Ireland_LNG_Terminal","ProjectID":"T100001048053","UnitID":"G100001054972","CountriesOrAreas":"Ireland","StartState/Province":"","StartLocation":"Ireland","Owner":"Gas Networks Ireland","Operator":"","StartYear1":"","FuelType":"LNG","FacilityType":"import","LocationAccuracy":"approximate","Capacity":"416","CapacityUnits":"MMcf/d","CapacityMapScale":74343.8,"Tracker":"GGIT-LNG"}},{"type":"Feature","geometry":{"type":"Point","coordinates":[-82.593611,28.900556]},"properties":{"PipelineName":"Strom LNG Terminal","SegmentName":"","Status":"cancelled","Wiki":"https://www.gem.wiki/Strom_LNG_Terminal","ProjectID":"T100000130241","UnitID":"G100002024101","CountriesOrAreas":"United States","StartState/Province":"Florida","StartLocation":"Florida, United States","Owner":"Strom Inc [100%]","Operator":"","StartYear1":"","FuelType":"LNG","FacilityType":"export","LocationAccuracy":"approximate","Capacity":"0.02","CapacityUnits":"bcf/d","CapacityMapScale":3574.2,"Tracker":"GGIT-LNG"}},{"type":"Feature","geometry":{"type":"Point","coordinates":[-34.959574,-8.398179]},"properties":{"PipelineName":"Suape FSRU","SegmentName":"","Status":"construction","Wiki":"https://www.gem.wiki/Suape_FSRU","ProjectID":"T100000130936","UnitID":"G100002093600","CountriesOrAreas":"Brazil","StartState/Province":"Pernambuco","StartLocation":"Pernambuco, Brazil","Owner":"Aruanã Energia SA [100%]","Operator":"","StartYear1":"","FuelType":"LNG","FacilityType":"import","LocationAccuracy":"approximate","Capacity":"5.11","CapacityUnits":"bcm/y","CapacityMapScale":87511.3,"Tracker":"GGIT-LNG"}},{"type":"Feature","geometry":{"type":"Point","coordinates":[37.240723,19.580262]},"properties":{"PipelineName":"Sudan Red Sea LNG Terminal","SegmentName":"","Status":"cancelled","Wiki":"https://www.gem.wiki/Sudan_Red_Sea_LNG_Terminal","ProjectID":"T100000130691","UnitID":"G100002069100","CountriesOrAreas":"Sudan","StartState/Province":"Red Sea State","StartLocation":"Red Sea State, Sudan","Owner":"Sunagas [100%]","Operator":"","StartYear1":"","FuelType":"LNG","FacilityType":"import","LocationAccuracy":"approximate","Capacity":"","CapacityUnits":"","CapacityMapScale":"","Tracker":"GGIT-LNG"}},{"type":"Feature","geometry":{"type":"Point","coordinates":[120.272945,40.160486]},"properties":{"PipelineName":"Suizhong LNG Terminal","SegmentName":"Unit Phase 1","Status":"proposed","Wiki":"https://www.gem.wiki/Suizhong_LNG_Terminal","ProjectID":"T100000130797","UnitID":"G100002079700","CountriesOrAreas":"China","StartState/Province":"Liaoning","StartLocation":"Liaoning, China","Owner":"Baichuan Energy (Suizhong) LNG Co Ltd [100%]","Operator":"","StartYear1":"","FuelType":"LNG","FacilityType":"import","LocationAccuracy":"approximate","Capacity":"2.6","CapacityUnits":"mtpa","CapacityMapScale":60580.0,"Tracker":"GGIT-LNG"}},{"type":"Feature","geometry":{"type":"Point","coordinates":[120.272945,40.160486]},"properties":{"PipelineName":"Suizhong LNG Terminal","SegmentName":"Unit Phase 2","Status":"proposed","Wiki":"https://www.gem.wiki/Suizhong_LNG_Terminal","ProjectID":"T100000130797","UnitID":"G100002079701","CountriesOrAreas":"China","StartState/Province":"Liaoning","StartLocation":"Liaoning, China","Owner":"Baichuan Energy (Suizhong) LNG Co Ltd [100%]","Operator":"","StartYear1":"","FuelType":"LNG","FacilityType":"import","LocationAccuracy":"approximate","Capacity":"2.4","CapacityUnits":"mtpa","CapacityMapScale":55920.0,"Tracker":"GGIT-LNG"}},{"type":"Feature","geometry":{"type":"Point","coordinates":[120.272945,40.160486]},"properties":{"PipelineName":"Suizhong LNG Terminal","SegmentName":"Unit Phase 3","Status":"proposed","Wiki":"https://www.gem.wiki/Suizhong_LNG_Terminal","ProjectID":"T100000130797","UnitID":"G100002079702","CountriesOrAreas":"China","StartState/Province":"Liaoning","StartLocation":"Liaoning, China","Owner":"Baichuan Energy (Suizhong) LNG Co Ltd [100%]","Operator":"","StartYear1":"","FuelType":"LNG","FacilityType":"import","LocationAccuracy":"approximate","Capacity":"","CapacityUnits":"","CapacityMapScale":"","Tracker":"GGIT-LNG"}},{"type":"Feature","geometry":{"type":"Point","coordinates":[124.539938,-2.977698]},"properties":{"PipelineName":"Sulawesi-Maluku LNG Cluster","SegmentName":"","Status":"proposed","Wiki":"https://www.gem.wiki/Sulawesi-Maluku_LNG_Cluster","ProjectID":"T100000131165","UnitID":"G100002116500","CountriesOrAreas":"Indonesia","StartState/Province":"","StartLocation":"Indonesia","Owner":"PT AG&P Indonesia [35%]; PLN Energi Primer Indonesia [30%]; KPMOG; Suasa Benua Sukses","Operator":"","StartYear1":"","FuelType":"LNG","FacilityType":"import","LocationAccuracy":"approximate","Capacity":"2.3","CapacityUnits":"mtpa","CapacityMapScale":53590.0,"Tracker":"GGIT-LNG"}},{"type":"Feature","geometry":{"type":"Point","coordinates":[32.3403948,29.6025441]},"properties":{"PipelineName":"Sumed FSRU","SegmentName":"Unit Höegh Galleon","Status":"operating","Wiki":"https://www.gem.wiki/Sumed_BW_FSRU","ProjectID":"T100000130686","UnitID":"G100001093661","CountriesOrAreas":"Egypt","StartState/Province":"","StartLocation":"Egypt","Owner":"Egyptian Natural Gas Holding [TO BE DELETED] Co [100%]","Operator":"","StartYear1":"2024","FuelType":"LNG","FacilityType":"import","LocationAccuracy":"exact","Capacity":"4.2","CapacityUnits":"mtpa","CapacityMapScale":97860.0,"Tracker":"GGIT-LNG"}},{"type":"Feature","geometry":{"type":"Point","coordinates":[32.3403948,29.6025441]},"properties":{"PipelineName":"Sumed FSRU","SegmentName":"Unit Energos Eskimo","Status":"operating","Wiki":"https://www.gem.wiki/Sumed_BW_FSRU","ProjectID":"T100000130686","UnitID":"G100001093662","CountriesOrAreas":"Egypt","StartState/Province":"","StartLocation":"Egypt","Owner":"Egyptian Natural Gas Holding [TO BE DELETED] Co [100%]","Operator":"","StartYear1":"2025","FuelType":"LNG","FacilityType":"import","LocationAccuracy":"exact","Capacity":"3.8","CapacityUnits":"mtpa","CapacityMapScale":88540.0,"Tracker":"GGIT-LNG"}},{"type":"Feature","geometry":{"type":"Point","coordinates":[32.3403948,29.6025441]},"properties":{"PipelineName":"Sumed FSRU","SegmentName":"Unit Höegh Gandria","Status":"proposed","Wiki":"https://www.gem.wiki/Sumed_BW_FSRU","ProjectID":"T100000130686","UnitID":"G100001093663","CountriesOrAreas":"Egypt","StartState/Province":"","StartLocation":"Egypt","Owner":"Egyptian Natural Gas Holding [TO BE DELETED] Co [100%]","Operator":"","StartYear1":"","FuelType":"LNG","FacilityType":"import","LocationAccuracy":"exact","Capacity":"1","CapacityUnits":"bcf/d","CapacityMapScale":178711.0,"Tracker":"GGIT-LNG"}},{"type":"Feature","geometry":{"type":"Point","coordinates":[32.3403948,29.6025441]},"properties":{"PipelineName":"Sumed FSRU","SegmentName":"Unit Ertugrul Gazi","Status":"shelved","Wiki":"https://www.gem.wiki/Sumed_BW_FSRU","ProjectID":"T100000130686","UnitID":"G100001093679","CountriesOrAreas":"Egypt","StartState/Province":"","StartLocation":"Egypt","Owner":"Egyptian Natural Gas Holding [TO BE DELETED] Co [100%]","Operator":"","StartYear1":"","FuelType":"LNG","FacilityType":"import","LocationAccuracy":"exact","Capacity":"4.1","CapacityUnits":"mtpa","CapacityMapScale":95530.0,"Tracker":"GGIT-LNG"}},{"type":"Feature","geometry":{"type":"Point","coordinates":[91.8170357,21.5570406]},"properties":{"PipelineName":"Summit FSRU","SegmentName":"","Status":"operating","Wiki":"https://www.gem.wiki/Summit_FSRU","ProjectID":"T100000130272","UnitID":"G100002027200","CountriesOrAreas":"Bangladesh","StartState/Province":"Chittagong","StartLocation":"Chittagong, Bangladesh","Owner":"Summit LNG Terminal Co Pvt Ltd [75%]; Mitsubishi Corp [25%]","Operator":"Excelerate Energy; Summit LNG Terminal Co","StartYear1":"2019","FuelType":"LNG","FacilityType":"import","LocationAccuracy":"exact","Capacity":"3.8","CapacityUnits":"mtpa","CapacityMapScale":88540.0,"Tracker":"GGIT-LNG"}},{"type":"Feature","geometry":{"type":"Point","coordinates":[-122.628186,54.182864]},"properties":{"PipelineName":"Summit Lake PG LNG Terminal","SegmentName":"Unit Phase 1","Status":"proposed","Wiki":"https://www.gem.wiki/Summit_Lake_PG_LNG_Terminal","ProjectID":"T100001083566","UnitID":"G100001094566","CountriesOrAreas":"Canada","StartState/Province":"","StartLocation":"Canada","Owner":"JX LNG Canada Ltd [100%]","Operator":"JX LNG Canada","StartYear1":"","FuelType":"LNG","FacilityType":"export","LocationAccuracy":"exact","Capacity":"1.35","CapacityUnits":"mtpa","CapacityMapScale":31455.0,"Tracker":"GGIT-LNG"}},{"type":"Feature","geometry":{"type":"Point","coordinates":[-122.628186,54.182864]},"properties":{"PipelineName":"Summit Lake PG LNG Terminal","SegmentName":"Unit Phase 2","Status":"proposed","Wiki":"https://www.gem.wiki/Summit_Lake_PG_LNG_Terminal","ProjectID":"T100001083566","UnitID":"G100001094567","CountriesOrAreas":"Canada","StartState/Province":"","StartLocation":"Canada","Owner":"JX LNG Canada Ltd [100%]","Operator":"JX LNG Canada","StartYear1":"","FuelType":"LNG","FacilityType":"export","LocationAccuracy":"exact","Capacity":"1.35","CapacityUnits":"mtpa","CapacityMapScale":31455.0,"Tracker":"GGIT-LNG"}},{"type":"Feature","geometry":{"type":"Point","coordinates":[91.814862,21.703668]},"properties":{"PipelineName":"Summit Matarbari FSRU","SegmentName":"","Status":"proposed","Wiki":"https://www.gem.wiki/Summit_Matarbari_FSRU","ProjectID":"T100000131051","UnitID":"G100002105100","CountriesOrAreas":"Bangladesh","StartState/Province":"Chittagong","StartLocation":"Chittagong, Bangladesh","Owner":"Summit Oil and Shipping Co Ltd [100%]","Operator":"Summit Asia Pacific","StartYear1":"","FuelType":"LNG","FacilityType":"import","LocationAccuracy":"approximate","Capacity":"600","CapacityUnits":"MMcf/d","CapacityMapScale":107226.6,"Tracker":"GGIT-LNG"}},{"type":"Feature","geometry":{"type":"Point","coordinates":[91.87977,21.72714]},"properties":{"PipelineName":"Summit Matarbari LNG Terminal","SegmentName":"","Status":"proposed","Wiki":"https://www.gem.wiki/Summit_Matarbari_LNG_Terminal","ProjectID":"T100001082545","UnitID":"G100001092917","CountriesOrAreas":"Bangladesh","StartState/Province":"","StartLocation":"Bangladesh","Owner":"Summit Power International Ltd","Operator":"","StartYear1":"","FuelType":"LNG","FacilityType":"import","LocationAccuracy":"approximate","Capacity":"7.5","CapacityUnits":"mtpa","CapacityMapScale":174750.0,"Tracker":"GGIT-LNG"}},{"type":"Feature","geometry":{"type":"Point","coordinates":[126.4500054,-8.9474205]},"properties":{"PipelineName":"Sunrise LNG Terminal","SegmentName":"","Status":"proposed","Wiki":"https://www.gem.wiki/Sunrise_FLNG_Terminal","ProjectID":"T100000130342","UnitID":"G100002034201","CountriesOrAreas":"Timor-Leste","StartState/Province":"Australia and East Timor","StartLocation":"Australia and East Timor, Timor-Leste","Owner":"Government of Timor-Leste [56.56%]; Woodside Energy Group Ltd [33.44%]; Osaka Gas Co Ltd [10%]","Operator":"Woodside Petroleum","StartYear1":"","FuelType":"LNG","FacilityType":"export","LocationAccuracy":"approximate","Capacity":"5","CapacityUnits":"mtpa","CapacityMapScale":116500.0,"Tracker":"GGIT-LNG"}},{"type":"Feature","geometry":{"type":"Point","coordinates":[99.3268,9.24816]},"properties":{"PipelineName":"Surat Thani FSRU","SegmentName":"","Status":"shelved","Wiki":"https://www.gem.wiki/Surat_Thani_FSRU","ProjectID":"T100000131071","UnitID":"G100002107100","CountriesOrAreas":"Thailand","StartState/Province":"Surat Thani","StartLocation":"Surat Thani, Thailand","Owner":"EGAT; PTT PCL","Operator":"","StartYear1":"","FuelType":"LNG","FacilityType":"import","LocationAccuracy":"approximate","Capacity":"5","CapacityUnits":"mtpa","CapacityMapScale":116500.0,"Tracker":"GGIT-LNG"}},{"type":"Feature","geometry":{"type":"Point","coordinates":[14.294722,53.909167]},"properties":{"PipelineName":"Świnoujście Polskie LNG Terminal","SegmentName":"","Status":"operating","Wiki":"https://www.gem.wiki/%c5%9awinouj%c5%9bcie_Polskie_LNG_Terminal","ProjectID":"T100000130498","UnitID":"G100002049800","CountriesOrAreas":"Poland","StartState/Province":"Województwo","StartLocation":"Województwo, Poland","Owner":"Operator Gazociagow Przesylowych GAZ-SYSTEM SP zoo [100%]","Operator":"Operator Gazociagow Przesylowych GAZ-SYSTEM","StartYear1":"2016","FuelType":"LNG","FacilityType":"import","LocationAccuracy":"exact","Capacity":"3.7","CapacityUnits":"mtpa","CapacityMapScale":86210.0,"Tracker":"GGIT-LNG"}},{"type":"Feature","geometry":{"type":"Point","coordinates":[14.294722,53.909167]},"properties":{"PipelineName":"Świnoujście Polskie LNG Terminal","SegmentName":"Unit Expansion","Status":"operating","Wiki":"https://www.gem.wiki/%c5%9awinouj%c5%9bcie_Polskie_LNG_Terminal","ProjectID":"T100000130498","UnitID":"G100002049801","CountriesOrAreas":"Poland","StartState/Province":"Województwo","StartLocation":"Województwo, Poland","Owner":"Operator Gazociagow Przesylowych GAZ-SYSTEM SP zoo [100%]","Operator":"Operator Gazociagow Przesylowych GAZ-SYSTEM","StartYear1":"2022","FuelType":"LNG","FacilityType":"import","LocationAccuracy":"exact","Capacity":"0.9","CapacityUnits":"mtpa","CapacityMapScale":20970.0,"Tracker":"GGIT-LNG"}},{"type":"Feature","geometry":{"type":"Point","coordinates":[14.294722,53.909167]},"properties":{"PipelineName":"Świnoujście Polskie LNG Terminal","SegmentName":"Unit Expansion 2","Status":"operating","Wiki":"https://www.gem.wiki/%c5%9awinouj%c5%9bcie_Polskie_LNG_Terminal","ProjectID":"T100000130498","UnitID":"G100002049802","CountriesOrAreas":"Poland","StartState/Province":"Województwo","StartLocation":"Województwo, Poland","Owner":"Operator Gazociagow Przesylowych GAZ-SYSTEM SP zoo [100%]","Operator":"Operator Gazociagow Przesylowych GAZ-SYSTEM","StartYear1":"2024","FuelType":"LNG","FacilityType":"import","LocationAccuracy":"exact","Capacity":"1.5","CapacityUnits":"mtpa","CapacityMapScale":34950.0,"Tracker":"GGIT-LNG"}},{"type":"Feature","geometry":{"type":"Point","coordinates":[-64.862283,10.088111]},"properties":{"PipelineName":"Sycar Venezuela FLNG Terminal","SegmentName":"","Status":"cancelled","Wiki":"https://www.gem.wiki/Sycar_Venezuela_FLNG_Terminal","ProjectID":"T100000131115","UnitID":"G100002111500","CountriesOrAreas":"Venezuela","StartState/Province":"Anzoátegui","StartLocation":"Anzoátegui, Venezuela","Owner":"Petróleos de Venezuela SA; Sycar LLC","Operator":"Sycar, PDVSA","StartYear1":"","FuelType":"LNG","FacilityType":"export","LocationAccuracy":"approximate","Capacity":"","CapacityUnits":"","CapacityMapScale":"","Tracker":"GGIT-LNG"}},{"type":"Feature","geometry":{"type":"Point","coordinates":[121.0533839,13.7279896]},"properties":{"PipelineName":"Tabangao FSRU","SegmentName":"","Status":"shelved","Wiki":"https://www.gem.wiki/Tabangao_FSRU","ProjectID":"T100000130976","UnitID":"G100002097600","CountriesOrAreas":"Philippines","StartState/Province":"Batangas","StartLocation":"Batangas, Philippines","Owner":"Shell Energy Philippines Inc [100%]","Operator":"","StartYear1":"","FuelType":"LNG","FacilityType":"import","LocationAccuracy":"exact","Capacity":"3.8","CapacityUnits":"mtpa","CapacityMapScale":88540.0,"Tracker":"GGIT-LNG"}},{"type":"Feature","geometry":{"type":"Point","coordinates":[67.21,24.72]},"properties":{"PipelineName":"Tabeer LNG Terminal","SegmentName":"Unit Phase 1","Status":"shelved","Wiki":"https://www.gem.wiki/Tabeer_LNG_Terminal","ProjectID":"T100000130887","UnitID":"G100002088701","CountriesOrAreas":"Pakistan","StartState/Province":"Sindh","StartLocation":"Sindh, Pakistan","Owner":"Tabeer Energy Marketing (Private) Ltd; Tabeer Energy Marketing (Pvt) [TO BE DELETED]","Operator":"","StartYear1":"","FuelType":"LNG","FacilityType":"import","LocationAccuracy":"approximate","Capacity":"","CapacityUnits":"","CapacityMapScale":"","Tracker":"GGIT-LNG"}},{"type":"Feature","geometry":{"type":"Point","coordinates":[67.21,24.72]},"properties":{"PipelineName":"Tabeer LNG Terminal","SegmentName":"Unit Phase 2","Status":"shelved","Wiki":"https://www.gem.wiki/Tabeer_LNG_Terminal","ProjectID":"T100000130887","UnitID":"G100002088702","CountriesOrAreas":"Pakistan","StartState/Province":"Sindh","StartLocation":"Sindh, Pakistan","Owner":"Tabeer Energy Marketing (Private) Ltd; Tabeer Energy Marketing (Pvt) [TO BE DELETED]","Operator":"","StartYear1":"","FuelType":"LNG","FacilityType":"import","LocationAccuracy":"approximate","Capacity":"","CapacityUnits":"","CapacityMapScale":"","Tracker":"GGIT-LNG"}},{"type":"Feature","geometry":{"type":"Point","coordinates":[120.49586,24.25304]},"properties":{"PipelineName":"Taichung LNG Terminal","SegmentName":"Unit Phase 2 expansion","Status":"operating","Wiki":"https://www.gem.wiki/Taichung_LNG_Terminal","ProjectID":"T100000130317","UnitID":"G100001054517","CountriesOrAreas":"Taiwan","StartState/Province":"Taichung","StartLocation":"Taichung, Taiwan","Owner":"CPC Corporation Taiwan [100%]","Operator":"","StartYear1":"2025","FuelType":"LNG","FacilityType":"import","LocationAccuracy":"exact","Capacity":"2","CapacityUnits":"mtpa","CapacityMapScale":46600.0,"Tracker":"GGIT-LNG"}},{"type":"Feature","geometry":{"type":"Point","coordinates":[120.49586,24.25304]},"properties":{"PipelineName":"Taichung LNG Terminal","SegmentName":"Unit Phase 1","Status":"operating","Wiki":"https://www.gem.wiki/Taichung_LNG_Terminal","ProjectID":"T100000130317","UnitID":"G100002031701","CountriesOrAreas":"Taiwan","StartState/Province":"Taichung","StartLocation":"Taichung, Taiwan","Owner":"CPC Corporation Taiwan [100%]","Operator":"","StartYear1":"2009","FuelType":"LNG","FacilityType":"import","LocationAccuracy":"exact","Capacity":"1.5","CapacityUnits":"mtpa","CapacityMapScale":34950.0,"Tracker":"GGIT-LNG"}},{"type":"Feature","geometry":{"type":"Point","coordinates":[120.49586,24.25304]},"properties":{"PipelineName":"Taichung LNG Terminal","SegmentName":"Unit Phase 2","Status":"operating","Wiki":"https://www.gem.wiki/Taichung_LNG_Terminal","ProjectID":"T100000130317","UnitID":"G100002031702","CountriesOrAreas":"Taiwan","StartState/Province":"Taichung","StartLocation":"Taichung, Taiwan","Owner":"CPC Corporation Taiwan [100%]","Operator":"","StartYear1":"2018","FuelType":"LNG","FacilityType":"import","LocationAccuracy":"exact","Capacity":"4.5","CapacityUnits":"mtpa","CapacityMapScale":104850.0,"Tracker":"GGIT-LNG"}},{"type":"Feature","geometry":{"type":"Point","coordinates":[120.49586,24.25304]},"properties":{"PipelineName":"Taichung LNG Terminal","SegmentName":"Unit Phase 3","Status":"construction","Wiki":"https://www.gem.wiki/Taichung_LNG_Terminal","ProjectID":"T100000130317","UnitID":"G100002031703","CountriesOrAreas":"Taiwan","StartState/Province":"Taichung","StartLocation":"Taichung, Taiwan","Owner":"CPC Corporation Taiwan [100%]","Operator":"","StartYear1":"","FuelType":"LNG","FacilityType":"import","LocationAccuracy":"exact","Capacity":"2","CapacityUnits":"mtpa","CapacityMapScale":46600.0,"Tracker":"GGIT-LNG"}},{"type":"Feature","geometry":{"type":"Point","coordinates":[120.49586,24.25304]},"properties":{"PipelineName":"Taichung LNG Terminal","SegmentName":"Unit Phase 4","Status":"proposed","Wiki":"https://www.gem.wiki/Taichung_LNG_Terminal","ProjectID":"T100000130317","UnitID":"G100002031704","CountriesOrAreas":"Taiwan","StartState/Province":"Taichung","StartLocation":"Taichung, Taiwan","Owner":"CPC Corporation Taiwan [100%]","Operator":"","StartYear1":"","FuelType":"LNG","FacilityType":"import","LocationAccuracy":"exact","Capacity":"3","CapacityUnits":"mtpa","CapacityMapScale":69900.0,"Tracker":"GGIT-LNG"}},{"type":"Feature","geometry":{"type":"Point","coordinates":[120.5080304,24.2821046]},"properties":{"PipelineName":"Taichung (TaiPower) LNG Terminal","SegmentName":"","Status":"proposed","Wiki":"https://www.gem.wiki/Taichung_(TaiPower)_LNG_Terminal","ProjectID":"T100000130892","UnitID":"G100002089200","CountriesOrAreas":"Taiwan","StartState/Province":"Taichung","StartLocation":"Taichung, Taiwan","Owner":"Taiwan Electric Power [TO BE DELETED] Co [100%]","Operator":"","StartYear1":"","FuelType":"LNG","FacilityType":"import","LocationAccuracy":"exact","Capacity":"3","CapacityUnits":"mtpa","CapacityMapScale":69900.0,"Tracker":"GGIT-LNG"}},{"type":"Feature","geometry":{"type":"Point","coordinates":[80.405868,73.153613]},"properties":{"PipelineName":"Taimyr LNG Terminal","SegmentName":"","Status":"proposed","Wiki":"https://www.gem.wiki/Taimyr_LNG_Terminal","ProjectID":"T100000131155","UnitID":"G100002115501","CountriesOrAreas":"Russia","StartState/Province":"Krasnoyarsk Krai","StartLocation":"Krasnoyarsk Krai, Russia","Owner":"Rosneft PJSC [100%]","Operator":"","StartYear1":"","FuelType":"LNG","FacilityType":"export","LocationAccuracy":"approximate","Capacity":"50","CapacityUnits":"mtpa","CapacityMapScale":1165000.0,"Tracker":"GGIT-LNG"}},{"type":"Feature","geometry":{"type":"Point","coordinates":[121.7892551,28.6870306]},"properties":{"PipelineName":"Taizhou Toumen Port LNG Terminal","SegmentName":"Unit Phase 2","Status":"proposed","Wiki":"https://www.gem.wiki/Taizhou_LNG_Terminal","ProjectID":"T100000130957","UnitID":"G100001053598","CountriesOrAreas":"China","StartState/Province":"Zhejiang","StartLocation":"Zhejiang, China","Owner":"","Operator":"","StartYear1":"","FuelType":"LNG","FacilityType":"import","LocationAccuracy":"exact","Capacity":"3","CapacityUnits":"mtpa","CapacityMapScale":69900.0,"Tracker":"GGIT-LNG"}},{"type":"Feature","geometry":{"type":"Point","coordinates":[121.7892551,28.6870306]},"properties":{"PipelineName":"Taizhou Toumen Port LNG Terminal","SegmentName":"Unit Phase 1","Status":"proposed","Wiki":"https://www.gem.wiki/Taizhou_LNG_Terminal","ProjectID":"T100000130957","UnitID":"G100002095700","CountriesOrAreas":"China","StartState/Province":"Zhejiang","StartLocation":"Zhejiang, China","Owner":"","Operator":"","StartYear1":"","FuelType":"LNG","FacilityType":"import","LocationAccuracy":"exact","Capacity":"3","CapacityUnits":"mtpa","CapacityMapScale":69900.0,"Tracker":"GGIT-LNG"}},{"type":"Feature","geometry":{"type":"Point","coordinates":[-73.102769,-36.718357]},"properties":{"PipelineName":"Talcahuano FSRU","SegmentName":"","Status":"cancelled","Wiki":"https://www.gem.wiki/Talcahuano_FSRU","ProjectID":"T100000130716","UnitID":"G100002071600","CountriesOrAreas":"Chile","StartState/Province":"","StartLocation":"Chile","Owner":"Inversiones GNL Talcahuano SpA [100%]","Operator":"","StartYear1":"","FuelType":"LNG","FacilityType":"import","LocationAccuracy":"approximate","Capacity":"2.3","CapacityUnits":"mtpa","CapacityMapScale":53590.0,"Tracker":"GGIT-LNG"}},{"type":"Feature","geometry":{"type":"Point","coordinates":[25.0045,59.50601]},"properties":{"PipelineName":"Tallinn LNG Terminal","SegmentName":"","Status":"proposed","Wiki":"https://www.gem.wiki/Tallinn_LNG_Terminal","ProjectID":"T100000130436","UnitID":"G100002043600","CountriesOrAreas":"Estonia","StartState/Province":"Harju","StartLocation":"Harju, Estonia","Owner":"AS Tallinna Sadam; JetGas OÜ","Operator":"Liwathon E.O.S.","StartYear1":"","FuelType":"LNG","FacilityType":"import","LocationAccuracy":"exact","Capacity":"4","CapacityUnits":"bcm/y","CapacityMapScale":68502.0,"Tracker":"GGIT-LNG"}},{"type":"Feature","geometry":{"type":"Point","coordinates":[33.951389,33.078333]},"properties":{"PipelineName":"Tamar FLNG Terminal","SegmentName":"","Status":"cancelled","Wiki":"https://www.gem.wiki/Tamar_FLNG_Terminal","ProjectID":"T100000130590","UnitID":"G100002059001","CountriesOrAreas":"Israel","StartState/Province":"","StartLocation":"Israel","Owner":"Isramco Negev 2 LP [28.75%]; Chevron Corp [25%]; NewMed Energy LP [22%]; Tamar Petroleum Ltd [16.75%]; Dor Gas Exploration LP [4%]; Everest Infrastructures LP [3.5%]","Operator":"","StartYear1":"","FuelType":"LNG","FacilityType":"export","LocationAccuracy":"approximate","Capacity":"3","CapacityUnits":"mtpa","CapacityMapScale":69900.0,"Tracker":"GGIT-LNG"}},{"type":"Feature","geometry":{"type":"Point","coordinates":[71.546,71.235]},"properties":{"PipelineName":"Tambey LNG Terminal","SegmentName":"","Status":"proposed","Wiki":"https://www.gem.wiki/Tambey_LNG_Terminal","ProjectID":"T100000131154","UnitID":"G100002115401","CountriesOrAreas":"Russia","StartState/Province":"","StartLocation":"Russia","Owner":"Gazprom PJSC [100%]","Operator":"","StartYear1":"","FuelType":"LNG","FacilityType":"export","LocationAccuracy":"approximate","Capacity":"20","CapacityUnits":"mtpa","CapacityMapScale":466000.0,"Tracker":"GGIT-LNG"}},{"type":"Feature","geometry":{"type":"Point","coordinates":[133.139,-2.44314]},"properties":{"PipelineName":"Tangguh LNG Terminal","SegmentName":"Unit T1","Status":"operating","Wiki":"https://www.gem.wiki/Tangguh_LNG_Terminal","ProjectID":"T100000130286","UnitID":"G100002028601","CountriesOrAreas":"Indonesia","StartState/Province":"West Papua","StartLocation":"West Papua, Indonesia","Owner":"BP Berau Ltd [40.22%]; MI Berau [16.3%]; CNOOC Muturi [13.9%]; ENEOS Xplora Inc [12.23%]; KG Berau Petroleum [8.56%]; Indonesia Natural Gas Resources Muturi Inc [7.35%]; KG Wiriagar Petroleum [1.44%]","Operator":"BP Berau","StartYear1":"2009","FuelType":"LNG","FacilityType":"export","LocationAccuracy":"exact","Capacity":"3.8","CapacityUnits":"mtpa","CapacityMapScale":88540.0,"Tracker":"GGIT-LNG"}},{"type":"Feature","geometry":{"type":"Point","coordinates":[133.139,-2.44314]},"properties":{"PipelineName":"Tangguh LNG Terminal","SegmentName":"Unit T2","Status":"operating","Wiki":"https://www.gem.wiki/Tangguh_LNG_Terminal","ProjectID":"T100000130286","UnitID":"G100002028602","CountriesOrAreas":"Indonesia","StartState/Province":"West Papua","StartLocation":"West Papua, Indonesia","Owner":"BP Berau Ltd [40.22%]; MI Berau [16.3%]; CNOOC Muturi [13.9%]; ENEOS Xplora Inc [12.23%]; KG Berau Petroleum [8.56%]; Indonesia Natural Gas Resources Muturi Inc [7.35%]; KG Wiriagar Petroleum [1.44%]","Operator":"BP Berau","StartYear1":"2009","FuelType":"LNG","FacilityType":"export","LocationAccuracy":"exact","Capacity":"3.8","CapacityUnits":"mtpa","CapacityMapScale":88540.0,"Tracker":"GGIT-LNG"}},{"type":"Feature","geometry":{"type":"Point","coordinates":[133.139,-2.44314]},"properties":{"PipelineName":"Tangguh LNG Terminal","SegmentName":"Unit T3","Status":"operating","Wiki":"https://www.gem.wiki/Tangguh_LNG_Terminal","ProjectID":"T100000130286","UnitID":"G100002028603","CountriesOrAreas":"Indonesia","StartState/Province":"West Papua","StartLocation":"West Papua, Indonesia","Owner":"BP Berau Ltd [40.22%]; MI Berau [16.3%]; CNOOC Muturi [13.9%]; ENEOS Xplora Inc [12.23%]; KG Berau Petroleum [8.56%]; Indonesia Natural Gas Resources Muturi Inc [7.35%]; KG Wiriagar Petroleum [1.44%]","Operator":"BP Berau","StartYear1":"2023","FuelType":"LNG","FacilityType":"export","LocationAccuracy":"exact","Capacity":"3.8","CapacityUnits":"mtpa","CapacityMapScale":88540.0,"Tracker":"GGIT-LNG"}},{"type":"Feature","geometry":{"type":"Point","coordinates":[121.0354947,13.7707075]},"properties":{"PipelineName":"Tanglawan LNG Terminal","SegmentName":"","Status":"cancelled","Wiki":"https://www.gem.wiki/Tanglawan_LNG_Terminal","ProjectID":"T100000130706","UnitID":"G100002070600","CountriesOrAreas":"Philippines","StartState/Province":"Batangas","StartLocation":"Batangas, Philippines","Owner":"Tanglawan Philippine LNG Inc","Operator":"","StartYear1":"","FuelType":"LNG","FacilityType":"import","LocationAccuracy":"approximate","Capacity":"2.2","CapacityUnits":"mtpa","CapacityMapScale":51260.0,"Tracker":"GGIT-LNG"}},{"type":"Feature","geometry":{"type":"Point","coordinates":[118.5329,38.9331]},"properties":{"PipelineName":"Tangshan LNG Terminal (PetroChina)","SegmentName":"Unit Phase 2","Status":"operating","Wiki":"https://www.gem.wiki/Tangshan_LNG_Terminal_(PetroChina)","ProjectID":"T100000130409","UnitID":"G100001054323","CountriesOrAreas":"China","StartState/Province":"Hebei","StartLocation":"Hebei, China","Owner":"Petrochina Jingtang Lng Co Ltd [100%]","Operator":"","StartYear1":"2014","FuelType":"LNG","FacilityType":"import","LocationAccuracy":"exact","Capacity":"3","CapacityUnits":"mtpa","CapacityMapScale":69900.0,"Tracker":"GGIT-LNG"}},{"type":"Feature","geometry":{"type":"Point","coordinates":[118.5329,38.9331]},"properties":{"PipelineName":"Tangshan LNG Terminal (PetroChina)","SegmentName":"Unit Phase 1","Status":"operating","Wiki":"https://www.gem.wiki/Tangshan_LNG_Terminal_(PetroChina)","ProjectID":"T100000130409","UnitID":"G100002040900","CountriesOrAreas":"China","StartState/Province":"Hebei","StartLocation":"Hebei, China","Owner":"Petrochina Jingtang Lng Co Ltd [100%]","Operator":"","StartYear1":"2013","FuelType":"LNG","FacilityType":"import","LocationAccuracy":"exact","Capacity":"3.5","CapacityUnits":"mtpa","CapacityMapScale":81550.0,"Tracker":"GGIT-LNG"}},{"type":"Feature","geometry":{"type":"Point","coordinates":[118.5329,38.9331]},"properties":{"PipelineName":"Tangshan LNG Terminal (PetroChina)","SegmentName":"Unit Phase 3  (Expansion）","Status":"operating","Wiki":"https://www.gem.wiki/Tangshan_LNG_Terminal_(PetroChina)","ProjectID":"T100000130409","UnitID":"G100002040901","CountriesOrAreas":"China","StartState/Province":"Hebei","StartLocation":"Hebei, China","Owner":"Petrochina Jingtang Lng Co Ltd [100%]","Operator":"","StartYear1":"2021","FuelType":"LNG","FacilityType":"import","LocationAccuracy":"exact","Capacity":"3.5","CapacityUnits":"mtpa","CapacityMapScale":81550.0,"Tracker":"GGIT-LNG"}},{"type":"Feature","geometry":{"type":"Point","coordinates":[118.541145,38.938745]},"properties":{"PipelineName":"Tangshan LNG Terminal (Xintian)","SegmentName":"Unit Phase 1","Status":"operating","Wiki":"https://www.gem.wiki/Tangshan_LNG_Terminal_(Xintian)","ProjectID":"T100000130811","UnitID":"G100002081100","CountriesOrAreas":"China","StartState/Province":"Hebei","StartLocation":"Hebei, China","Owner":"Caofeidian Xintian LNG Co Ltd [100%]","Operator":"","StartYear1":"2023","FuelType":"LNG","FacilityType":"import","LocationAccuracy":"exact","Capacity":"5","CapacityUnits":"mtpa","CapacityMapScale":116500.0,"Tracker":"GGIT-LNG"}},{"type":"Feature","geometry":{"type":"Point","coordinates":[118.541145,38.938745]},"properties":{"PipelineName":"Tangshan LNG Terminal (Xintian)","SegmentName":"Unit Phase 2","Status":"construction","Wiki":"https://www.gem.wiki/Tangshan_LNG_Terminal_(Xintian)","ProjectID":"T100000130811","UnitID":"G100002081101","CountriesOrAreas":"China","StartState/Province":"Hebei","StartLocation":"Hebei, China","Owner":"Caofeidian Xintian LNG Co Ltd [100%]","Operator":"","StartYear1":"","FuelType":"LNG","FacilityType":"import","LocationAccuracy":"exact","Capacity":"5","CapacityUnits":"mtpa","CapacityMapScale":116500.0,"Tracker":"GGIT-LNG"}},{"type":"Feature","geometry":{"type":"Point","coordinates":[118.541145,38.938745]},"properties":{"PipelineName":"Tangshan LNG Terminal (Xintian)","SegmentName":"Unit Phase 3","Status":"construction","Wiki":"https://www.gem.wiki/Tangshan_LNG_Terminal_(Xintian)","ProjectID":"T100000130811","UnitID":"G100002081102","CountriesOrAreas":"China","StartState/Province":"Hebei","StartLocation":"Hebei, China","Owner":"Caofeidian Xintian LNG Co Ltd [100%]","Operator":"","StartYear1":"","FuelType":"LNG","FacilityType":"import","LocationAccuracy":"exact","Capacity":"2","CapacityUnits":"mtpa","CapacityMapScale":46600.0,"Tracker":"GGIT-LNG"}},{"type":"Feature","geometry":{"type":"Point","coordinates":[115.2094864,-8.746306]},"properties":{"PipelineName":"Tanjung Benoa FSRU","SegmentName":"","Status":"operating","Wiki":"https://www.gem.wiki/Tanjung_Benoa_FSRU","ProjectID":"T100000130276","UnitID":"G100002027600","CountriesOrAreas":"Indonesia","StartState/Province":"Badung, Bali","StartLocation":"Badung, Bali, Indonesia","Owner":"PT Pelabuhan Indonesia [100%]","Operator":"JSK Group; PT Pelindo Energi Logistik; PT Pelindo III","StartYear1":"2016","FuelType":"LNG","FacilityType":"import","LocationAccuracy":"exact","Capacity":"0.4","CapacityUnits":"mtpa","CapacityMapScale":9320.0,"Tracker":"GGIT-LNG"}},{"type":"Feature","geometry":{"type":"Point","coordinates":[39.708889,-9.96]},"properties":{"PipelineName":"Tanzania LNG Terminal","SegmentName":"Unit T1","Status":"proposed","Wiki":"https://www.gem.wiki/Tanzania_LNG_Terminal","ProjectID":"T100000130263","UnitID":"G100002026301","CountriesOrAreas":"Tanzania","StartState/Province":"Lindi","StartLocation":"Lindi, Tanzania","Owner":"Equinor ASA [32.5%]; Shell PLC [30%]; Exxon Mobil Corp [17.5%]; Pavilion Energy [10%]; PT Medco Energi Internasional Tbk [10%]; Tanzania Petroleum Development Corp","Operator":"Equinor; Shell","StartYear1":"","FuelType":"LNG","FacilityType":"export","LocationAccuracy":"exact","Capacity":"5","CapacityUnits":"mtpa","CapacityMapScale":116500.0,"Tracker":"GGIT-LNG"}},{"type":"Feature","geometry":{"type":"Point","coordinates":[39.708889,-9.96]},"properties":{"PipelineName":"Tanzania LNG Terminal","SegmentName":"Unit T2","Status":"proposed","Wiki":"https://www.gem.wiki/Tanzania_LNG_Terminal","ProjectID":"T100000130263","UnitID":"G100002026302","CountriesOrAreas":"Tanzania","StartState/Province":"Lindi","StartLocation":"Lindi, Tanzania","Owner":"Equinor ASA [32.5%]; Shell PLC [30%]; Exxon Mobil Corp [17.5%]; Pavilion Energy [10%]; PT Medco Energi Internasional Tbk [10%]; Tanzania Petroleum Development Corp","Operator":"Equinor; Shell","StartYear1":"","FuelType":"LNG","FacilityType":"export","LocationAccuracy":"exact","Capacity":"5","CapacityUnits":"mtpa","CapacityMapScale":116500.0,"Tracker":"GGIT-LNG"}},{"type":"Feature","geometry":{"type":"Point","coordinates":[121.060884,25.045533]},"properties":{"PipelineName":"Taoyuan LNG Terminal","SegmentName":"Unit Phase 1","Status":"operating","Wiki":"https://www.gem.wiki/Taoyuan_LNG_Terminal","ProjectID":"T100000130318","UnitID":"G100002031800","CountriesOrAreas":"Taiwan","StartState/Province":"Taoyuan","StartLocation":"Taoyuan, Taiwan","Owner":"CPC Corporation Taiwan [100%]","Operator":"","StartYear1":"2025","FuelType":"LNG","FacilityType":"import","LocationAccuracy":"exact","Capacity":"3","CapacityUnits":"mtpa","CapacityMapScale":69900.0,"Tracker":"GGIT-LNG"}},{"type":"Feature","geometry":{"type":"Point","coordinates":[121.060884,25.045533]},"properties":{"PipelineName":"Taoyuan LNG Terminal","SegmentName":"Unit Phase 2","Status":"proposed","Wiki":"https://www.gem.wiki/Taoyuan_LNG_Terminal","ProjectID":"T100000130318","UnitID":"G100002031801","CountriesOrAreas":"Taiwan","StartState/Province":"Taoyuan","StartLocation":"Taoyuan, Taiwan","Owner":"CPC Corporation Taiwan [100%]","Operator":"","StartYear1":"","FuelType":"LNG","FacilityType":"import","LocationAccuracy":"exact","Capacity":"3","CapacityUnits":"mtpa","CapacityMapScale":69900.0,"Tracker":"GGIT-LNG"}},{"type":"Feature","geometry":{"type":"Point","coordinates":[174.034784,-39.058156]},"properties":{"PipelineName":"Taranaki LNG Terminal","SegmentName":"","Status":"proposed","Wiki":"https://www.gem.wiki/Taranaki_LNG_Terminal","ProjectID":"T100001083374","UnitID":"G100001094188","CountriesOrAreas":"New Zealand","StartState/Province":"","StartLocation":"New Zealand","Owner":"","Operator":"","StartYear1":"","FuelType":"LNG","FacilityType":"import","LocationAccuracy":"approximate","Capacity":"","CapacityUnits":"","CapacityMapScale":"","Tracker":"GGIT-LNG"}},{"type":"Feature","geometry":{"type":"Point","coordinates":[17.2200445,40.4776981]},"properties":{"PipelineName":"Taranto LNG Terminal","SegmentName":"","Status":"proposed","Wiki":"https://www.gem.wiki/Taranto_LNG_Terminal","ProjectID":"T100001084182","UnitID":"G100001095559","CountriesOrAreas":"Italy","StartState/Province":"","StartLocation":"Italy","Owner":"Terminale di regasificazione GNL Taranto SPRL [100%]","Operator":"","StartYear1":"","FuelType":"LNG","FacilityType":"import","LocationAccuracy":"approximate","Capacity":"12","CapacityUnits":"bcm/y","CapacityMapScale":205506.0,"Tracker":"GGIT-LNG"}},{"type":"Feature","geometry":{"type":"Point","coordinates":[130.2960983,-10.0512327]},"properties":{"PipelineName":"Tassie Shoal LNG Terminal","SegmentName":"","Status":"shelved","Wiki":"https://www.gem.wiki/Tassie_Shoal_LNG_Terminal","ProjectID":"T100000130343","UnitID":"G100002034301","CountriesOrAreas":"Australia","StartState/Province":"Northern Territory","StartLocation":"Northern Territory, Australia","Owner":"Melbana Energy Ltd [100%]","Operator":"","StartYear1":"","FuelType":"LNG","FacilityType":"export","LocationAccuracy":"approximate","Capacity":"3","CapacityUnits":"mtpa","CapacityMapScale":69900.0,"Tracker":"GGIT-LNG"}},{"type":"Feature","geometry":{"type":"Point","coordinates":[-1.2271701,54.5835827]},"properties":{"PipelineName":"Teesside GasPort FSRU","SegmentName":"","Status":"retired","Wiki":"https://www.gem.wiki/Teesside_GasPort_FSRU","ProjectID":"T100000130559","UnitID":"G100002055900","CountriesOrAreas":"United Kingdom","StartState/Province":"","StartLocation":"United Kingdom","Owner":"Trafigura Ltd [100%]","Operator":"","StartYear1":"2007","FuelType":"LNG","FacilityType":"import","LocationAccuracy":"approximate","Capacity":"3","CapacityUnits":"mtpa","CapacityMapScale":69900.0,"Tracker":"GGIT-LNG"}},{"type":"Feature","geometry":{"type":"Point","coordinates":[-1.2271701,54.5835827]},"properties":{"PipelineName":"Teesside GasPort FSRU","SegmentName":"Unit Recommissioned Project","Status":"proposed","Wiki":"https://www.gem.wiki/Teesside_GasPort_FSRU","ProjectID":"T100000130559","UnitID":"G100002055901","CountriesOrAreas":"United Kingdom","StartState/Province":"","StartLocation":"United Kingdom","Owner":"Trafigura Ltd [100%]","Operator":"","StartYear1":"","FuelType":"LNG","FacilityType":"import","LocationAccuracy":"approximate","Capacity":"6","CapacityUnits":"bcm/y","CapacityMapScale":102753.0,"Tracker":"GGIT-LNG"}},{"type":"Feature","geometry":{"type":"Point","coordinates":[-1.1518693,54.6136849]},"properties":{"PipelineName":"Teesside WaveCrest LNG Terminal","SegmentName":"","Status":"proposed","Wiki":"https://www.gem.wiki/Teesside_WaveCrest_LNG_Terminal","ProjectID":"T100000131171","UnitID":"G100002117100","CountriesOrAreas":"United Kingdom","StartState/Province":"","StartLocation":"United Kingdom","Owner":"WaveCrest Energy LLC [100%]","Operator":"WaveCrest Energy","StartYear1":"","FuelType":"LNG","FacilityType":"import","LocationAccuracy":"approximate","Capacity":"6","CapacityUnits":"mtpa","CapacityMapScale":139800.0,"Tracker":"GGIT-LNG"}},{"type":"Feature","geometry":{"type":"Point","coordinates":[-79.898611,9.357222]},"properties":{"PipelineName":"Telfers FSRU","SegmentName":"","Status":"cancelled","Wiki":"https://www.gem.wiki/Telfers_FSRU","ProjectID":"T100000130854","UnitID":"G100002085401","CountriesOrAreas":"Panama","StartState/Province":"Colon","StartLocation":"Colon, Panama","Owner":"LNG Group Panama SA [100%]","Operator":"","StartYear1":"","FuelType":"LNG","FacilityType":"import","LocationAccuracy":"approximate","Capacity":"","CapacityUnits":"","CapacityMapScale":"","Tracker":"GGIT-LNG"}},{"type":"Feature","geometry":{"type":"Point","coordinates":[112.669148,-7.2038832]},"properties":{"PipelineName":"Teluk Lamong LNG Terminal","SegmentName":"","Status":"construction","Wiki":"https://www.gem.wiki/Teluk_Lamong_LNG_Terminal","ProjectID":"T100000130698","UnitID":"G100002069800","CountriesOrAreas":"Indonesia","StartState/Province":"East Java","StartLocation":"East Java, Indonesia","Owner":"PT Pelindo III; PT Pertamina Gas Negara Tbk","Operator":"","StartYear1":"","FuelType":"LNG","FacilityType":"import","LocationAccuracy":"exact","Capacity":"0.3","CapacityUnits":"mtpa","CapacityMapScale":6990.0,"Tracker":"GGIT-LNG"}},{"type":"Feature","geometry":{"type":"Point","coordinates":[0.021866,5.626171]},"properties":{"PipelineName":"Tema FSRU","SegmentName":"","Status":"operating","Wiki":"https://www.gem.wiki/Tema_FSRU","ProjectID":"T100000130253","UnitID":"G100002025300","CountriesOrAreas":"Ghana","StartState/Province":"Accra","StartLocation":"Accra, Ghana","Owner":"Tema LNG Terminal Co Ltd [100%]","Operator":"Reganosa Servicios","StartYear1":"2023","FuelType":"LNG","FacilityType":"import","LocationAccuracy":"approximate","Capacity":"1.7","CapacityUnits":"mtpa","CapacityMapScale":39610.0,"Tracker":"GGIT-LNG"}},{"type":"Feature","geometry":{"type":"Point","coordinates":[-16.566667,28.116667]},"properties":{"PipelineName":"Tenerife LNG Terminal","SegmentName":"","Status":"cancelled","Wiki":"https://www.gem.wiki/Tenerife_LNG_Terminal","ProjectID":"T100000130537","UnitID":"G100002053700","CountriesOrAreas":"Spain","StartState/Province":"Santa Cruz de Tenerife","StartLocation":"Santa Cruz de Tenerife, Spain","Owner":"Enagás SA [100%]","Operator":"","StartYear1":"","FuelType":"LNG","FacilityType":"import","LocationAccuracy":"approximate","Capacity":"1.3","CapacityUnits":"bcm/y","CapacityMapScale":22263.2,"Tracker":"GGIT-LNG"}},{"type":"Feature","geometry":{"type":"Point","coordinates":[-41.72313,-22.323277]},"properties":{"PipelineName":"Tepor Macaé FSRU","SegmentName":"","Status":"proposed","Wiki":"https://www.gem.wiki/Tepor_Maca%C3%A9_FSRU","ProjectID":"T100000130937","UnitID":"G100002093700","CountriesOrAreas":"Brazil","StartState/Province":"Rio de Janeiro","StartLocation":"Rio de Janeiro, Brazil","Owner":"Eneva [TO BE DELETED] [65%]; Grupo Vale Azul Participações [35%]","Operator":"","StartYear1":"","FuelType":"LNG","FacilityType":"import","LocationAccuracy":"approximate","Capacity":"7.67","CapacityUnits":"bcm/y","CapacityMapScale":131352.6,"Tracker":"GGIT-LNG"}},{"type":"Feature","geometry":{"type":"Point","coordinates":[-52.106161,-32.118353]},"properties":{"PipelineName":"Tergás Rio Grande LNG Terminal","SegmentName":"","Status":"shelved","Wiki":"https://www.gem.wiki/Tergás_Rio_Grande_LNG_Terminal","ProjectID":"T100000130989","UnitID":"G100002098900","CountriesOrAreas":"Brazil","StartState/Province":"Rio Grande do Sul","StartLocation":"Rio Grande do Sul, Brazil","Owner":"Grupo Cobra [TO BE DELETED] [100%]","Operator":"","StartYear1":"","FuelType":"LNG","FacilityType":"import","LocationAccuracy":"approximate","Capacity":"2.19","CapacityUnits":"bcm/y","CapacityMapScale":37504.8,"Tracker":"GGIT-LNG"}},{"type":"Feature","geometry":{"type":"Point","coordinates":[-48.564278,-26.173843]},"properties":{"PipelineName":"Terminal Gás Sul FSRU","SegmentName":"","Status":"idled","Wiki":"https://www.gem.wiki/Terminal_G%C3%A1s_Sul_FSRU","ProjectID":"T100000130938","UnitID":"G100002093800","CountriesOrAreas":"Brazil","StartState/Province":"Santa Catarina","StartLocation":"Santa Catarina, Brazil","Owner":"New Fortress Energy Inc [100%]","Operator":"Energos; New Fortress Energy","StartYear1":"2024","FuelType":"LNG","FacilityType":"import","LocationAccuracy":"exact","Capacity":"6","CapacityUnits":"mtpa","CapacityMapScale":139800.0,"Tracker":"GGIT-LNG"}},{"type":"Feature","geometry":{"type":"Point","coordinates":[3.84763,51.345151]},"properties":{"PipelineName":"Terneuzen FSRU","SegmentName":"","Status":"cancelled","Wiki":"https://www.gem.wiki/Terneuzen_FSRU","ProjectID":"T100000131100","UnitID":"G100002110000","CountriesOrAreas":"Netherlands","StartState/Province":"","StartLocation":"Netherlands","Owner":"Nederlandse Gasunie NV [100%]","Operator":"","StartYear1":"","FuelType":"LNG","FacilityType":"import","LocationAccuracy":"approximate","Capacity":"","CapacityUnits":"","CapacityMapScale":"","Tracker":"GGIT-LNG"}},{"type":"Feature","geometry":{"type":"Point","coordinates":[-124.416667,49.666667]},"properties":{"PipelineName":"Texada LNG Terminal","SegmentName":"","Status":"cancelled","Wiki":"https://www.gem.wiki/Texada_LNG_Terminal","ProjectID":"T100000130369","UnitID":"G100002036900","CountriesOrAreas":"Canada","StartState/Province":"British Columbia","StartLocation":"British Columbia, Canada","Owner":"WestPac LNG Corp [100%]","Operator":"","StartYear1":"","FuelType":"LNG","FacilityType":"import","LocationAccuracy":"approximate","Capacity":"3.8","CapacityUnits":"mtpa","CapacityMapScale":88540.0,"Tracker":"GGIT-LNG"}},{"type":"Feature","geometry":{"type":"Point","coordinates":[-95.287247,28.368041]},"properties":{"PipelineName":"Texas Crude Offshore Loading Terminal","SegmentName":"","Status":"cancelled","Wiki":"https://www.gem.wiki/Texas_Crude_Offshore_Loading_Terminal","ProjectID":"T100000130737","UnitID":"G100002073700","CountriesOrAreas":"United States","StartState/Province":"Texas","StartLocation":"Texas, United States","Owner":"Enbridge Inc; Oiltanking GmbH","Operator":"","StartYear1":"","FuelType":"Oil","FacilityType":"export","LocationAccuracy":"approximate","Capacity":"2000000","CapacityUnits":"bpd","CapacityMapScale":2000000.0,"Tracker":"GGIT-LNG"}},{"type":"Feature","geometry":{"type":"Point","coordinates":[-94.5821725,28.4943866]},"properties":{"PipelineName":"Texas GulfLink Deepwater Port","SegmentName":"","Status":"proposed","Wiki":"https://www.gem.wiki/Texas_GulfLink_Deepwater_Port","ProjectID":"T100000130994","UnitID":"G100002099401","CountriesOrAreas":"United States","StartState/Province":"Texas","StartLocation":"Texas, United States","Owner":"Texas Gulflink LLC [100%]","Operator":"","StartYear1":"","FuelType":"Oil","FacilityType":"export","LocationAccuracy":"exact","Capacity":"1100000","CapacityUnits":"bpd","CapacityMapScale":1100000.0,"Tracker":"GGIT-LNG"}},{"type":"Feature","geometry":{"type":"Point","coordinates":[-96.485347,27.664842]},"properties":{"PipelineName":"Texas Gulf Terminals","SegmentName":"","Status":"cancelled","Wiki":"https://www.gem.wiki/Texas_Gulf_Terminals","ProjectID":"T100000130738","UnitID":"G100002073800","CountriesOrAreas":"United States","StartState/Province":"Texas","StartLocation":"Texas, United States","Owner":"Trafigura Ltd [100%]","Operator":"","StartYear1":"","FuelType":"Oil","FacilityType":"export","LocationAccuracy":"approximate","Capacity":"2000000","CapacityUnits":"bpd","CapacityMapScale":2000000.0,"Tracker":"GGIT-LNG"}},{"type":"Feature","geometry":{"type":"Point","coordinates":[-97.2858694,26.0047622]},"properties":{"PipelineName":"Texas LNG Terminal","SegmentName":"Unit T1-T2","Status":"proposed","Wiki":"https://www.gem.wiki/Texas_LNG_Terminal","ProjectID":"T100000130238","UnitID":"G100002023801","CountriesOrAreas":"United States","StartState/Province":"Texas","StartLocation":"Texas, United States","Owner":"Texas LNG Brownsville LLC [100%]","Operator":"Texas LNG Brownsville","StartYear1":"","FuelType":"LNG","FacilityType":"export","LocationAccuracy":"approximate","Capacity":"4","CapacityUnits":"mtpa","CapacityMapScale":93200.0,"Tracker":"GGIT-LNG"}},{"type":"Feature","geometry":{"type":"Point","coordinates":[-44.37844,-2.670234]},"properties":{"PipelineName":"TGNL São Luis FSRU","SegmentName":"","Status":"proposed","Wiki":"https://www.gem.wiki/TGNL_São_Luis_FSRU","ProjectID":"T100001054266","UnitID":"G100001062109","CountriesOrAreas":"Brazil","StartState/Province":"Maranhão","StartLocation":"Maranhão, Brazil","Owner":"Lyon Capital Partners [100%]","Operator":"LC Terminais Portuários","StartYear1":"","FuelType":"LNG","FacilityType":"import","LocationAccuracy":"approximate","Capacity":"8.69","CapacityUnits":"bcm/y","CapacityMapScale":148820.6,"Tracker":"GGIT-LNG"}},{"type":"Feature","geometry":{"type":"Point","coordinates":[-62.299546,-38.784331]},"properties":{"PipelineName":"TGS Puerto Galván LNG Terminal","SegmentName":"Unit Stage 2","Status":"proposed","Wiki":"https://www.gem.wiki/TGS_Puerto_Galv%C3%A1n_LNG_Terminal","ProjectID":"T100000131177","UnitID":"G100001054414","CountriesOrAreas":"Argentina","StartState/Province":"Buenos Aires","StartLocation":"Buenos Aires, Argentina","Owner":"Transportadora de Gas del Sur SA [100%]","Operator":"Transportadora de Gas del Sur","StartYear1":"","FuelType":"LNG","FacilityType":"export","LocationAccuracy":"approximate","Capacity":"2.9","CapacityUnits":"mtpa","CapacityMapScale":67570.0,"Tracker":"GGIT-LNG"}},{"type":"Feature","geometry":{"type":"Point","coordinates":[-62.299546,-38.784331]},"properties":{"PipelineName":"TGS Puerto Galván LNG Terminal","SegmentName":"Unit Stage 1","Status":"proposed","Wiki":"https://www.gem.wiki/TGS_Puerto_Galv%C3%A1n_LNG_Terminal","ProjectID":"T100000131177","UnitID":"G100002117700","CountriesOrAreas":"Argentina","StartState/Province":"Buenos Aires","StartLocation":"Buenos Aires, Argentina","Owner":"Transportadora de Gas del Sur SA [100%]","Operator":"Transportadora de Gas del Sur","StartYear1":"","FuelType":"LNG","FacilityType":"export","LocationAccuracy":"approximate","Capacity":"2.5","CapacityUnits":"mtpa","CapacityMapScale":58250.0,"Tracker":"GGIT-LNG"}},{"type":"Feature","geometry":{"type":"Point","coordinates":[106.60887,20.45638]},"properties":{"PipelineName":"Thai Binh FSRU","SegmentName":"","Status":"construction","Wiki":"https://www.gem.wiki/Thai_Binh_FSRU","ProjectID":"T100000131073","UnitID":"G100002107300","CountriesOrAreas":"Vietnam","StartState/Province":"Thai Binh Province","StartLocation":"Thai Binh Province, Vietnam","Owner":"Thai Binh LNG Power JSC [100%]","Operator":"Thai Binh LNG Power","StartYear1":"","FuelType":"LNG","FacilityType":"import","LocationAccuracy":"approximate","Capacity":"1","CapacityUnits":"mtpa","CapacityMapScale":23300.0,"Tracker":"GGIT-LNG"}},{"type":"Feature","geometry":{"type":"Point","coordinates":[22.813117,40.5065586]},"properties":{"PipelineName":"Thessaloniki FSRU","SegmentName":"","Status":"proposed","Wiki":"https://www.gem.wiki/Thessaloniki_FSRU","ProjectID":"T100000131010","UnitID":"G100002101000","CountriesOrAreas":"Greece","StartState/Province":"","StartLocation":"Greece","Owner":"Enerwave SA [100%]","Operator":"Enerwave","StartYear1":"","FuelType":"LNG","FacilityType":"import","LocationAccuracy":"approximate","Capacity":"5.16","CapacityUnits":"bcm/y","CapacityMapScale":88367.6,"Tracker":"GGIT-LNG"}},{"type":"Feature","geometry":{"type":"Point","coordinates":[96.2668211,16.6181383]},"properties":{"PipelineName":"Thilawa LNG Terminal","SegmentName":"","Status":"cancelled","Wiki":"https://www.gem.wiki/Thilawa_LNG_Terminal","ProjectID":"T100000131065","UnitID":"G100002106500","CountriesOrAreas":"Myanmar","StartState/Province":"","StartLocation":"Myanmar","Owner":"Eden Group; Marubeni Corp; Mitsui & Co Ltd; Sumitomo Corp","Operator":"","StartYear1":"","FuelType":"LNG","FacilityType":"import","LocationAccuracy":"approximate","Capacity":"","CapacityUnits":"","CapacityMapScale":"","Tracker":"GGIT-LNG"}},{"type":"Feature","geometry":{"type":"Point","coordinates":[107.0275354,10.526288]},"properties":{"PipelineName":"Thi Vai LNG Terminal","SegmentName":"Unit Vung Tau FSRU","Status":"proposed","Wiki":"https://www.gem.wiki/Thi_Vai_LNG_Terminal","ProjectID":"T100000130323","UnitID":"G100001070375","CountriesOrAreas":"Vietnam","StartState/Province":"Bà Rịa–Vũng Tàu","StartLocation":"Bà Rịa–Vũng Tàu, Vietnam","Owner":"LNG Vietnam [100%]","Operator":"LNG Vietnam","StartYear1":"","FuelType":"LNG","FacilityType":"import","LocationAccuracy":"exact","Capacity":"5.11","CapacityUnits":"bcm/y","CapacityMapScale":87511.3,"Tracker":"GGIT-LNG"}},{"type":"Feature","geometry":{"type":"Point","coordinates":[107.0275354,10.526288]},"properties":{"PipelineName":"Thi Vai LNG Terminal","SegmentName":"Unit Phase 1","Status":"operating","Wiki":"https://www.gem.wiki/Thi_Vai_LNG_Terminal","ProjectID":"T100000130323","UnitID":"G100002032300","CountriesOrAreas":"Vietnam","StartState/Province":"Bà Rịa–Vũng Tàu","StartLocation":"Bà Rịa–Vũng Tàu, Vietnam","Owner":"LNG Vietnam [100%]","Operator":"LNG Vietnam","StartYear1":"2023","FuelType":"LNG","FacilityType":"import","LocationAccuracy":"exact","Capacity":"9.5","CapacityUnits":"","CapacityMapScale":"","Tracker":"GGIT-LNG"}},{"type":"Feature","geometry":{"type":"Point","coordinates":[107.0275354,10.526288]},"properties":{"PipelineName":"Thi Vai LNG Terminal","SegmentName":"Unit Phase 2","Status":"proposed","Wiki":"https://www.gem.wiki/Thi_Vai_LNG_Terminal","ProjectID":"T100000130323","UnitID":"G100002032301","CountriesOrAreas":"Vietnam","StartState/Province":"Bà Rịa–Vũng Tàu","StartLocation":"Bà Rịa–Vũng Tàu, Vietnam","Owner":"LNG Vietnam [100%]","Operator":"LNG Vietnam","StartYear1":"","FuelType":"LNG","FacilityType":"import","LocationAccuracy":"exact","Capacity":"2","CapacityUnits":"mtpa","CapacityMapScale":46600.0,"Tracker":"GGIT-LNG"}},{"type":"Feature","geometry":{"type":"Point","coordinates":[25.718754,40.748354]},"properties":{"PipelineName":"Thrace FSRU","SegmentName":"","Status":"proposed","Wiki":"https://www.gem.wiki/Thrace_FSRU","ProjectID":"T100000131006","UnitID":"G100002100600","CountriesOrAreas":"Greece","StartState/Province":"","StartLocation":"Greece","Owner":"Gastrade AE [100%]","Operator":"","StartYear1":"","FuelType":"LNG","FacilityType":"import","LocationAccuracy":"approximate","Capacity":"6","CapacityUnits":"bcm/y","CapacityMapScale":102753.0,"Tracker":"GGIT-LNG"}},{"type":"Feature","geometry":{"type":"Point","coordinates":[117.714095,38.738256]},"properties":{"PipelineName":"Tianjin LNG Terminal (Beijing Gas Group)","SegmentName":"Unit Phase 1","Status":"operating","Wiki":"https://www.gem.wiki/Tianjin_LNG_Terminal_(Beijing_Gas_Group)","ProjectID":"T100000130859","UnitID":"G100002085900","CountriesOrAreas":"China","StartState/Province":"Tianjin","StartLocation":"Tianjin, China","Owner":"Beijing Gas Group (Tianjin) Liquefied Natural Gas Co Ltd","Operator":"","StartYear1":"2023","FuelType":"LNG","FacilityType":"import","LocationAccuracy":"exact","Capacity":"","CapacityUnits":"","CapacityMapScale":"","Tracker":"GGIT-LNG"}},{"type":"Feature","geometry":{"type":"Point","coordinates":[117.714095,38.738256]},"properties":{"PipelineName":"Tianjin LNG Terminal (Beijing Gas Group)","SegmentName":"Unit Phase 2","Status":"operating","Wiki":"https://www.gem.wiki/Tianjin_LNG_Terminal_(Beijing_Gas_Group)","ProjectID":"T100000130859","UnitID":"G100002085901","CountriesOrAreas":"China","StartState/Province":"Tianjin","StartLocation":"Tianjin, China","Owner":"Beijing Gas Group (Tianjin) Liquefied Natural Gas Co Ltd","Operator":"","StartYear1":"2024","FuelType":"LNG","FacilityType":"import","LocationAccuracy":"exact","Capacity":"","CapacityUnits":"","CapacityMapScale":"","Tracker":"GGIT-LNG"}},{"type":"Feature","geometry":{"type":"Point","coordinates":[117.714095,38.738256]},"properties":{"PipelineName":"Tianjin LNG Terminal (Beijing Gas Group)","SegmentName":"Unit Phase 3","Status":"operating","Wiki":"https://www.gem.wiki/Tianjin_LNG_Terminal_(Beijing_Gas_Group)","ProjectID":"T100000130859","UnitID":"G100002085902","CountriesOrAreas":"China","StartState/Province":"Tianjin","StartLocation":"Tianjin, China","Owner":"Beijing Gas Group (Tianjin) Liquefied Natural Gas Co Ltd","Operator":"","StartYear1":"2024","FuelType":"LNG","FacilityType":"import","LocationAccuracy":"exact","Capacity":"","CapacityUnits":"","CapacityMapScale":"","Tracker":"GGIT-LNG"}},{"type":"Feature","geometry":{"type":"Point","coordinates":[117.7875,38.975833]},"properties":{"PipelineName":"Tianjin LNG Terminal (PipeChina)","SegmentName":"Unit Phase 1 replacement","Status":"operating","Wiki":"https://www.gem.wiki/Tianjin_LNG_Terminal_(PipeChina)","ProjectID":"T100000130410","UnitID":"G100001054350","CountriesOrAreas":"China","StartState/Province":"Tianjin","StartLocation":"Tianjin, China","Owner":"CNOOC Tianjin LNG Ltd Co [100%]","Operator":"","StartYear1":"2018","FuelType":"LNG","FacilityType":"import","LocationAccuracy":"exact","Capacity":"","CapacityUnits":"","CapacityMapScale":"","Tracker":"GGIT-LNG"}},{"type":"Feature","geometry":{"type":"Point","coordinates":[117.7875,38.975833]},"properties":{"PipelineName":"Tianjin LNG Terminal (PipeChina)","SegmentName":"Unit Phase 1","Status":"retired","Wiki":"https://www.gem.wiki/Tianjin_LNG_Terminal_(PipeChina)","ProjectID":"T100000130410","UnitID":"G100002041000","CountriesOrAreas":"China","StartState/Province":"Tianjin","StartLocation":"Tianjin, China","Owner":"CNOOC Tianjin LNG Ltd Co [100%]","Operator":"","StartYear1":"2014","FuelType":"LNG","FacilityType":"import","LocationAccuracy":"exact","Capacity":"2.2","CapacityUnits":"mtpa","CapacityMapScale":51260.0,"Tracker":"GGIT-LNG"}},{"type":"Feature","geometry":{"type":"Point","coordinates":[117.7875,38.975833]},"properties":{"PipelineName":"Tianjin LNG Terminal (PipeChina)","SegmentName":"Unit Phase 2","Status":"operating","Wiki":"https://www.gem.wiki/Tianjin_LNG_Terminal_(PipeChina)","ProjectID":"T100000130410","UnitID":"G100002041001","CountriesOrAreas":"China","StartState/Province":"Tianjin","StartLocation":"Tianjin, China","Owner":"CNOOC Tianjin LNG Ltd Co [100%]","Operator":"","StartYear1":"2024","FuelType":"LNG","FacilityType":"import","LocationAccuracy":"exact","Capacity":"12","CapacityUnits":"mtpa","CapacityMapScale":279600.0,"Tracker":"GGIT-LNG"}},{"type":"Feature","geometry":{"type":"Point","coordinates":[117.7875,38.975833]},"properties":{"PipelineName":"Tianjin LNG Terminal (PipeChina)","SegmentName":"Unit Phase 3","Status":"construction","Wiki":"https://www.gem.wiki/Tianjin_LNG_Terminal_(PipeChina)","ProjectID":"T100000130410","UnitID":"G100002041002","CountriesOrAreas":"China","StartState/Province":"Tianjin","StartLocation":"Tianjin, China","Owner":"CNOOC Tianjin LNG Ltd Co [100%]","Operator":"","StartYear1":"","FuelType":"LNG","FacilityType":"import","LocationAccuracy":"exact","Capacity":"","CapacityUnits":"","CapacityMapScale":"","Tracker":"GGIT-LNG"}},{"type":"Feature","geometry":{"type":"Point","coordinates":[117.714895,38.749154]},"properties":{"PipelineName":"Tianjin LNG Terminal (Sinopec)","SegmentName":"Unit Phase 1","Status":"operating","Wiki":"https://www.gem.wiki/Tianjin_LNG_Terminal_(Sinopec)","ProjectID":"T100000130411","UnitID":"G100002041100","CountriesOrAreas":"China","StartState/Province":"Tianjin","StartLocation":"Tianjin, China","Owner":"Sinopec Tianjin LNG Co Ltd [100%]","Operator":"","StartYear1":"2018","FuelType":"LNG","FacilityType":"import","LocationAccuracy":"exact","Capacity":"6","CapacityUnits":"mtpa","CapacityMapScale":139800.0,"Tracker":"GGIT-LNG"}},{"type":"Feature","geometry":{"type":"Point","coordinates":[117.714895,38.749154]},"properties":{"PipelineName":"Tianjin LNG Terminal (Sinopec)","SegmentName":"Unit Phase 2","Status":"operating","Wiki":"https://www.gem.wiki/Tianjin_LNG_Terminal_(Sinopec)","ProjectID":"T100000130411","UnitID":"G100002041101","CountriesOrAreas":"China","StartState/Province":"Tianjin","StartLocation":"Tianjin, China","Owner":"Sinopec Tianjin LNG Co Ltd [100%]","Operator":"","StartYear1":"2023","FuelType":"LNG","FacilityType":"import","LocationAccuracy":"exact","Capacity":"4.8","CapacityUnits":"mtpa","CapacityMapScale":111840.0,"Tracker":"GGIT-LNG"}},{"type":"Feature","geometry":{"type":"Point","coordinates":[117.714895,38.749154]},"properties":{"PipelineName":"Tianjin LNG Terminal (Sinopec)","SegmentName":"Unit Phase 3 (Stage 1 & 2)","Status":"construction","Wiki":"https://www.gem.wiki/Tianjin_LNG_Terminal_(Sinopec)","ProjectID":"T100000130411","UnitID":"G100002041102","CountriesOrAreas":"China","StartState/Province":"Tianjin","StartLocation":"Tianjin, China","Owner":"Sinopec Tianjin LNG Co Ltd [100%]","Operator":"","StartYear1":"","FuelType":"LNG","FacilityType":"import","LocationAccuracy":"exact","Capacity":"0.85","CapacityUnits":"mtpa","CapacityMapScale":19805.0,"Tracker":"GGIT-LNG"}},{"type":"Feature","geometry":{"type":"Point","coordinates":[106.709,10.448]},"properties":{"PipelineName":"Tien Giang LNG Terminal","SegmentName":"","Status":"cancelled","Wiki":"https://www.gem.wiki/Tien_Giang_LNG_Terminal","ProjectID":"T100000131074","UnitID":"G100002107400","CountriesOrAreas":"Vietnam","StartState/Province":"Tien Giang Province","StartLocation":"Tien Giang Province, Vietnam","Owner":"","Operator":"","StartYear1":"","FuelType":"LNG","FacilityType":"import","LocationAccuracy":"approximate","Capacity":"6","CapacityUnits":"mtpa","CapacityMapScale":139800.0,"Tracker":"GGIT-LNG"}},{"type":"Feature","geometry":{"type":"Point","coordinates":[106.7137204,20.6708553]},"properties":{"PipelineName":"Tien Lang FSRU","SegmentName":"","Status":"cancelled","Wiki":"https://www.gem.wiki/Tien_Lang_FSRU","ProjectID":"T100000131076","UnitID":"G100002107600","CountriesOrAreas":"Vietnam","StartState/Province":"","StartLocation":"Vietnam","Owner":"Exxon Mobil Corp [50%]; Chubu Electric Power Co Inc [25%]; Tokyo Electric Power Co [25%]","Operator":"","StartYear1":"","FuelType":"LNG","FacilityType":"import","LocationAccuracy":"approximate","Capacity":"","CapacityUnits":"","CapacityMapScale":"","Tracker":"GGIT-LNG"}},{"type":"Feature","geometry":{"type":"Point","coordinates":[115.4960853,5.0404285]},"properties":{"PipelineName":"Tiga FLNG Terminal","SegmentName":"","Status":"construction","Wiki":"https://www.gem.wiki/Tiga_FLNG_Terminal","ProjectID":"T100000131063","UnitID":"G100002106301","CountriesOrAreas":"Malaysia","StartState/Province":"Sabah","StartLocation":"Sabah, Malaysia","Owner":"Petronas PFLNG 3 Sdn Bhd [100%]","Operator":"","StartYear1":"","FuelType":"LNG","FacilityType":"export","LocationAccuracy":"exact","Capacity":"2","CapacityUnits":"mtpa","CapacityMapScale":46600.0,"Tracker":"GGIT-LNG"}},{"type":"Feature","geometry":{"type":"Point","coordinates":[-123.0340825,49.1425108]},"properties":{"PipelineName":"Tilbury Island LNG Terminal","SegmentName":"Unit Original Facility","Status":"operating","Wiki":"https://www.gem.wiki/Tilbury_Island_LNG_Terminal","ProjectID":"T100000131044","UnitID":"G100002104401","CountriesOrAreas":"Canada","StartState/Province":"British Columbia","StartLocation":"British Columbia, Canada","Owner":"FortisBC Energy Inc [100%]","Operator":"FortisBC Energy","StartYear1":"1971","FuelType":"LNG","FacilityType":"export","LocationAccuracy":"exact","Capacity":"0.04","CapacityUnits":"bcm/y","CapacityMapScale":685.0,"Tracker":"GGIT-LNG"}},{"type":"Feature","geometry":{"type":"Point","coordinates":[-123.0340825,49.1425108]},"properties":{"PipelineName":"Tilbury Island LNG Terminal","SegmentName":"Unit Phase 1a Expansion","Status":"operating","Wiki":"https://www.gem.wiki/Tilbury_Island_LNG_Terminal","ProjectID":"T100000131044","UnitID":"G100002104402","CountriesOrAreas":"Canada","StartState/Province":"British Columbia","StartLocation":"British Columbia, Canada","Owner":"FortisBC Energy Inc [100%]","Operator":"FortisBC Energy","StartYear1":"2018","FuelType":"LNG","FacilityType":"export","LocationAccuracy":"exact","Capacity":"0.25","CapacityUnits":"mtpa","CapacityMapScale":5825.0,"Tracker":"GGIT-LNG"}},{"type":"Feature","geometry":{"type":"Point","coordinates":[-123.0340825,49.1425108]},"properties":{"PipelineName":"Tilbury Island LNG Terminal","SegmentName":"Unit Phase 1b Expansion","Status":"operating","Wiki":"https://www.gem.wiki/Tilbury_Island_LNG_Terminal","ProjectID":"T100000131044","UnitID":"G100002104403","CountriesOrAreas":"Canada","StartState/Province":"British Columbia","StartLocation":"British Columbia, Canada","Owner":"FortisBC Energy Inc [100%]","Operator":"FortisBC Energy","StartYear1":"","FuelType":"LNG","FacilityType":"export","LocationAccuracy":"exact","Capacity":"0.65","CapacityUnits":"mtpa","CapacityMapScale":15145.0,"Tracker":"GGIT-LNG"}},{"type":"Feature","geometry":{"type":"Point","coordinates":[-123.0340825,49.1425108]},"properties":{"PipelineName":"Tilbury Island LNG Terminal","SegmentName":"Unit Phase 2 Expansion","Status":"construction","Wiki":"https://www.gem.wiki/Tilbury_Island_LNG_Terminal","ProjectID":"T100000131044","UnitID":"G100002104404","CountriesOrAreas":"Canada","StartState/Province":"British Columbia","StartLocation":"British Columbia, Canada","Owner":"FortisBC Energy Inc [100%]","Operator":"FortisBC Energy","StartYear1":"","FuelType":"LNG","FacilityType":"export","LocationAccuracy":"exact","Capacity":"2.5","CapacityUnits":"mtpa","CapacityMapScale":58250.0,"Tracker":"GGIT-LNG"}},{"type":"Feature","geometry":{"type":"Point","coordinates":[8.693715,63.408456]},"properties":{"PipelineName":"Tjelbergodden LNG Terminal","SegmentName":"","Status":"retired","Wiki":"https://www.gem.wiki/Tjelbergodden_LNG_Terminal","ProjectID":"T100000130726","UnitID":"G100002072601","CountriesOrAreas":"Norway","StartState/Province":"","StartLocation":"Norway","Owner":"Petoro AS [57.8%]; Equinor ASA [19.1%]; ConocoPhillips Corp [18.1%]; Vår Energi AS [5%]","Operator":"","StartYear1":"1997","FuelType":"LNG","FacilityType":"export","LocationAccuracy":"approximate","Capacity":"12000","CapacityUnits":"tpa","CapacityMapScale":"","Tracker":"GGIT-LNG"}},{"type":"Feature","geometry":{"type":"Point","coordinates":[130.86609,33.91818]},"properties":{"PipelineName":"Tobata LNG Terminal","SegmentName":"","Status":"operating","Wiki":"https://www.gem.wiki/Tobata_LNG_Terminal","ProjectID":"T100000130529","UnitID":"G100002052900","CountriesOrAreas":"Japan","StartState/Province":"Kyushu","StartLocation":"Kyushu, Japan","Owner":"Kitakyushu LNG Co Inc [100%]","Operator":"","StartYear1":"1977","FuelType":"LNG","FacilityType":"import","LocationAccuracy":"exact","Capacity":"7.6","CapacityUnits":"mtpa","CapacityMapScale":177080.0,"Tracker":"GGIT-LNG"}},{"type":"Feature","geometry":{"type":"Point","coordinates":[128.4255,34.9474]},"properties":{"PipelineName":"Tongyeong LNG Terminal","SegmentName":"","Status":"operating","Wiki":"https://www.gem.wiki/Tongyoung_LNG_Terminal","ProjectID":"T100000130315","UnitID":"G100002031500","CountriesOrAreas":"South Korea","StartState/Province":"South Gyeongsang","StartLocation":"South Gyeongsang, South Korea","Owner":"Korea Gas Corp [100%]","Operator":"","StartYear1":"2002","FuelType":"LNG","FacilityType":"import","LocationAccuracy":"exact","Capacity":"26.6","CapacityUnits":"mtpa","CapacityMapScale":619780.0,"Tracker":"GGIT-LNG"}},{"type":"Feature","geometry":{"type":"Point","coordinates":[24.152152,65.847366]},"properties":{"PipelineName":"Tornio Manga LNG Terminal","SegmentName":"","Status":"operating","Wiki":"https://www.gem.wiki/Tornio_Manga_LNG_Terminal","ProjectID":"T100000130444","UnitID":"G100002044400","CountriesOrAreas":"Finland","StartState/Province":"","StartLocation":"Finland","Owner":"Manga Terminal Oy [100%]","Operator":"","StartYear1":"2019","FuelType":"LNG","FacilityType":"import","LocationAccuracy":"exact","Capacity":"0.4","CapacityUnits":"mtpa","CapacityMapScale":9320.0,"Tracker":"GGIT-LNG"}},{"type":"Feature","geometry":{"type":"Point","coordinates":[9.988889,43.644444]},"properties":{"PipelineName":"Toscana FSRU","SegmentName":"","Status":"operating","Wiki":"https://www.gem.wiki/Toscana_FSRU","ProjectID":"T100000130474","UnitID":"G100002047400","CountriesOrAreas":"Italy","StartState/Province":"Toscana","StartLocation":"Toscana, Italy","Owner":"OLT Offshore LNG Toscana SpA [100%]","Operator":"OLT Offshore LNG Toscana","StartYear1":"2013","FuelType":"LNG","FacilityType":"import","LocationAccuracy":"exact","Capacity":"5","CapacityUnits":"bcm/y","CapacityMapScale":85627.5,"Tracker":"GGIT-LNG"}},{"type":"Feature","geometry":{"type":"Point","coordinates":[9.988889,43.644444]},"properties":{"PipelineName":"Toscana FSRU","SegmentName":"Unit Expansion (Efficiency)","Status":"operating","Wiki":"https://www.gem.wiki/Toscana_FSRU","ProjectID":"T100000130474","UnitID":"G100002047401","CountriesOrAreas":"Italy","StartState/Province":"Toscana","StartLocation":"Toscana, Italy","Owner":"OLT Offshore LNG Toscana SpA [100%]","Operator":"OLT Offshore LNG Toscana","StartYear1":"2023","FuelType":"LNG","FacilityType":"import","LocationAccuracy":"exact","Capacity":"","CapacityUnits":"","CapacityMapScale":"","Tracker":"GGIT-LNG"}},{"type":"Feature","geometry":{"type":"Point","coordinates":[137.1281063,36.7652897]},"properties":{"PipelineName":"Toyama Shinko LNG Terminal","SegmentName":"","Status":"operating","Wiki":"https://www.gem.wiki/Toyama_Shinko_LNG_Terminal","ProjectID":"T100000130876","UnitID":"G100002087600","CountriesOrAreas":"Japan","StartState/Province":"","StartLocation":"Japan","Owner":"Hokuriku Electric [TO BE DELETED] [100%]","Operator":"","StartYear1":"2018","FuelType":"LNG","FacilityType":"import","LocationAccuracy":"exact","Capacity":"1.8","CapacityUnits":"mtpa","CapacityMapScale":41940.0,"Tracker":"GGIT-LNG"}},{"type":"Feature","geometry":{"type":"Point","coordinates":[5.600936,4.247571]},"properties":{"PipelineName":"Transoceanic Nigeria FLNG Terminal","SegmentName":"","Status":"shelved","Wiki":"https://www.gem.wiki/Transoceanic_Nigeria_FLNG_Terminal","ProjectID":"T100000131169","UnitID":"G100002116901","CountriesOrAreas":"Nigeria","StartState/Province":"","StartLocation":"Nigeria","Owner":"Transoceanic Gas & Power [100%]","Operator":"","StartYear1":"","FuelType":"LNG","FacilityType":"export","LocationAccuracy":"approximate","Capacity":"3","CapacityUnits":"mtpa","CapacityMapScale":69900.0,"Tracker":"GGIT-LNG"}},{"type":"Feature","geometry":{"type":"Point","coordinates":[13.533333,45.8]},"properties":{"PipelineName":"Trieste Monfalcone LNG Terminal","SegmentName":"","Status":"cancelled","Wiki":"https://www.gem.wiki/Trieste_Monfalcone_LNG_Terminal","ProjectID":"T100000130482","UnitID":"G100002048200","CountriesOrAreas":"Italy","StartState/Province":"Friuli-Venezia Giulia","StartLocation":"Friuli-Venezia Giulia, Italy","Owner":"E.ON SE [100%]","Operator":"","StartYear1":"","FuelType":"LNG","FacilityType":"import","LocationAccuracy":"approximate","Capacity":"6","CapacityUnits":"mtpa","CapacityMapScale":139800.0,"Tracker":"GGIT-LNG"}},{"type":"Feature","geometry":{"type":"Point","coordinates":[-128.697117,53.975418]},"properties":{"PipelineName":"Triton LNG Export Terminal","SegmentName":"","Status":"cancelled","Wiki":"https://www.gem.wiki/Triton_LNG_Export_Terminal","ProjectID":"T100000130370","UnitID":"G100002037001","CountriesOrAreas":"Canada","StartState/Province":"British Columbia","StartLocation":"British Columbia, Canada","Owner":"Triton LNG LP [100%]","Operator":"Triton LNG","StartYear1":"","FuelType":"LNG","FacilityType":"export","LocationAccuracy":"approximate","Capacity":"2.3","CapacityUnits":"mtpa","CapacityMapScale":53590.0,"Tracker":"GGIT-LNG"}},{"type":"Feature","geometry":{"type":"Point","coordinates":[31.101111,46.623611]},"properties":{"PipelineName":"Ukraine LNG Terminal","SegmentName":"","Status":"cancelled","Wiki":"https://www.gem.wiki/Ukraine_LNG_Terminal","ProjectID":"T100000130561","UnitID":"G100002056100","CountriesOrAreas":"Ukraine","StartState/Province":"Odessa Oblast","StartLocation":"Odessa Oblast, Ukraine","Owner":"Government of Ukraine [100%]","Operator":"","StartYear1":"","FuelType":"LNG","FacilityType":"import","LocationAccuracy":"approximate","Capacity":"7.3","CapacityUnits":"mtpa","CapacityMapScale":170090.0,"Tracker":"GGIT-LNG"}},{"type":"Feature","geometry":{"type":"Point","coordinates":[129.3749461,35.4646797]},"properties":{"PipelineName":"Ulsan LNG Terminal","SegmentName":"Unit Phase 3 (Tanks 5-6)","Status":"construction","Wiki":"https://www.gem.wiki/Ulsan_LNG_Terminal","ProjectID":"T100000131131","UnitID":"G100001063887","CountriesOrAreas":"South Korea","StartState/Province":"Ulsan Metropolitan City","StartLocation":"Ulsan Metropolitan City, South Korea","Owner":"Korea Energy Terminal Co Ltd [100%]","Operator":"Korea Energy Terminal","StartYear1":"","FuelType":"LNG","FacilityType":"import","LocationAccuracy":"exact","Capacity":"2.4","CapacityUnits":"mtpa","CapacityMapScale":55920.0,"Tracker":"GGIT-LNG"}},{"type":"Feature","geometry":{"type":"Point","coordinates":[129.3749461,35.4646797]},"properties":{"PipelineName":"Ulsan LNG Terminal","SegmentName":"Unit Phase 1 (Tanks 1-2)","Status":"operating","Wiki":"https://www.gem.wiki/Ulsan_LNG_Terminal","ProjectID":"T100000131131","UnitID":"G100002113100","CountriesOrAreas":"South Korea","StartState/Province":"Ulsan Metropolitan City","StartLocation":"Ulsan Metropolitan City, South Korea","Owner":"Korea Energy Terminal Co Ltd [100%]","Operator":"Korea Energy Terminal","StartYear1":"2024","FuelType":"LNG","FacilityType":"import","LocationAccuracy":"exact","Capacity":"2.4","CapacityUnits":"mtpa","CapacityMapScale":55920.0,"Tracker":"GGIT-LNG"}},{"type":"Feature","geometry":{"type":"Point","coordinates":[129.3749461,35.4646797]},"properties":{"PipelineName":"Ulsan LNG Terminal","SegmentName":"Unit Phase 2 (Tanks 3-4)","Status":"construction","Wiki":"https://www.gem.wiki/Ulsan_LNG_Terminal","ProjectID":"T100000131131","UnitID":"G100002113101","CountriesOrAreas":"South Korea","StartState/Province":"Ulsan Metropolitan City","StartLocation":"Ulsan Metropolitan City, South Korea","Owner":"Korea Energy Terminal Co Ltd [100%]","Operator":"Korea Energy Terminal","StartYear1":"","FuelType":"LNG","FacilityType":"import","LocationAccuracy":"exact","Capacity":"2.4","CapacityUnits":"mtpa","CapacityMapScale":55920.0,"Tracker":"GGIT-LNG"}},{"type":"Feature","geometry":{"type":"Point","coordinates":[28.425506,59.685888]},"properties":{"PipelineName":"Ust Luga LNG Terminal","SegmentName":"Unit T1","Status":"construction","Wiki":"https://www.gem.wiki/Ust_Luga_LNG_Terminal","ProjectID":"T100000130504","UnitID":"G100002050401","CountriesOrAreas":"Russia","StartState/Province":"Leningrad Oblast","StartLocation":"Leningrad Oblast, Russia","Owner":"RusKhimAlyans LLC [100%]","Operator":"RusKhimAlyans","StartYear1":"","FuelType":"LNG","FacilityType":"export","LocationAccuracy":"approximate","Capacity":"6.55","CapacityUnits":"mtpa","CapacityMapScale":152615.0,"Tracker":"GGIT-LNG"}},{"type":"Feature","geometry":{"type":"Point","coordinates":[28.425506,59.685888]},"properties":{"PipelineName":"Ust Luga LNG Terminal","SegmentName":"Unit T2","Status":"construction","Wiki":"https://www.gem.wiki/Ust_Luga_LNG_Terminal","ProjectID":"T100000130504","UnitID":"G100002050402","CountriesOrAreas":"Russia","StartState/Province":"Leningrad Oblast","StartLocation":"Leningrad Oblast, Russia","Owner":"RusKhimAlyans LLC [100%]","Operator":"RusKhimAlyans","StartYear1":"","FuelType":"LNG","FacilityType":"export","LocationAccuracy":"approximate","Capacity":"6.55","CapacityUnits":"mtpa","CapacityMapScale":152615.0,"Tracker":"GGIT-LNG"}},{"type":"Feature","geometry":{"type":"Point","coordinates":[28.425506,59.685888]},"properties":{"PipelineName":"Ust Luga LNG Terminal","SegmentName":"Unit T3","Status":"shelved","Wiki":"https://www.gem.wiki/Ust_Luga_LNG_Terminal","ProjectID":"T100000130504","UnitID":"G100002050403","CountriesOrAreas":"Russia","StartState/Province":"Leningrad Oblast","StartLocation":"Leningrad Oblast, Russia","Owner":"RusKhimAlyans LLC [100%]","Operator":"RusKhimAlyans","StartYear1":"","FuelType":"LNG","FacilityType":"export","LocationAccuracy":"approximate","Capacity":"6.5","CapacityUnits":"mtpa","CapacityMapScale":151450.0,"Tracker":"GGIT-LNG"}},{"type":"Feature","geometry":{"type":"Point","coordinates":[7.5526,4.1485]},"properties":{"PipelineName":"UTM Offshore FLNG Terminal","SegmentName":"","Status":"proposed","Wiki":"https://www.gem.wiki/UTM_Offshore_FLNG_Terminal","ProjectID":"T100000131052","UnitID":"G100002105201","CountriesOrAreas":"Nigeria","StartState/Province":"","StartLocation":"Nigeria","Owner":"UTM Offshore Ltd [72%]; NNPC Ltd [20%]; Delta State Government [8%]","Operator":"","StartYear1":"","FuelType":"LNG","FacilityType":"export","LocationAccuracy":"approximate","Capacity":"2.1","CapacityUnits":"mtpa","CapacityMapScale":48930.0,"Tracker":"GGIT-LNG"}},{"type":"Feature","geometry":{"type":"Point","coordinates":[132.3202986,43.0168753]},"properties":{"PipelineName":"Valentina LNG Terminal","SegmentName":"","Status":"proposed","Wiki":"https://www.gem.wiki/Valentina_LNG_Terminal","ProjectID":"T100000131113","UnitID":"G100002111301","CountriesOrAreas":"Russia","StartState/Province":"Primorsky Krai","StartLocation":"Primorsky Krai, Russia","Owner":"Xinxing Far East Corporation LLC","Operator":"Xinxing Far East Corporation","StartYear1":"","FuelType":"LNG","FacilityType":"export","LocationAccuracy":"approximate","Capacity":"7","CapacityUnits":"mtpa","CapacityMapScale":163100.0,"Tracker":"GGIT-LNG"}},{"type":"Feature","geometry":{"type":"Point","coordinates":[-63.183186,10.784384]},"properties":{"PipelineName":"Venezuela Offshore LNG Terminal","SegmentName":"","Status":"cancelled","Wiki":"https://www.gem.wiki/Venezuela_Offshore_LNG_Terminal","ProjectID":"T100000130625","UnitID":"G100002062501","CountriesOrAreas":"Venezuela","StartState/Province":"","StartLocation":"Venezuela","Owner":"Petróleos de Venezuela SA [50%]; Rosneft PJSC [50%]","Operator":"Rosneft","StartYear1":"","FuelType":"LNG","FacilityType":"export","LocationAccuracy":"approximate","Capacity":"","CapacityUnits":"","CapacityMapScale":"","Tracker":"GGIT-LNG"}},{"type":"Feature","geometry":{"type":"Point","coordinates":[121.050747,13.661629]},"properties":{"PipelineName":"Vires FSRU","SegmentName":"","Status":"cancelled","Wiki":"https://www.gem.wiki/Vires_FSRU","ProjectID":"T100000130977","UnitID":"G100002097700","CountriesOrAreas":"Philippines","StartState/Province":"Batangas","StartLocation":"Batangas, Philippines","Owner":"Vires Energy [100%]","Operator":"BW Group","StartYear1":"","FuelType":"LNG","FacilityType":"import","LocationAccuracy":"approximate","Capacity":"3","CapacityUnits":"mtpa","CapacityMapScale":69900.0,"Tracker":"GGIT-LNG"}},{"type":"Feature","geometry":{"type":"Point","coordinates":[-97.208333,27.874167]},"properties":{"PipelineName":"Vista Del Sol LNG Terminal","SegmentName":"","Status":"cancelled","Wiki":"https://www.gem.wiki/Vista_Del_Sol_LNG_Terminal","ProjectID":"T100000130843","UnitID":"G100002084300","CountriesOrAreas":"United States","StartState/Province":"Texas","StartLocation":"Texas, United States","Owner":"4Gas BV [100%]","Operator":"","StartYear1":"","FuelType":"LNG","FacilityType":"import","LocationAccuracy":"approximate","Capacity":"8","CapacityUnits":"mtpa","CapacityMapScale":186400.0,"Tracker":"GGIT-LNG"}},{"type":"Feature","geometry":{"type":"Point","coordinates":[-109.059196,25.581941]},"properties":{"PipelineName":"Vista Pacifico LNG Terminal","SegmentName":"","Status":"proposed","Wiki":"https://www.gem.wiki/Vista_Pacifico_LNG_Terminal","ProjectID":"T100000130984","UnitID":"G100002098401","CountriesOrAreas":"Mexico","StartState/Province":"Sinaloa","StartLocation":"Sinaloa, Mexico","Owner":"CFEnergía SA de CV; Sempra; TotalEnergies SE","Operator":"","StartYear1":"","FuelType":"LNG","FacilityType":"export","LocationAccuracy":"approximate","Capacity":"3","CapacityUnits":"mtpa","CapacityMapScale":69900.0,"Tracker":"GGIT-LNG"}},{"type":"Feature","geometry":{"type":"Point","coordinates":[106.38123,18.09792]},"properties":{"PipelineName":"Vung Ang LNG Terminal","SegmentName":"","Status":"proposed","Wiki":"https://www.gem.wiki/Vung_Ang_LNG_Terminal","ProjectID":"T100000131060","UnitID":"G100002106000","CountriesOrAreas":"Vietnam","StartState/Province":"Hà Tĩnh Province","StartLocation":"Hà Tĩnh Province, Vietnam","Owner":"PetroVietnam Gas JSC","Operator":"","StartYear1":"","FuelType":"LNG","FacilityType":"import","LocationAccuracy":"exact","Capacity":"3","CapacityUnits":"mtpa","CapacityMapScale":69900.0,"Tracker":"GGIT-LNG"}},{"type":"Feature","geometry":{"type":"Point","coordinates":[28.5496269,60.603671]},"properties":{"PipelineName":"Vysotsk LNG Terminal","SegmentName":"Unit Expansion","Status":"idled","Wiki":"https://www.gem.wiki/Vysotsk_LNG_Terminal","ProjectID":"T100000130708","UnitID":"G100001094540","CountriesOrAreas":"Russia","StartState/Province":"Leningrad Oblast","StartLocation":"Leningrad Oblast, Russia","Owner":"Novatek PJSC [51%]; Gazprombank JSC [49%]","Operator":"CryoGAS Vysotsk","StartYear1":"2024","FuelType":"LNG","FacilityType":"export","LocationAccuracy":"exact","Capacity":"0.16","CapacityUnits":"mtpa","CapacityMapScale":3728.0,"Tracker":"GGIT-LNG"}},{"type":"Feature","geometry":{"type":"Point","coordinates":[28.5496269,60.603671]},"properties":{"PipelineName":"Vysotsk LNG Terminal","SegmentName":"Unit T1","Status":"idled","Wiki":"https://www.gem.wiki/Vysotsk_LNG_Terminal","ProjectID":"T100000130708","UnitID":"G100002070801","CountriesOrAreas":"Russia","StartState/Province":"Leningrad Oblast","StartLocation":"Leningrad Oblast, Russia","Owner":"Novatek PJSC [51%]; Gazprombank JSC [49%]","Operator":"CryoGAS Vysotsk","StartYear1":"2019","FuelType":"LNG","FacilityType":"export","LocationAccuracy":"exact","Capacity":"0.33","CapacityUnits":"mtpa","CapacityMapScale":7689.0,"Tracker":"GGIT-LNG"}},{"type":"Feature","geometry":{"type":"Point","coordinates":[28.5496269,60.603671]},"properties":{"PipelineName":"Vysotsk LNG Terminal","SegmentName":"Unit T2","Status":"idled","Wiki":"https://www.gem.wiki/Vysotsk_LNG_Terminal","ProjectID":"T100000130708","UnitID":"G100002070802","CountriesOrAreas":"Russia","StartState/Province":"Leningrad Oblast","StartLocation":"Leningrad Oblast, Russia","Owner":"Novatek PJSC [51%]; Gazprombank JSC [49%]","Operator":"CryoGAS Vysotsk","StartYear1":"2019","FuelType":"LNG","FacilityType":"export","LocationAccuracy":"exact","Capacity":"0.33","CapacityUnits":"mtpa","CapacityMapScale":7689.0,"Tracker":"GGIT-LNG"}},{"type":"Feature","geometry":{"type":"Point","coordinates":[135.166667,34.233333]},"properties":{"PipelineName":"Wakayama LNG Terminal","SegmentName":"","Status":"cancelled","Wiki":"https://www.gem.wiki/Wakayama_LNG_Terminal","ProjectID":"T100000130850","UnitID":"G100002085000","CountriesOrAreas":"Japan","StartState/Province":"Kansai","StartLocation":"Kansai, Japan","Owner":"Kansai Electric Power [TO BE DELETED] [100%]","Operator":"","StartYear1":"","FuelType":"LNG","FacilityType":"import","LocationAccuracy":"approximate","Capacity":"","CapacityUnits":"","CapacityMapScale":"","Tracker":"GGIT-LNG"}},{"type":"Feature","geometry":{"type":"Point","coordinates":[14.484443,-22.957199]},"properties":{"PipelineName":"Walvis Bay LNG Terminal","SegmentName":"Unit Import Terminal","Status":"cancelled","Wiki":"https://www.gem.wiki/Walvis_Bay_LNG_Terminal","ProjectID":"T100000130622","UnitID":"G100002062200","CountriesOrAreas":"Namibia","StartState/Province":"","StartLocation":"Namibia","Owner":"Excelerate Energy LP [100%]","Operator":"","StartYear1":"","FuelType":"LNG","FacilityType":"import","LocationAccuracy":"approximate","Capacity":"","CapacityUnits":"","CapacityMapScale":"","Tracker":"GGIT-LNG"}},{"type":"Feature","geometry":{"type":"Point","coordinates":[14.484443,-22.957199]},"properties":{"PipelineName":"Walvis Bay LNG Terminal","SegmentName":"Unit Export Terminal","Status":"cancelled","Wiki":"https://www.gem.wiki/Walvis_Bay_LNG_Terminal","ProjectID":"T100000130622","UnitID":"G100002062201","CountriesOrAreas":"Namibia","StartState/Province":"","StartLocation":"Namibia","Owner":"Excelerate Energy LP [100%]","Operator":"","StartYear1":"","FuelType":"LNG","FacilityType":"export","LocationAccuracy":"approximate","Capacity":"","CapacityUnits":"","CapacityMapScale":"","Tracker":"GGIT-LNG"}},{"type":"Feature","geometry":{"type":"Point","coordinates":[-130.294209,54.235941]},"properties":{"PipelineName":"Watson Island LNG Terminal","SegmentName":"","Status":"cancelled","Wiki":"https://www.gem.wiki/Watson_Island_LNG_Terminal","ProjectID":"T100000130371","UnitID":"G100002037101","CountriesOrAreas":"Canada","StartState/Province":"British Columbia","StartLocation":"British Columbia, Canada","Owner":"Watson Island LNG Corp","Operator":"","StartYear1":"","FuelType":"LNG","FacilityType":"export","LocationAccuracy":"approximate","Capacity":"1","CapacityUnits":"mtpa","CapacityMapScale":23300.0,"Tracker":"GGIT-LNG"}},{"type":"Feature","geometry":{"type":"Point","coordinates":[-130.259682,54.35707]},"properties":{"PipelineName":"WCC LNG Terminal","SegmentName":"Unit T1-T6","Status":"cancelled","Wiki":"https://www.gem.wiki/WCC_LNG_Terminal","ProjectID":"T100000130372","UnitID":"G100002037201","CountriesOrAreas":"Canada","StartState/Province":"British Columbia","StartLocation":"British Columbia, Canada","Owner":"WCC LNG Ltd [100%]","Operator":"WCC LNG","StartYear1":"","FuelType":"LNG","FacilityType":"export","LocationAccuracy":"approximate","Capacity":"30","CapacityUnits":"mtpa","CapacityMapScale":699000.0,"Tracker":"GGIT-LNG"}},{"type":"Feature","geometry":{"type":"Point","coordinates":[-71.155556,41.701389]},"properties":{"PipelineName":"Weaver's Cove LNG Terminal","SegmentName":"","Status":"cancelled","Wiki":"https://www.gem.wiki/Weaver%27s_Cove_LNG_Terminal","ProjectID":"T100000130643","UnitID":"G100002064300","CountriesOrAreas":"United States","StartState/Province":"Massachusetts","StartLocation":"Massachusetts, United States","Owner":"Weaver's Cover Energy LLC [100%]","Operator":"","StartYear1":"","FuelType":"LNG","FacilityType":"import","LocationAccuracy":"approximate","Capacity":"6","CapacityUnits":"mtpa","CapacityMapScale":139800.0,"Tracker":"GGIT-LNG"}},{"type":"Feature","geometry":{"type":"Point","coordinates":[122.052635,36.913393]},"properties":{"PipelineName":"Weihai LNG Terminal","SegmentName":"Unit Phase 1","Status":"cancelled","Wiki":"https://www.gem.wiki/Weihai_LNG_Terminal","ProjectID":"T100000130798","UnitID":"G100002079800","CountriesOrAreas":"China","StartState/Province":"Shandong","StartLocation":"Shandong, China","Owner":"China National Petroleum Corp; SK Inc","Operator":"","StartYear1":"","FuelType":"LNG","FacilityType":"import","LocationAccuracy":"approximate","Capacity":"3","CapacityUnits":"mtpa","CapacityMapScale":69900.0,"Tracker":"GGIT-LNG"}},{"type":"Feature","geometry":{"type":"Point","coordinates":[121.127993,27.903136]},"properties":{"PipelineName":"Wenzhou Huagang LNG Terminal","SegmentName":"","Status":"operating","Wiki":"https://www.gem.wiki/Wenzhou_Huagang_LNG_Terminal","ProjectID":"T100000130958","UnitID":"G100002095800","CountriesOrAreas":"China","StartState/Province":"Zhejiang","StartLocation":"Zhejiang, China","Owner":"Wenzhou Huagang Petrochemical Port Co [100%]","Operator":"","StartYear1":"2025","FuelType":"LNG","FacilityType":"import","LocationAccuracy":"exact","Capacity":"3","CapacityUnits":"mtpa","CapacityMapScale":69900.0,"Tracker":"GGIT-LNG"}},{"type":"Feature","geometry":{"type":"Point","coordinates":[121.083173,28.004918]},"properties":{"PipelineName":"Wenzhou LNG Terminal","SegmentName":"","Status":"operating","Wiki":"https://www.gem.wiki/Wenzhou_LNG_Terminal","ProjectID":"T100000130412","UnitID":"G100002041200","CountriesOrAreas":"China","StartState/Province":"Zhejiang","StartLocation":"Zhejiang, China","Owner":"Zhejiang Zheneng Wenzhou LNG Co Ltd [100%]","Operator":"","StartYear1":"2023","FuelType":"LNG","FacilityType":"import","LocationAccuracy":"exact","Capacity":"3","CapacityUnits":"mtpa","CapacityMapScale":69900.0,"Tracker":"GGIT-LNG"}},{"type":"Feature","geometry":{"type":"Point","coordinates":[-89.656,29.067]},"properties":{"PipelineName":"West Delta LNG Deepwater Port Terminal","SegmentName":"","Status":"shelved","Wiki":"https://www.gem.wiki/West_Delta_LNG_Deepwater_Port_Terminal","ProjectID":"T100000130987","UnitID":"G100002098701","CountriesOrAreas":"United States","StartState/Province":"Louisiana","StartLocation":"Louisiana, United States","Owner":"West Delta LNG LLC [100%]","Operator":"","StartYear1":"","FuelType":"LNG","FacilityType":"export","LocationAccuracy":"approximate","Capacity":"5","CapacityUnits":"mtpa","CapacityMapScale":116500.0,"Tracker":"GGIT-LNG"}},{"type":"Feature","geometry":{"type":"Point","coordinates":[143.257609,-9.19426]},"properties":{"PipelineName":"Western LNG Terminal","SegmentName":"","Status":"cancelled","Wiki":"https://www.gem.wiki/Western_LNG_Terminal","ProjectID":"T100000130705","UnitID":"G100002070501","CountriesOrAreas":"Papua New Guinea","StartState/Province":"","StartLocation":"Papua New Guinea","Owner":"Horizon Oil Ltd; Repsol SA","Operator":"","StartYear1":"","FuelType":"LNG","FacilityType":"export","LocationAccuracy":"approximate","Capacity":"1.5","CapacityUnits":"mtpa","CapacityMapScale":34950.0,"Tracker":"GGIT-LNG"}},{"type":"Feature","geometry":{"type":"Point","coordinates":[111.28753,21.409594]},"properties":{"PipelineName":"West Guangdong LNG Terminal","SegmentName":"Unit Phase 1","Status":"proposed","Wiki":"https://www.gem.wiki/West_Guangdong_LNG_Terminal","ProjectID":"T100000130413","UnitID":"G100002041300","CountriesOrAreas":"China","StartState/Province":"Guangdong","StartLocation":"Guangdong, China","Owner":"Maoming Bohe LNG Co Ltd [100%]","Operator":"","StartYear1":"","FuelType":"LNG","FacilityType":"import","LocationAccuracy":"exact","Capacity":"6","CapacityUnits":"mtpa","CapacityMapScale":139800.0,"Tracker":"GGIT-LNG"}},{"type":"Feature","geometry":{"type":"Point","coordinates":[133.228061,-2.372162]},"properties":{"PipelineName":"West Papua FLNG Terminal","SegmentName":"","Status":"construction","Wiki":"https://www.gem.wiki/West_Papua_FLNG_Terminal","ProjectID":"T100000131148","UnitID":"G100002114801","CountriesOrAreas":"Indonesia","StartState/Province":"","StartLocation":"Indonesia","Owner":"PT Layar Nusantara Gas [100%]","Operator":"","StartYear1":"","FuelType":"LNG","FacilityType":"export","LocationAccuracy":"approximate","Capacity":"1.2","CapacityUnits":"mtpa","CapacityMapScale":27960.0,"Tracker":"GGIT-LNG"}},{"type":"Feature","geometry":{"type":"Point","coordinates":[115.001141,-21.6978845]},"properties":{"PipelineName":"Wheatstone LNG Terminal","SegmentName":"Unit T1","Status":"operating","Wiki":"https://www.gem.wiki/Wheatstone_LNG_Terminal","ProjectID":"T100000130344","UnitID":"G100002034401","CountriesOrAreas":"Australia","StartState/Province":"Western Australia","StartLocation":"Western Australia, Australia","Owner":"Chevron Australia Pty Ltd [64.14%]; KUFPEC Australia Pty Ltd [13.4%]; Woodside Energy Group Ltd [13%]; PE Wheatstone Pty Ltd [8%]; Kyushu Electric Wheatstone Pty Ltd [1.46%]","Operator":"Chevron","StartYear1":"2017","FuelType":"LNG","FacilityType":"export","LocationAccuracy":"exact","Capacity":"4.45","CapacityUnits":"mtpa","CapacityMapScale":103685.0,"Tracker":"GGIT-LNG"}},{"type":"Feature","geometry":{"type":"Point","coordinates":[115.001141,-21.6978845]},"properties":{"PipelineName":"Wheatstone LNG Terminal","SegmentName":"Unit T2","Status":"operating","Wiki":"https://www.gem.wiki/Wheatstone_LNG_Terminal","ProjectID":"T100000130344","UnitID":"G100002034402","CountriesOrAreas":"Australia","StartState/Province":"Western Australia","StartLocation":"Western Australia, Australia","Owner":"Chevron Australia Pty Ltd [64.14%]; KUFPEC Australia Pty Ltd [13.4%]; Woodside Energy Group Ltd [13%]; PE Wheatstone Pty Ltd [8%]; Kyushu Electric Wheatstone Pty Ltd [1.46%]","Operator":"Chevron","StartYear1":"2018","FuelType":"LNG","FacilityType":"export","LocationAccuracy":"exact","Capacity":"4.45","CapacityUnits":"mtpa","CapacityMapScale":103685.0,"Tracker":"GGIT-LNG"}},{"type":"Feature","geometry":{"type":"Point","coordinates":[8.1113678,53.6416299]},"properties":{"PipelineName":"Wilhelmshaven FSRU","SegmentName":"","Status":"operating","Wiki":"https://www.gem.wiki/Wilhelmshaven_FSRU","ProjectID":"T100000130458","UnitID":"G100002045800","CountriesOrAreas":"Germany","StartState/Province":"Lower Saxony","StartLocation":"Lower Saxony, Germany","Owner":"","Operator":"Deutsche Energy Terminal; Höegh Evi [TO BE DELETED]","StartYear1":"2023","FuelType":"LNG","FacilityType":"import","LocationAccuracy":"exact","Capacity":"750","CapacityUnits":"MMcf/d","CapacityMapScale":134033.2,"Tracker":"GGIT-LNG"}},{"type":"Feature","geometry":{"type":"Point","coordinates":[8.1113678,53.6416299]},"properties":{"PipelineName":"Wilhelmshaven FSRU","SegmentName":"Unit Ammonia Import Terminal","Status":"proposed","Wiki":"https://www.gem.wiki/Wilhelmshaven_FSRU","ProjectID":"T100000130458","UnitID":"G100002045801","CountriesOrAreas":"Germany","StartState/Province":"Lower Saxony","StartLocation":"Lower Saxony, Germany","Owner":"","Operator":"Deutsche Energy Terminal; Höegh Evi [TO BE DELETED]","StartYear1":"","FuelType":"NH3","FacilityType":"import","LocationAccuracy":"exact","Capacity":"2.6","CapacityUnits":"mtpa","CapacityMapScale":60580.0,"Tracker":"GGIT-LNG"}},{"type":"Feature","geometry":{"type":"Point","coordinates":[8.133333,53.516667]},"properties":{"PipelineName":"Wilhelmshaven NWO FSRU","SegmentName":"","Status":"cancelled","Wiki":"https://www.gem.wiki/Wilhelmshaven_NWO_FSRU","ProjectID":"T100000131000","UnitID":"G100002100000","CountriesOrAreas":"Germany","StartState/Province":"","StartLocation":"Germany","Owner":"Nord-West Oelleitung [TO BE DELETED] GmbH [100%]","Operator":"Nord-West Oelleitung [TO BE DELETED]","StartYear1":"","FuelType":"LNG","FacilityType":"import","LocationAccuracy":"approximate","Capacity":"9","CapacityUnits":"bcm/y","CapacityMapScale":154129.5,"Tracker":"GGIT-LNG"}},{"type":"Feature","geometry":{"type":"Point","coordinates":[8.1283808,53.6299056]},"properties":{"PipelineName":"Wilhelmshaven TES FSRU","SegmentName":"","Status":"operating","Wiki":"https://www.gem.wiki/Wilhelmshaven_TES_FSRU","ProjectID":"T100000131097","UnitID":"G100002109700","CountriesOrAreas":"Germany","StartState/Province":"","StartLocation":"Germany","Owner":"Deutsche Energy Terminal GmbH [100%]","Operator":"Deutsche Energy Terminal; Excelerate Energy","StartYear1":"2025","FuelType":"LNG","FacilityType":"import","LocationAccuracy":"exact","Capacity":"500","CapacityUnits":"MMcf/d","CapacityMapScale":89355.5,"Tracker":"GGIT-LNG"}},{"type":"Feature","geometry":{"type":"Point","coordinates":[-123.2536663,49.6653929]},"properties":{"PipelineName":"Woodfibre LNG Terminal","SegmentName":"","Status":"construction","Wiki":"https://www.gem.wiki/Woodfibre_LNG_Terminal","ProjectID":"T100000130374","UnitID":"G100002037401","CountriesOrAreas":"Canada","StartState/Province":"British Columbia","StartLocation":"British Columbia, Canada","Owner":"Woodfibre LNG LP [100%]","Operator":"Woodfibre Management","StartYear1":"","FuelType":"LNG","FacilityType":"export","LocationAccuracy":"exact","Capacity":"2.1","CapacityUnits":"mtpa","CapacityMapScale":48930.0,"Tracker":"GGIT-LNG"}},{"type":"Feature","geometry":{"type":"Point","coordinates":[-93.330534,30.091298]},"properties":{"PipelineName":"Woodside Louisiana LNG Terminal","SegmentName":"Unit Phase 1 (T1-T3)","Status":"construction","Wiki":"https://www.gem.wiki/Woodside_Louisiana_LNG_Terminal","ProjectID":"T100000130219","UnitID":"G100002021901","CountriesOrAreas":"United States","StartState/Province":"Louisiana","StartLocation":"Louisiana, United States","Owner":"Louisiana LNG Infrastructure LLC [100%]","Operator":"","StartYear1":"","FuelType":"LNG","FacilityType":"export","LocationAccuracy":"exact","Capacity":"16.5","CapacityUnits":"mtpa","CapacityMapScale":384450.0,"Tracker":"GGIT-LNG"}},{"type":"Feature","geometry":{"type":"Point","coordinates":[-93.330534,30.091298]},"properties":{"PipelineName":"Woodside Louisiana LNG Terminal","SegmentName":"Unit Phase 2 (T4-T5)","Status":"proposed","Wiki":"https://www.gem.wiki/Woodside_Louisiana_LNG_Terminal","ProjectID":"T100000130219","UnitID":"G100002021902","CountriesOrAreas":"United States","StartState/Province":"Louisiana","StartLocation":"Louisiana, United States","Owner":"Louisiana LNG Infrastructure LLC [100%]","Operator":"","StartYear1":"","FuelType":"LNG","FacilityType":"export","LocationAccuracy":"exact","Capacity":"11.1","CapacityUnits":"mtpa","CapacityMapScale":258630.0,"Tracker":"GGIT-LNG"}},{"type":"Feature","geometry":{"type":"Point","coordinates":[113.2170407,-7.7288859]},"properties":{"PipelineName":"Woodside Probolinggo LNG Terminal","SegmentName":"","Status":"cancelled","Wiki":"https://www.gem.wiki/Woodside_Probolinggo_LNG_Terminal","ProjectID":"T100000131085","UnitID":"G100002108500","CountriesOrAreas":"Indonesia","StartState/Province":"East Java","StartLocation":"East Java, Indonesia","Owner":"PT Petrogas Jatim Utama; Woodside Energy Group Ltd","Operator":"","StartYear1":"","FuelType":"LNG","FacilityType":"import","LocationAccuracy":"approximate","Capacity":"","CapacityUnits":"","CapacityMapScale":"","Tracker":"GGIT-LNG"}},{"type":"Feature","geometry":{"type":"Point","coordinates":[121.707193,31.293674]},"properties":{"PipelineName":"Wuhaogou LNG Storage Facility","SegmentName":"Unit Phase 2","Status":"operating","Wiki":"https://www.gem.wiki/Wuhaogou_LNG_Storage_Facility","ProjectID":"T100000130414","UnitID":"G100001054375","CountriesOrAreas":"China","StartState/Province":"Shanghai","StartLocation":"Shanghai, China","Owner":"Shanghai Wuhaogou Liquefied Natural Gas Co Ltd [100%]","Operator":"","StartYear1":"2017","FuelType":"LNG","FacilityType":"import","LocationAccuracy":"exact","Capacity":"1","CapacityUnits":"mtpa","CapacityMapScale":23300.0,"Tracker":"GGIT-LNG"}},{"type":"Feature","geometry":{"type":"Point","coordinates":[121.707193,31.293674]},"properties":{"PipelineName":"Wuhaogou LNG Storage Facility","SegmentName":"Unit Phase 1","Status":"operating","Wiki":"https://www.gem.wiki/Wuhaogou_LNG_Storage_Facility","ProjectID":"T100000130414","UnitID":"G100002041400","CountriesOrAreas":"China","StartState/Province":"Shanghai","StartLocation":"Shanghai, China","Owner":"Shanghai Wuhaogou Liquefied Natural Gas Co Ltd [100%]","Operator":"","StartYear1":"2008","FuelType":"LNG","FacilityType":"import","LocationAccuracy":"exact","Capacity":"0.5","CapacityUnits":"mtpa","CapacityMapScale":11650.0,"Tracker":"GGIT-LNG"}},{"type":"Feature","geometry":{"type":"Point","coordinates":[118.1084944,31.215578]},"properties":{"PipelineName":"Wuhu LNG Terminal","SegmentName":"","Status":"operating","Wiki":"https://www.gem.wiki/Wuhu_LNG_Terminal","ProjectID":"T100000130415","UnitID":"G100002041500","CountriesOrAreas":"China","StartState/Province":"Anhui","StartLocation":"Anhui, China","Owner":"Anhui Changjiang LNG Co Ltd [100%]","Operator":"","StartYear1":"2025","FuelType":"LNG","FacilityType":"import","LocationAccuracy":"exact","Capacity":"1.5","CapacityUnits":"mtpa","CapacityMapScale":34950.0,"Tracker":"GGIT-LNG"}},{"type":"Feature","geometry":{"type":"Point","coordinates":[-17.42709,14.6869]},"properties":{"PipelineName":"Yakaar-Teranga LNG Hub","SegmentName":"","Status":"cancelled","Wiki":"https://www.gem.wiki/Yakaar-Teranga_LNG_Hub","ProjectID":"T100000131092","UnitID":"G100002109201","CountriesOrAreas":"Senegal","StartState/Province":"","StartLocation":"Senegal","Owner":"Kosmos Energy Ltd [90%]; Societé des Petroles du Sénégal [10%]","Operator":"Kosmos Energy","StartYear1":"","FuelType":"LNG","FacilityType":"export","LocationAccuracy":"approximate","Capacity":"10","CapacityUnits":"mtpa","CapacityMapScale":233000.0,"Tracker":"GGIT-LNG"}},{"type":"Feature","geometry":{"type":"Point","coordinates":[138.1529212,56.4602717]},"properties":{"PipelineName":"Yakutia LNG Project","SegmentName":"Unit T1","Status":"shelved","Wiki":"https://www.gem.wiki/Yakutia_LNG_Project","ProjectID":"T100000130995","UnitID":"G100002099501","CountriesOrAreas":"Russia","StartState/Province":"Khabarovsk Krai","StartLocation":"Khabarovsk Krai, Russia","Owner":"Globaltec LLC [100%]","Operator":"Globaltec","StartYear1":"","FuelType":"LNG","FacilityType":"export","LocationAccuracy":"approximate","Capacity":"4.5","CapacityUnits":"mtpa","CapacityMapScale":104850.0,"Tracker":"GGIT-LNG"}},{"type":"Feature","geometry":{"type":"Point","coordinates":[138.1529212,56.4602717]},"properties":{"PipelineName":"Yakutia LNG Project","SegmentName":"Unit T2","Status":"shelved","Wiki":"https://www.gem.wiki/Yakutia_LNG_Project","ProjectID":"T100000130995","UnitID":"G100002099502","CountriesOrAreas":"Russia","StartState/Province":"Khabarovsk Krai","StartLocation":"Khabarovsk Krai, Russia","Owner":"Globaltec LLC [100%]","Operator":"Globaltec","StartYear1":"","FuelType":"LNG","FacilityType":"export","LocationAccuracy":"approximate","Capacity":"4.5","CapacityUnits":"mtpa","CapacityMapScale":104850.0,"Tracker":"GGIT-LNG"}},{"type":"Feature","geometry":{"type":"Point","coordinates":[72.0725,71.2733]},"properties":{"PipelineName":"Yamal LNG Terminal","SegmentName":"Unit T1","Status":"operating","Wiki":"https://www.gem.wiki/Yamal_LNG_Terminal","ProjectID":"T100000130518","UnitID":"G100002051801","CountriesOrAreas":"Russia","StartState/Province":"Yamai Peninsula","StartLocation":"Yamai Peninsula, Russia","Owner":"Yamal LNG [100%]","Operator":"Yamal LNG","StartYear1":"2017","FuelType":"LNG","FacilityType":"export","LocationAccuracy":"exact","Capacity":"5.5","CapacityUnits":"mtpa","CapacityMapScale":128150.0,"Tracker":"GGIT-LNG"}},{"type":"Feature","geometry":{"type":"Point","coordinates":[72.0725,71.2733]},"properties":{"PipelineName":"Yamal LNG Terminal","SegmentName":"Unit T2","Status":"operating","Wiki":"https://www.gem.wiki/Yamal_LNG_Terminal","ProjectID":"T100000130518","UnitID":"G100002051802","CountriesOrAreas":"Russia","StartState/Province":"Yamai Peninsula","StartLocation":"Yamai Peninsula, Russia","Owner":"Yamal LNG [100%]","Operator":"Yamal LNG","StartYear1":"2018","FuelType":"LNG","FacilityType":"export","LocationAccuracy":"exact","Capacity":"5.5","CapacityUnits":"mtpa","CapacityMapScale":128150.0,"Tracker":"GGIT-LNG"}},{"type":"Feature","geometry":{"type":"Point","coordinates":[72.0725,71.2733]},"properties":{"PipelineName":"Yamal LNG Terminal","SegmentName":"Unit T3","Status":"operating","Wiki":"https://www.gem.wiki/Yamal_LNG_Terminal","ProjectID":"T100000130518","UnitID":"G100002051803","CountriesOrAreas":"Russia","StartState/Province":"Yamai Peninsula","StartLocation":"Yamai Peninsula, Russia","Owner":"Yamal LNG [100%]","Operator":"Yamal LNG","StartYear1":"2018","FuelType":"LNG","FacilityType":"export","LocationAccuracy":"exact","Capacity":"5.5","CapacityUnits":"mtpa","CapacityMapScale":128150.0,"Tracker":"GGIT-LNG"}},{"type":"Feature","geometry":{"type":"Point","coordinates":[72.0725,71.2733]},"properties":{"PipelineName":"Yamal LNG Terminal","SegmentName":"Unit T4","Status":"operating","Wiki":"https://www.gem.wiki/Yamal_LNG_Terminal","ProjectID":"T100000130518","UnitID":"G100002051804","CountriesOrAreas":"Russia","StartState/Province":"Yamai Peninsula","StartLocation":"Yamai Peninsula, Russia","Owner":"Yamal LNG [100%]","Operator":"Yamal LNG","StartYear1":"2021","FuelType":"LNG","FacilityType":"export","LocationAccuracy":"exact","Capacity":"0.9","CapacityUnits":"mtpa","CapacityMapScale":20970.0,"Tracker":"GGIT-LNG"}},{"type":"Feature","geometry":{"type":"Point","coordinates":[132.12518,33.950745]},"properties":{"PipelineName":"Yanai LNG Terminal","SegmentName":"","Status":"operating","Wiki":"https://www.gem.wiki/Yanai_LNG_Terminal","ProjectID":"T100000130531","UnitID":"G100002053100","CountriesOrAreas":"Japan","StartState/Province":"Chugoku","StartLocation":"Chugoku, Japan","Owner":"The Chugoku Electric Power Co Inc [100%]","Operator":"","StartYear1":"1990","FuelType":"LNG","FacilityType":"import","LocationAccuracy":"exact","Capacity":"2.3","CapacityUnits":"mtpa","CapacityMapScale":53590.0,"Tracker":"GGIT-LNG"}},{"type":"Feature","geometry":{"type":"Point","coordinates":[120.268185,34.274036]},"properties":{"PipelineName":"Yancheng LNG Terminal","SegmentName":"Unit Phase 2","Status":"proposed","Wiki":"https://www.gem.wiki/Yancheng_LNG_Terminal","ProjectID":"T100000130416","UnitID":"G100001054044","CountriesOrAreas":"China","StartState/Province":"Jiangsu","StartLocation":"Jiangsu, China","Owner":"CNOOC Gas and Power Group Jiangsu Natural Gas Co Ltd [100%]","Operator":"","StartYear1":"","FuelType":"LNG","FacilityType":"import","LocationAccuracy":"exact","Capacity":"4","CapacityUnits":"mtpa","CapacityMapScale":93200.0,"Tracker":"GGIT-LNG"}},{"type":"Feature","geometry":{"type":"Point","coordinates":[120.268185,34.274036]},"properties":{"PipelineName":"Yancheng LNG Terminal","SegmentName":"Unit Phase 3","Status":"proposed","Wiki":"https://www.gem.wiki/Yancheng_LNG_Terminal","ProjectID":"T100000130416","UnitID":"G100001054045","CountriesOrAreas":"China","StartState/Province":"Jiangsu","StartLocation":"Jiangsu, China","Owner":"CNOOC Gas and Power Group Jiangsu Natural Gas Co Ltd [100%]","Operator":"","StartYear1":"","FuelType":"LNG","FacilityType":"import","LocationAccuracy":"exact","Capacity":"10","CapacityUnits":"mtpa","CapacityMapScale":233000.0,"Tracker":"GGIT-LNG"}},{"type":"Feature","geometry":{"type":"Point","coordinates":[120.268185,34.274036]},"properties":{"PipelineName":"Yancheng LNG Terminal","SegmentName":"Unit Phase 1","Status":"operating","Wiki":"https://www.gem.wiki/Yancheng_LNG_Terminal","ProjectID":"T100000130416","UnitID":"G100002041600","CountriesOrAreas":"China","StartState/Province":"Jiangsu","StartLocation":"Jiangsu, China","Owner":"CNOOC Gas and Power Group Jiangsu Natural Gas Co Ltd [100%]","Operator":"","StartYear1":"2022","FuelType":"LNG","FacilityType":"import","LocationAccuracy":"exact","Capacity":"3","CapacityUnits":"mtpa","CapacityMapScale":69900.0,"Tracker":"GGIT-LNG"}},{"type":"Feature","geometry":{"type":"Point","coordinates":[120.268185,34.274036]},"properties":{"PipelineName":"Yancheng LNG Terminal","SegmentName":"Unit Phase 1 Expansion","Status":"operating","Wiki":"https://www.gem.wiki/Yancheng_LNG_Terminal","ProjectID":"T100000130416","UnitID":"G100002041601","CountriesOrAreas":"China","StartState/Province":"Jiangsu","StartLocation":"Jiangsu, China","Owner":"CNOOC Gas and Power Group Jiangsu Natural Gas Co Ltd [100%]","Operator":"","StartYear1":"2024","FuelType":"LNG","FacilityType":"import","LocationAccuracy":"exact","Capacity":"3","CapacityUnits":"mtpa","CapacityMapScale":69900.0,"Tracker":"GGIT-LNG"}},{"type":"Feature","geometry":{"type":"Point","coordinates":[100.3369298,5.878588]},"properties":{"PipelineName":"Yan FSRU","SegmentName":"","Status":"proposed","Wiki":"https://www.gem.wiki/RGT_Yan_LNG_Terminal","ProjectID":"T100001050288","UnitID":"G100001057999","CountriesOrAreas":"Malaysia","StartState/Province":"","StartLocation":"Malaysia","Owner":"Gas Malaysia Bhd [70%]; Tokyo Gas Co Ltd [15%]; VTTI BV [15%]","Operator":"","StartYear1":"","FuelType":"LNG","FacilityType":"import","LocationAccuracy":"approximate","Capacity":"6","CapacityUnits":"mtpa","CapacityMapScale":139800.0,"Tracker":"GGIT-LNG"}},{"type":"Feature","geometry":{"type":"Point","coordinates":[111.8346672,21.6673059]},"properties":{"PipelineName":"Yangjiang LNG Terminal","SegmentName":"Unit Phase 1","Status":"operating","Wiki":"https://www.gem.wiki/Yangjiang_LNG_Terminal","ProjectID":"T100000130812","UnitID":"G100002081200","CountriesOrAreas":"China","StartState/Province":"Guangdong","StartLocation":"Guangdong, China","Owner":"Guangdong Yangjiang Hailingwan LNG Co Ltd [100%]","Operator":"","StartYear1":"2025","FuelType":"LNG","FacilityType":"import","LocationAccuracy":"exact","Capacity":"2.8","CapacityUnits":"mtpa","CapacityMapScale":65240.0,"Tracker":"GGIT-LNG"}},{"type":"Feature","geometry":{"type":"Point","coordinates":[120.275379,37.66856]},"properties":{"PipelineName":"Yantai FSRU","SegmentName":"Unit Phase 2","Status":"cancelled","Wiki":"https://www.gem.wiki/Yantai_FSRU","ProjectID":"T100000130959","UnitID":"G100001093413","CountriesOrAreas":"China","StartState/Province":"Shandong","StartLocation":"Shandong, China","Owner":"China National Offshore Oil Corp [100%]","Operator":"","StartYear1":"","FuelType":"LNG","FacilityType":"import","LocationAccuracy":"approximate","Capacity":"4.5","CapacityUnits":"mtpa","CapacityMapScale":104850.0,"Tracker":"GGIT-LNG"}},{"type":"Feature","geometry":{"type":"Point","coordinates":[120.275379,37.66856]},"properties":{"PipelineName":"Yantai FSRU","SegmentName":"Unit Phase 1","Status":"cancelled","Wiki":"https://www.gem.wiki/Yantai_FSRU","ProjectID":"T100000130959","UnitID":"G100002095900","CountriesOrAreas":"China","StartState/Province":"Shandong","StartLocation":"Shandong, China","Owner":"China National Offshore Oil Corp [100%]","Operator":"","StartYear1":"","FuelType":"LNG","FacilityType":"import","LocationAccuracy":"approximate","Capacity":"1.5","CapacityUnits":"mtpa","CapacityMapScale":34950.0,"Tracker":"GGIT-LNG"}},{"type":"Feature","geometry":{"type":"Point","coordinates":[121.046283,37.722118]},"properties":{"PipelineName":"Yantai LNG Terminal","SegmentName":"Unit Phase 1","Status":"construction","Wiki":"https://www.gem.wiki/Yantai_LNG_Terminal","ProjectID":"T100000130417","UnitID":"G100002041700","CountriesOrAreas":"China","StartState/Province":"Shandong","StartLocation":"Shandong, China","Owner":"Shandong Poly GCL Huanya International Energy Co Ltd [100%]","Operator":"","StartYear1":"","FuelType":"LNG","FacilityType":"import","LocationAccuracy":"exact","Capacity":"5.9","CapacityUnits":"mtpa","CapacityMapScale":137470.0,"Tracker":"GGIT-LNG"}},{"type":"Feature","geometry":{"type":"Point","coordinates":[121.046283,37.722118]},"properties":{"PipelineName":"Yantai LNG Terminal","SegmentName":"Unit Phase 2","Status":"proposed","Wiki":"https://www.gem.wiki/Yantai_LNG_Terminal","ProjectID":"T100000130417","UnitID":"G100002041701","CountriesOrAreas":"China","StartState/Province":"Shandong","StartLocation":"Shandong, China","Owner":"Shandong Poly GCL Huanya International Energy Co Ltd [100%]","Operator":"","StartYear1":"","FuelType":"LNG","FacilityType":"import","LocationAccuracy":"exact","Capacity":"4.1","CapacityUnits":"mtpa","CapacityMapScale":95530.0,"Tracker":"GGIT-LNG"}},{"type":"Feature","geometry":{"type":"Point","coordinates":[121.0901592,37.714202]},"properties":{"PipelineName":"Yantai LNG Terminal (PetroChina)","SegmentName":"","Status":"cancelled","Wiki":"https://www.gem.wiki/Yantai_LNG_Terminal_(PetroChina)","ProjectID":"T100000130608","UnitID":"G100002060800","CountriesOrAreas":"China","StartState/Province":"Shandong","StartLocation":"Shandong, China","Owner":"Kunlun Energy Company Limited Co Ltd; Yantai Port Group","Operator":"","StartYear1":"","FuelType":"LNG","FacilityType":"import","LocationAccuracy":"approximate","Capacity":"3","CapacityUnits":"mtpa","CapacityMapScale":69900.0,"Tracker":"GGIT-LNG"}},{"type":"Feature","geometry":{"type":"Point","coordinates":[48.18115,13.9812]},"properties":{"PipelineName":"Yemen LNG Terminal","SegmentName":"Unit T1","Status":"mothballed","Wiki":"https://www.gem.wiki/Yemen_LNG_Terminal","ProjectID":"T100000130605","UnitID":"G100002060501","CountriesOrAreas":"Yemen","StartState/Province":"Shabwah","StartLocation":"Shabwah, Yemen","Owner":"Yemen LNG Company Ltd [100%]","Operator":"Yemen LNG Company","StartYear1":"2009","FuelType":"LNG","FacilityType":"export","LocationAccuracy":"exact","Capacity":"3.35","CapacityUnits":"mtpa","CapacityMapScale":78055.0,"Tracker":"GGIT-LNG"}},{"type":"Feature","geometry":{"type":"Point","coordinates":[48.18115,13.9812]},"properties":{"PipelineName":"Yemen LNG Terminal","SegmentName":"Unit T2","Status":"mothballed","Wiki":"https://www.gem.wiki/Yemen_LNG_Terminal","ProjectID":"T100000130605","UnitID":"G100002060502","CountriesOrAreas":"Yemen","StartState/Province":"Shabwah","StartLocation":"Shabwah, Yemen","Owner":"Yemen LNG Company Ltd [100%]","Operator":"Yemen LNG Company","StartYear1":"2010","FuelType":"LNG","FacilityType":"export","LocationAccuracy":"exact","Capacity":"3.35","CapacityUnits":"mtpa","CapacityMapScale":78055.0,"Tracker":"GGIT-LNG"}},{"type":"Feature","geometry":{"type":"Point","coordinates":[121.977137,40.1988392]},"properties":{"PipelineName":"Yingkou LNG Terminal","SegmentName":"Unit Phase 1","Status":"construction","Wiki":"https://www.gem.wiki/Yingkou_LNG_Terminal","ProjectID":"T100000130418","UnitID":"G100002041800","CountriesOrAreas":"China","StartState/Province":"Liaoning","StartLocation":"Liaoning, China","Owner":"","Operator":"","StartYear1":"","FuelType":"LNG","FacilityType":"import","LocationAccuracy":"exact","Capacity":"3","CapacityUnits":"mtpa","CapacityMapScale":69900.0,"Tracker":"GGIT-LNG"}},{"type":"Feature","geometry":{"type":"Point","coordinates":[121.977137,40.1988392]},"properties":{"PipelineName":"Yingkou LNG Terminal","SegmentName":"Unit Phase 2","Status":"proposed","Wiki":"https://www.gem.wiki/Yingkou_LNG_Terminal","ProjectID":"T100000130418","UnitID":"G100002041801","CountriesOrAreas":"China","StartState/Province":"Liaoning","StartLocation":"Liaoning, China","Owner":"","Operator":"","StartYear1":"","FuelType":"LNG","FacilityType":"import","LocationAccuracy":"exact","Capacity":"3.2","CapacityUnits":"mtpa","CapacityMapScale":74560.0,"Tracker":"GGIT-LNG"}},{"type":"Feature","geometry":{"type":"Point","coordinates":[136.666458,34.978156]},"properties":{"PipelineName":"Yokkaichi LNG Center","SegmentName":"","Status":"operating","Wiki":"https://www.gem.wiki/Yokkaichi_LNG_Center","ProjectID":"T100000130804","UnitID":"G100002080400","CountriesOrAreas":"Japan","StartState/Province":"Kansai","StartLocation":"Kansai, Japan","Owner":"JERA Co Inc [100%]","Operator":"","StartYear1":"1988","FuelType":"LNG","FacilityType":"import","LocationAccuracy":"exact","Capacity":"6.4","CapacityUnits":"mtpa","CapacityMapScale":149120.0,"Tracker":"GGIT-LNG"}},{"type":"Feature","geometry":{"type":"Point","coordinates":[136.666458,34.97726]},"properties":{"PipelineName":"Yokkaichi Works LNG Terminal","SegmentName":"","Status":"operating","Wiki":"https://www.gem.wiki/Yokkaichi_Works_LNG_Terminal","ProjectID":"T100000130533","UnitID":"G100002053300","CountriesOrAreas":"Japan","StartState/Province":"Kansai","StartLocation":"Kansai, Japan","Owner":"Toho Gas Co Ltd [100%]","Operator":"","StartYear1":"1991","FuelType":"LNG","FacilityType":"import","LocationAccuracy":"exact","Capacity":"2.1","CapacityUnits":"mtpa","CapacityMapScale":48930.0,"Tracker":"GGIT-LNG"}},{"type":"Feature","geometry":{"type":"Point","coordinates":[127.811727,26.275375]},"properties":{"PipelineName":"Yoshinoura LNG Terminal","SegmentName":"","Status":"operating","Wiki":"https://www.gem.wiki/Yoshinoura_LNG_Terminal","ProjectID":"T100000130837","UnitID":"G100002083700","CountriesOrAreas":"Japan","StartState/Province":"Okinawa","StartLocation":"Okinawa, Japan","Owner":"Okinawa Electric Power Co Inc [100%]","Operator":"","StartYear1":"2012","FuelType":"LNG","FacilityType":"import","LocationAccuracy":"exact","Capacity":"0.8","CapacityUnits":"mtpa","CapacityMapScale":18640.0,"Tracker":"GGIT-LNG"}},{"type":"Feature","geometry":{"type":"Point","coordinates":[112.911354,29.577548]},"properties":{"PipelineName":"Yueyang LNG Terminal","SegmentName":"Unit Phase 2","Status":"proposed","Wiki":"https://www.gem.wiki/Yueyang_LNG_Terminal","ProjectID":"T100000130609","UnitID":"G100001093515","CountriesOrAreas":"China","StartState/Province":"Hunan","StartLocation":"Hunan, China","Owner":"Yueyang Liquefied Natural Gas Co Ltd [100%]","Operator":"","StartYear1":"","FuelType":"LNG","FacilityType":"import","LocationAccuracy":"exact","Capacity":"1","CapacityUnits":"mtpa","CapacityMapScale":23300.0,"Tracker":"GGIT-LNG"}},{"type":"Feature","geometry":{"type":"Point","coordinates":[112.911354,29.577548]},"properties":{"PipelineName":"Yueyang LNG Terminal","SegmentName":"Unit Phase 3","Status":"proposed","Wiki":"https://www.gem.wiki/Yueyang_LNG_Terminal","ProjectID":"T100000130609","UnitID":"G100001093516","CountriesOrAreas":"China","StartState/Province":"Hunan","StartLocation":"Hunan, China","Owner":"Yueyang Liquefied Natural Gas Co Ltd [100%]","Operator":"","StartYear1":"","FuelType":"LNG","FacilityType":"import","LocationAccuracy":"exact","Capacity":"1.5","CapacityUnits":"mtpa","CapacityMapScale":34950.0,"Tracker":"GGIT-LNG"}},{"type":"Feature","geometry":{"type":"Point","coordinates":[112.911354,29.577548]},"properties":{"PipelineName":"Yueyang LNG Terminal","SegmentName":"Unit Phase 1","Status":"construction","Wiki":"https://www.gem.wiki/Yueyang_LNG_Terminal","ProjectID":"T100000130609","UnitID":"G100002060900","CountriesOrAreas":"China","StartState/Province":"Hunan","StartLocation":"Hunan, China","Owner":"Yueyang Liquefied Natural Gas Co Ltd [100%]","Operator":"","StartYear1":"","FuelType":"LNG","FacilityType":"import","LocationAccuracy":"exact","Capacity":"0.5","CapacityUnits":"mtpa","CapacityMapScale":11650.0,"Tracker":"GGIT-LNG"}},{"type":"Feature","geometry":{"type":"Point","coordinates":[120.2054,22.80928]},"properties":{"PipelineName":"Yung-An LNG Terminal","SegmentName":"Unit Phase 2 expansion","Status":"operating","Wiki":"https://www.gem.wiki/Yung-An_LNG_Terminal","ProjectID":"T100000130320","UnitID":"G100001054402","CountriesOrAreas":"Taiwan","StartState/Province":"Kaohsiung","StartLocation":"Kaohsiung, Taiwan","Owner":"CPC Corporation Taiwan [100%]","Operator":"","StartYear1":"1996","FuelType":"LNG","FacilityType":"import","LocationAccuracy":"exact","Capacity":"3","CapacityUnits":"mtpa","CapacityMapScale":69900.0,"Tracker":"GGIT-LNG"}},{"type":"Feature","geometry":{"type":"Point","coordinates":[120.2054,22.80928]},"properties":{"PipelineName":"Yung-An LNG Terminal","SegmentName":"Unit Phase 3 expansion","Status":"operating","Wiki":"https://www.gem.wiki/Yung-An_LNG_Terminal","ProjectID":"T100000130320","UnitID":"G100001054403","CountriesOrAreas":"Taiwan","StartState/Province":"Kaohsiung","StartLocation":"Kaohsiung, Taiwan","Owner":"CPC Corporation Taiwan [100%]","Operator":"","StartYear1":"2000","FuelType":"LNG","FacilityType":"import","LocationAccuracy":"exact","Capacity":"2.94","CapacityUnits":"mtpa","CapacityMapScale":68502.0,"Tracker":"GGIT-LNG"}},{"type":"Feature","geometry":{"type":"Point","coordinates":[120.2054,22.80928]},"properties":{"PipelineName":"Yung-An LNG Terminal","SegmentName":"Unit Phase 4 expansion","Status":"operating","Wiki":"https://www.gem.wiki/Yung-An_LNG_Terminal","ProjectID":"T100000130320","UnitID":"G100001054407","CountriesOrAreas":"Taiwan","StartState/Province":"Kaohsiung","StartLocation":"Kaohsiung, Taiwan","Owner":"CPC Corporation Taiwan [100%]","Operator":"","StartYear1":"2005","FuelType":"LNG","FacilityType":"import","LocationAccuracy":"exact","Capacity":"3.06","CapacityUnits":"mtpa","CapacityMapScale":71298.0,"Tracker":"GGIT-LNG"}},{"type":"Feature","geometry":{"type":"Point","coordinates":[120.2054,22.80928]},"properties":{"PipelineName":"Yung-An LNG Terminal","SegmentName":"Unit Phase 1","Status":"operating","Wiki":"https://www.gem.wiki/Yung-An_LNG_Terminal","ProjectID":"T100000130320","UnitID":"G100002032000","CountriesOrAreas":"Taiwan","StartState/Province":"Kaohsiung","StartLocation":"Kaohsiung, Taiwan","Owner":"CPC Corporation Taiwan [100%]","Operator":"","StartYear1":"1990","FuelType":"LNG","FacilityType":"import","LocationAccuracy":"exact","Capacity":"1.5","CapacityUnits":"mtpa","CapacityMapScale":34950.0,"Tracker":"GGIT-LNG"}},{"type":"Feature","geometry":{"type":"Point","coordinates":[120.2054,22.80928]},"properties":{"PipelineName":"Yung-An LNG Terminal","SegmentName":"Unit Phase 5 expansion","Status":"proposed","Wiki":"https://www.gem.wiki/Yung-An_LNG_Terminal","ProjectID":"T100000130320","UnitID":"G100002032001","CountriesOrAreas":"Taiwan","StartState/Province":"Kaohsiung","StartLocation":"Kaohsiung, Taiwan","Owner":"CPC Corporation Taiwan [100%]","Operator":"","StartYear1":"","FuelType":"LNG","FacilityType":"import","LocationAccuracy":"exact","Capacity":"1.8","CapacityUnits":"mtpa","CapacityMapScale":41940.0,"Tracker":"GGIT-LNG"}},{"type":"Feature","geometry":{"type":"Point","coordinates":[35.3422655,33.508047]},"properties":{"PipelineName":"Zahrani FSRU","SegmentName":"","Status":"cancelled","Wiki":"https://www.gem.wiki/Zahrani_FSRU","ProjectID":"T100000130965","UnitID":"G100002096500","CountriesOrAreas":"Lebanon","StartState/Province":"","StartLocation":"Lebanon","Owner":"Ministry of Energy and Water (Lebanon) [100%]","Operator":"","StartYear1":"","FuelType":"LNG","FacilityType":"import","LocationAccuracy":"approximate","Capacity":"","CapacityUnits":"","CapacityMapScale":"","Tracker":"GGIT-LNG"}},{"type":"Feature","geometry":{"type":"Point","coordinates":[13.79281,45.61239]},"properties":{"PipelineName":"Zaule LNG Terminal","SegmentName":"","Status":"cancelled","Wiki":"https://www.gem.wiki/Zaule_LNG_Terminal","ProjectID":"T100000130484","UnitID":"G100002048400","CountriesOrAreas":"Italy","StartState/Province":"Friuli-Venezia Giulia","StartLocation":"Friuli-Venezia Giulia, Italy","Owner":"","Operator":"Naturgy Energy Group","StartYear1":"","FuelType":"LNG","FacilityType":"import","LocationAccuracy":"exact","Capacity":"8","CapacityUnits":"bcm/y","CapacityMapScale":137004.0,"Tracker":"GGIT-LNG"}},{"type":"Feature","geometry":{"type":"Point","coordinates":[3.22241,51.353]},"properties":{"PipelineName":"Zeebrugge LNG Terminal","SegmentName":"Unit 2008 Expansion","Status":"operating","Wiki":"https://www.gem.wiki/Zeebrugge_LNG_Terminal","ProjectID":"T100000130426","UnitID":"G100001055609","CountriesOrAreas":"Belgium","StartState/Province":"West Flanders","StartLocation":"West Flanders, Belgium","Owner":"Fluxys LNG SA [100%]","Operator":"Fluxys LNG","StartYear1":"2008","FuelType":"LNG","FacilityType":"import","LocationAccuracy":"exact","Capacity":"3.3","CapacityUnits":"mtpa","CapacityMapScale":76890.0,"Tracker":"GGIT-LNG"}},{"type":"Feature","geometry":{"type":"Point","coordinates":[3.22241,51.353]},"properties":{"PipelineName":"Zeebrugge LNG Terminal","SegmentName":"","Status":"operating","Wiki":"https://www.gem.wiki/Zeebrugge_LNG_Terminal","ProjectID":"T100000130426","UnitID":"G100002042600","CountriesOrAreas":"Belgium","StartState/Province":"West Flanders","StartLocation":"West Flanders, Belgium","Owner":"Fluxys LNG SA [100%]","Operator":"Fluxys LNG","StartYear1":"1987","FuelType":"LNG","FacilityType":"import","LocationAccuracy":"exact","Capacity":"3.3","CapacityUnits":"mtpa","CapacityMapScale":76890.0,"Tracker":"GGIT-LNG"}},{"type":"Feature","geometry":{"type":"Point","coordinates":[3.22241,51.353]},"properties":{"PipelineName":"Zeebrugge LNG Terminal","SegmentName":"Unit 2024 Expansion","Status":"operating","Wiki":"https://www.gem.wiki/Zeebrugge_LNG_Terminal","ProjectID":"T100000130426","UnitID":"G100002042601","CountriesOrAreas":"Belgium","StartState/Province":"West Flanders","StartLocation":"West Flanders, Belgium","Owner":"Fluxys LNG SA [100%]","Operator":"Fluxys LNG","StartYear1":"2024","FuelType":"LNG","FacilityType":"import","LocationAccuracy":"exact","Capacity":"4.7","CapacityUnits":"mtpa","CapacityMapScale":109510.0,"Tracker":"GGIT-LNG"}},{"type":"Feature","geometry":{"type":"Point","coordinates":[3.22241,51.353]},"properties":{"PipelineName":"Zeebrugge LNG Terminal","SegmentName":"Unit 2025 Expansion","Status":"operating","Wiki":"https://www.gem.wiki/Zeebrugge_LNG_Terminal","ProjectID":"T100000130426","UnitID":"G100002042602","CountriesOrAreas":"Belgium","StartState/Province":"West Flanders","StartLocation":"West Flanders, Belgium","Owner":"Fluxys LNG SA [100%]","Operator":"Fluxys LNG","StartYear1":"2025","FuelType":"LNG","FacilityType":"import","LocationAccuracy":"exact","Capacity":"2","CapacityUnits":"bcm/y","CapacityMapScale":34251.0,"Tracker":"GGIT-LNG"}},{"type":"Feature","geometry":{"type":"Point","coordinates":[3.22241,51.353]},"properties":{"PipelineName":"Zeebrugge LNG Terminal","SegmentName":"Unit Zeebrugge Multi-molecule Hub","Status":"proposed","Wiki":"https://www.gem.wiki/Zeebrugge_LNG_Terminal","ProjectID":"T100000130426","UnitID":"G100002042603","CountriesOrAreas":"Belgium","StartState/Province":"West Flanders","StartLocation":"West Flanders, Belgium","Owner":"Fluxys LNG SA [100%]","Operator":"Fluxys LNG","StartYear1":"","FuelType":"LH2","FacilityType":"import","LocationAccuracy":"exact","Capacity":"","CapacityUnits":"","CapacityMapScale":"","Tracker":"GGIT-LNG"}},{"type":"Feature","geometry":{"type":"Point","coordinates":[3.7033875,51.435254]},"properties":{"PipelineName":"Zeeland Energy FSRU","SegmentName":"","Status":"proposed","Wiki":"https://www.gem.wiki/Zeeland_Energy_FSRU","ProjectID":"T100000131099","UnitID":"G100002109900","CountriesOrAreas":"Netherlands","StartState/Province":"Zeeland","StartLocation":"Zeeland, Netherlands","Owner":"Hoegh Evi [50%]; VTTI BV [50%]","Operator":"Hoegh Evi; VTTI","StartYear1":"","FuelType":"LNG","FacilityType":"import","LocationAccuracy":"approximate","Capacity":"7.5","CapacityUnits":"bcm/y","CapacityMapScale":128441.2,"Tracker":"GGIT-LNG"}},{"type":"Feature","geometry":{"type":"Point","coordinates":[120.8224608,31.8235022]},"properties":{"PipelineName":"Zhangjiagang LNG Terminal","SegmentName":"","Status":"construction","Wiki":"https://www.gem.wiki/Zhangjiagang_LNG_Terminal","ProjectID":"T100000131150","UnitID":"G100002115000","CountriesOrAreas":"China","StartState/Province":"Jiangsu","StartLocation":"Jiangsu, China","Owner":"Jiangsu Huaxin Yongnan Energy Technology Co Ltd [100%]","Operator":"","StartYear1":"","FuelType":"LNG","FacilityType":"import","LocationAccuracy":"exact","Capacity":"3","CapacityUnits":"mtpa","CapacityMapScale":69900.0,"Tracker":"GGIT-LNG"}},{"type":"Feature","geometry":{"type":"Point","coordinates":[118.1276,24.265361]},"properties":{"PipelineName":"Zhangzhou LNG Terminal","SegmentName":"Unit Phase 1","Status":"operating","Wiki":"https://www.gem.wiki/Zhangzhou_LNG_Terminal","ProjectID":"T100000130419","UnitID":"G100002041900","CountriesOrAreas":"China","StartState/Province":"Fujian","StartLocation":"Fujian, China","Owner":"PipeChina Fujian Investment Natural Gas Co Ltd [100%]","Operator":"","StartYear1":"2024","FuelType":"LNG","FacilityType":"import","LocationAccuracy":"exact","Capacity":"3","CapacityUnits":"mtpa","CapacityMapScale":69900.0,"Tracker":"GGIT-LNG"}},{"type":"Feature","geometry":{"type":"Point","coordinates":[118.063012,24.406885]},"properties":{"PipelineName":"Zhangzhou LNG Terminal (China Energy Reserve)","SegmentName":"","Status":"cancelled","Wiki":"https://www.gem.wiki/Zhangzhou_LNG_Terminal_(China_Energy_Reserve)","ProjectID":"T100000130944","UnitID":"G100002094400","CountriesOrAreas":"China","StartState/Province":"Fujian","StartLocation":"Fujian, China","Owner":"China Energy Reserve and Chemicals Group Co Ltd [100%]","Operator":"","StartYear1":"","FuelType":"LNG","FacilityType":"import","LocationAccuracy":"approximate","Capacity":"3","CapacityUnits":"mtpa","CapacityMapScale":69900.0,"Tracker":"GGIT-LNG"}},{"type":"Feature","geometry":{"type":"Point","coordinates":[122.091771,29.893989]},"properties":{"PipelineName":"Zhejiang Ningbo LNG Terminal","SegmentName":"Unit Phase 1","Status":"operating","Wiki":"https://www.gem.wiki/Zhejiang_Ningbo_LNG_Terminal","ProjectID":"T100000130420","UnitID":"G100002042000","CountriesOrAreas":"China","StartState/Province":"Zhejiang","StartLocation":"Zhejiang, China","Owner":"","Operator":"","StartYear1":"2012","FuelType":"LNG","FacilityType":"import","LocationAccuracy":"exact","Capacity":"3","CapacityUnits":"mtpa","CapacityMapScale":69900.0,"Tracker":"GGIT-LNG"}},{"type":"Feature","geometry":{"type":"Point","coordinates":[122.091771,29.893989]},"properties":{"PipelineName":"Zhejiang Ningbo LNG Terminal","SegmentName":"Unit Phase 2","Status":"operating","Wiki":"https://www.gem.wiki/Zhejiang_Ningbo_LNG_Terminal","ProjectID":"T100000130420","UnitID":"G100002042001","CountriesOrAreas":"China","StartState/Province":"Zhejiang","StartLocation":"Zhejiang, China","Owner":"","Operator":"","StartYear1":"2020","FuelType":"LNG","FacilityType":"import","LocationAccuracy":"exact","Capacity":"3","CapacityUnits":"mtpa","CapacityMapScale":69900.0,"Tracker":"GGIT-LNG"}},{"type":"Feature","geometry":{"type":"Point","coordinates":[122.091771,29.893989]},"properties":{"PipelineName":"Zhejiang Ningbo LNG Terminal","SegmentName":"Unit Phase 3","Status":"construction","Wiki":"https://www.gem.wiki/Zhejiang_Ningbo_LNG_Terminal","ProjectID":"T100000130420","UnitID":"G100002042002","CountriesOrAreas":"China","StartState/Province":"Zhejiang","StartLocation":"Zhejiang, China","Owner":"","Operator":"","StartYear1":"","FuelType":"LNG","FacilityType":"import","LocationAccuracy":"exact","Capacity":"6","CapacityUnits":"mtpa","CapacityMapScale":139800.0,"Tracker":"GGIT-LNG"}},{"type":"Feature","geometry":{"type":"Point","coordinates":[114.153924,21.990644]},"properties":{"PipelineName":"Zhiwan Island LNG Terminal","SegmentName":"Unit Phase 1","Status":"shelved","Wiki":"https://www.gem.wiki/Zhiwan_Island_LNG_Terminal","ProjectID":"T100000130815","UnitID":"G100002081500","CountriesOrAreas":"China","StartState/Province":"Guangdong","StartLocation":"Guangdong, China","Owner":"Macau Natural Gas Co Ltd [100%]","Operator":"","StartYear1":"","FuelType":"LNG","FacilityType":"import","LocationAccuracy":"approximate","Capacity":"5","CapacityUnits":"mtpa","CapacityMapScale":116500.0,"Tracker":"GGIT-LNG"}},{"type":"Feature","geometry":{"type":"Point","coordinates":[120.3136864,22.5190252]},"properties":{"PipelineName":"Zhouji LNG Terminal","SegmentName":"","Status":"proposed","Wiki":"https://www.gem.wiki/Zhouji_LNG_Terminal","ProjectID":"T100000131111","UnitID":"G100002111100","CountriesOrAreas":"Taiwan","StartState/Province":"Kaosiung","StartLocation":"Kaosiung, Taiwan","Owner":"CPC Corporation Taiwan [100%]","Operator":"","StartYear1":"","FuelType":"LNG","FacilityType":"import","LocationAccuracy":"exact","Capacity":"6","CapacityUnits":"mtpa","CapacityMapScale":139800.0,"Tracker":"GGIT-LNG"}},{"type":"Feature","geometry":{"type":"Point","coordinates":[122.282508,30.100617]},"properties":{"PipelineName":"Zhoushan LNG Terminal","SegmentName":"Unit Phase 1","Status":"operating","Wiki":"https://www.gem.wiki/Zhoushan_LNG_Terminal","ProjectID":"T100000130421","UnitID":"G100002042100","CountriesOrAreas":"China","StartState/Province":"Zhejiang","StartLocation":"Zhejiang, China","Owner":"ENN (Zhoushan) LNG Co Ltd [100%]","Operator":"","StartYear1":"2018","FuelType":"LNG","FacilityType":"import","LocationAccuracy":"exact","Capacity":"3","CapacityUnits":"mtpa","CapacityMapScale":69900.0,"Tracker":"GGIT-LNG"}},{"type":"Feature","geometry":{"type":"Point","coordinates":[122.282508,30.100617]},"properties":{"PipelineName":"Zhoushan LNG Terminal","SegmentName":"Unit Phase 2","Status":"operating","Wiki":"https://www.gem.wiki/Zhoushan_LNG_Terminal","ProjectID":"T100000130421","UnitID":"G100002042101","CountriesOrAreas":"China","StartState/Province":"Zhejiang","StartLocation":"Zhejiang, China","Owner":"ENN (Zhoushan) LNG Co Ltd [100%]","Operator":"","StartYear1":"2021","FuelType":"LNG","FacilityType":"import","LocationAccuracy":"exact","Capacity":"2","CapacityUnits":"mtpa","CapacityMapScale":46600.0,"Tracker":"GGIT-LNG"}},{"type":"Feature","geometry":{"type":"Point","coordinates":[122.282508,30.100617]},"properties":{"PipelineName":"Zhoushan LNG Terminal","SegmentName":"Unit Phase 3","Status":"operating","Wiki":"https://www.gem.wiki/Zhoushan_LNG_Terminal","ProjectID":"T100000130421","UnitID":"G100002042102","CountriesOrAreas":"China","StartState/Province":"Zhejiang","StartLocation":"Zhejiang, China","Owner":"ENN (Zhoushan) LNG Co Ltd [100%]","Operator":"","StartYear1":"2025","FuelType":"LNG","FacilityType":"import","LocationAccuracy":"exact","Capacity":"3.5","CapacityUnits":"mtpa","CapacityMapScale":81550.0,"Tracker":"GGIT-LNG"}},{"type":"Feature","geometry":{"type":"Point","coordinates":[113.665254,22.038428]},"properties":{"PipelineName":"Zhuhai Huangmaodao LNG Terminal","SegmentName":"","Status":"cancelled","Wiki":"https://www.gem.wiki/Zhuhai_Huangmaodao_LNG_Terminal","ProjectID":"T100000130422","UnitID":"G100002042200","CountriesOrAreas":"China","StartState/Province":"Guangdong","StartLocation":"Guangdong, China","Owner":"Ningxia Hanas LNG Co Ltd [100%]","Operator":"","StartYear1":"","FuelType":"LNG","FacilityType":"import","LocationAccuracy":"approximate","Capacity":"6","CapacityUnits":"mtpa","CapacityMapScale":139800.0,"Tracker":"GGIT-LNG"}},{"type":"Feature","geometry":{"type":"Point","coordinates":[113.219326,21.90599]},"properties":{"PipelineName":"Zhuhai LNG Terminal","SegmentName":"Unit Phase 1","Status":"operating","Wiki":"https://www.gem.wiki/Zhuhai_LNG_Terminal","ProjectID":"T100000130423","UnitID":"G100002042300","CountriesOrAreas":"China","StartState/Province":"Guangdong","StartLocation":"Guangdong, China","Owner":"Guangdong Zhuhai GOLDEN Bay LNG Ltd [100%]","Operator":"","StartYear1":"2013","FuelType":"LNG","FacilityType":"import","LocationAccuracy":"exact","Capacity":"3.5","CapacityUnits":"mtpa","CapacityMapScale":81550.0,"Tracker":"GGIT-LNG"}},{"type":"Feature","geometry":{"type":"Point","coordinates":[113.219326,21.90599]},"properties":{"PipelineName":"Zhuhai LNG Terminal","SegmentName":"Unit Phase 2","Status":"construction","Wiki":"https://www.gem.wiki/Zhuhai_LNG_Terminal","ProjectID":"T100000130423","UnitID":"G100002042301","CountriesOrAreas":"China","StartState/Province":"Guangdong","StartLocation":"Guangdong, China","Owner":"Guangdong Zhuhai GOLDEN Bay LNG Ltd [100%]","Operator":"","StartYear1":"","FuelType":"LNG","FacilityType":"import","LocationAccuracy":"exact","Capacity":"3.5","CapacityUnits":"mtpa","CapacityMapScale":81550.0,"Tracker":"GGIT-LNG"}}]}